Is_Clean,SHAP_Importance,CART_Trust,Sample_Anomaly
1.0,0.0019553901668304453,0.3960019,0.013041091936510929
1.0,0.6590963442846247,0.86903065,0.013041091936510929
1.0,0.030135990180044158,0.4961231,0.013041091936510929
1.0,0.04253567781211794,0.9317595,0.013041091936510929
1.0,0.20468401839002784,0.93030125,0.013041091936510929
1.0,0.3792815888148225,0.99665594,0.013041091936510929
0.0,0.3269998979631926,0.0066907085,0.013041091936510929
1.0,0.5909914097890353,0.9785574,0.013041091936510929
1.0,0.044394347206164905,0.9587491,0.013041091936510929
1.0,0.023929798761624637,0.98967594,0.013041091936510929
0.0,3.921445516111889,0.11029699,0.013041091936510929
1.0,0.7451105470936368,0.97828555,0.013041091936510929
0.0,0.3563124339521393,0.2924013,0.013041091936510929
0.0,0.43042418498736573,0.17473689,0.013041091936510929
1.0,0.01582627021872053,0.7103287,0.005388852732409188
1.0,0.9157401049337067,0.5178423,0.005388852732409188
1.0,0.2680283299157644,0.43087476,0.005388852732409188
1.0,0.046009311463020564,0.95138943,0.005388852732409188
0.0,0.43669814120298905,0.0998857,0.005388852732409188
1.0,0.03160514863211384,0.99584526,0.005388852732409188
1.0,0.6004894901336103,0.34512493,0.005388852732409188
1.0,0.8475807649887883,0.98640466,0.005388852732409188
0.0,0.16026293715689036,0.24666151,0.005388852732409188
1.0,0.049172947039425326,0.9929249,0.005388852732409188
1.0,0.08832082659394322,0.9545922,0.005388852732409188
0.0,0.5816360375885357,0.009371305,0.005388852732409188
1.0,0.0018464977714340689,0.83354056,0.005388852732409188
1.0,0.043438451509477186,0.9981817,0.005388852732409188
0.0,0.040071088773658545,0.72655314,0.023358715263453678
0.0,0.9367522662821028,0.0023570792,0.023358715263453678
0.0,0.4136435027660816,0.20591208,0.023358715263453678
1.0,0.08873188901737364,0.90687215,0.023358715263453678
1.0,0.02237924144492935,0.66349196,0.023358715263453678
1.0,0.371038217430025,0.11990878,0.023358715263453678
1.0,0.20548240114003097,0.5274455,0.023358715263453678
0.0,1.0769224879236452,0.3288237,0.023358715263453678
0.0,0.17174690498264047,0.02276666,0.023358715263453678
1.0,0.071862361126821,0.5609624,0.023358715263453678
1.0,0.004602488402392236,0.9671793,0.023358715263453678
1.0,0.31312936288302384,0.0633395,0.023358715263453678
1.0,0.16026323422508937,0.8802197,0.023358715263453678
0.0,0.6553916454441142,0.13344719,0.023358715263453678
0.0,0.03911969128915775,0.6644715,-0.06443672293280112
1.0,0.27112061248022373,0.9872601,-0.06443672293280112
1.0,0.262838360675443,0.67186695,-0.06443672293280112
1.0,0.02399136329663876,0.19083636,-0.06443672293280112
1.0,0.05447851242942621,0.9983972,-0.06443672293280112
1.0,0.26283663632253024,0.99399143,-0.06443672293280112
0.0,0.4975442809599528,0.27809736,-0.06443672293280112
1.0,1.2075854551170384,0.9018368,-0.06443672293280112
1.0,0.029245496754330146,0.96399,-0.06443672293280112
0.0,0.0547673309767804,0.0075739217,-0.06443672293280112
1.0,0.18514914005621674,0.9736666,-0.06443672293280112
1.0,0.017504625201522767,0.9903762,-0.06443672293280112
1.0,0.0024755750336172616,0.87426066,-0.06443672293280112
1.0,0.016946636047354465,0.9983399,-0.06443672293280112
1.0,0.06705961512010848,0.384718,-0.10241090048396795
1.0,0.0028314327457778037,0.75320625,-0.10241090048396795
1.0,0.5642515721528664,0.58422893,-0.10241090048396795
1.0,0.14281748931909644,0.9267391,-0.10241090048396795
0.0,0.3411059229276814,0.032318868,-0.10241090048396795
1.0,0.22818830332416043,0.9963076,-0.10241090048396795
1.0,0.05769024641832785,0.778913,-0.10241090048396795
1.0,0.8195265164268618,0.9879265,-0.10241090048396795
1.0,0.03925695338513204,0.97771376,-0.10241090048396795
1.0,0.031182812806256968,0.99431276,-0.10241090048396795
1.0,0.20735136785606792,0.979003,-0.10241090048396795
1.0,0.032234606844373265,0.9877835,-0.10241090048396795
1.0,0.18599895866393878,0.8182658,-0.10241090048396795
1.0,0.05026915384449431,0.99660194,-0.10241090048396795
0.0,0.037819758816174706,0.70512027,0.022090064590802427
1.0,0.06009614240803988,0.9853564,0.022090064590802427
1.0,0.8413665954241378,0.52830887,0.022090064590802427
0.0,0.28963387660118656,0.15778413,0.022090064590802427
1.0,0.0973310588906773,0.9974342,0.022090064590802427
1.0,0.19754880269512426,0.12676585,0.022090064590802427
1.0,0.4407097990063175,0.52488244,0.022090064590802427
1.0,0.7316942228985328,0.7406052,0.022090064590802427
1.0,0.07715237912404582,0.9627181,0.022090064590802427
1.0,0.31713535849952096,0.2632492,0.022090064590802427
1.0,0.743780317313315,0.030901343,0.022090064590802427
0.0,0.30866870276257163,0.0677111,0.022090064590802427
1.0,0.016061080417353213,0.8397059,0.022090064590802427
0.0,0.23980516811859748,0.0063964166,0.022090064590802427
1.0,0.08881385582763437,0.5712037,-0.05490458275041943
1.0,0.2575790287340181,0.9923779,-0.05490458275041943
1.0,0.542514689298309,0.41292676,-0.05490458275041943
1.0,0.023258103569441635,0.93202436,-0.05490458275041943
1.0,0.06596033014017724,0.99834025,-0.05490458275041943
0.0,0.3659403520931071,0.08734478,-0.05490458275041943
1.0,0.15432502840953072,0.43662694,-0.05490458275041943
1.0,1.1006035600907307,0.27384603,-0.05490458275041943
1.0,0.007131094619210491,0.9678315,-0.05490458275041943
0.0,0.14154870629523944,0.07918458,-0.05490458275041943
1.0,0.19765095185819265,0.98835015,-0.05490458275041943
0.0,0.1739769952292279,0.012427407,-0.05490458275041943
1.0,0.06575114977312133,0.86046535,-0.05490458275041943
1.0,0.004029180798256628,0.9982316,-0.05490458275041943
0.0,0.30602062461740515,0.0017371832,0.03937248233427426
0.0,0.6555665630250233,0.081466824,0.03937248233427426
1.0,0.3224958930910599,0.59291285,0.03937248233427426
1.0,0.019091059296936136,0.9414874,0.03937248233427426
1.0,0.10803292004892949,0.2190405,0.03937248233427426
1.0,0.296412600118612,0.6613796,0.03937248233427426
0.0,0.3191742039717642,0.015228728,0.03937248233427426
1.0,1.007791954831852,0.5545371,0.03937248233427426
0.0,0.26706680951258266,0.023738615,0.03937248233427426
0.0,0.0949853089848924,0.3776551,0.03937248233427426
0.0,0.8327022917248244,0.09857882,0.03937248233427426
1.0,0.0642012742761642,0.98742396,0.03937248233427426
1.0,0.07659625765914393,0.8489412,0.03937248233427426
1.0,0.03609124117223339,0.9974356,0.03937248233427426
1.0,0.04603173570993919,0.7041134,-0.04718113331833956
1.0,0.31206928699463526,0.8723428,-0.04718113331833956
1.0,0.13934728370101937,0.685751,-0.04718113331833956
0.0,0.1647046951591243,0.0057587987,-0.04718113331833956
1.0,0.08824932988702429,0.983459,-0.04718113331833956
1.0,0.48562763648528257,0.9099189,-0.04718113331833956
1.0,0.5440902434232163,0.51067793,-0.04718113331833956
1.0,0.6763090451248424,0.8709781,-0.04718113331833956
1.0,0.021541546583805617,0.94576335,-0.04718113331833956
1.0,0.22373177855229087,0.48027554,-0.04718113331833956
1.0,0.05973677859474567,0.98480946,-0.04718113331833956
1.0,0.08966665018036447,0.99132335,-0.04718113331833956
1.0,0.08619751110199103,0.76220685,-0.04718113331833956
1.0,0.011734603745204509,0.99724555,-0.04718113331833956
1.0,0.0020866661293438343,0.74979043,-0.03603600853078931
1.0,0.036774453283678815,0.9952539,-0.03603600853078931
1.0,0.7737759543876378,0.45181578,-0.03603600853078931
1.0,0.05538695376989417,0.9213371,-0.03603600853078931
1.0,0.030237252862036913,0.9985342,-0.03603600853078931
1.0,0.25361111694726024,0.83875823,-0.03603600853078931
0.0,0.6710370378286274,0.042327404,-0.03603600853078931
1.0,0.6398889824865879,0.7871885,-0.03603600853078931
1.0,0.04716108209564976,0.9636137,-0.03603600853078931
1.0,0.10426152529697708,0.5739692,-0.03603600853078931
1.0,0.1302984649657423,0.98327535,-0.03603600853078931
1.0,0.046325220119216526,0.9919791,-0.03603600853078931
1.0,0.6624626178673404,0.0912361,-0.03603600853078931
1.0,0.013145645542963762,0.9982498,-0.03603600853078931
1.0,0.05796242745588889,0.71264136,-0.02688205279134498
0.0,0.6988519846517488,0.014492481,-0.02688205279134498
1.0,0.2592238270581412,0.55397063,-0.02688205279134498
1.0,0.12009301909875084,0.9513246,-0.02688205279134498
1.0,0.10870789882259681,0.72997123,-0.02688205279134498
1.0,0.5054037297611718,0.8608944,-0.02688205279134498
1.0,0.2237105464451569,0.7221148,-0.02688205279134498
0.0,0.8774791286580123,0.2612106,-0.02688205279134498
0.0,0.13528339933910027,0.025565535,-0.02688205279134498
1.0,0.20532386032237607,0.6012105,-0.02688205279134498
1.0,0.19944561569671376,0.98377556,-0.02688205279134498
1.0,0.10963890623757193,0.9899983,-0.02688205279134498
1.0,0.07304388668622427,0.83528185,-0.02688205279134498
1.0,0.02421809937536972,0.9974318,-0.02688205279134498
1.0,0.012221577213451228,0.6667566,0.007637171177546476
1.0,0.5122329067357366,0.7504314,0.007637171177546476
1.0,0.23846529500850427,0.5962044,0.007637171177546476
1.0,0.04257460910120957,0.9613144,0.007637171177546476
1.0,0.3055970175383287,0.80467737,0.007637171177546476
1.0,0.3584679564723879,0.99250424,0.007637171177546476
0.0,0.010973732430284627,0.34330374,0.007637171177546476
1.0,0.9784980609448728,0.94202435,0.007637171177546476
0.0,0.23580371557648624,0.03237491,0.007637171177546476
1.0,0.04078647590824145,0.97644717,0.007637171177546476
1.0,0.19259496299565299,0.98105377,0.007637171177546476
1.0,0.00259934467028753,0.9919527,0.007637171177546476
1.0,0.43963776851092384,0.20317283,0.007637171177546476
0.0,0.1948751174454591,0.045719996,0.007637171177546476
1.0,0.0464019296977398,0.4361153,-0.06543973541478182
1.0,0.6747031617401541,0.9939965,-0.06543973541478182
1.0,1.3370886587871598,0.92012477,-0.06543973541478182
1.0,0.01250610502587264,0.9532645,-0.06543973541478182
1.0,0.026158778772271747,0.9968315,-0.06543973541478182
1.0,0.4778533373193558,0.9866217,-0.06543973541478182
1.0,0.35443404013486857,0.75466686,-0.06543973541478182
1.0,0.7291443501524335,0.88998055,-0.06543973541478182
1.0,0.008392211605620377,0.9664456,-0.06543973541478182
1.0,0.15705123018946435,0.50144863,-0.06543973541478182
1.0,0.051744938148572464,0.9869156,-0.06543973541478182
1.0,0.19391324668038581,0.98713744,-0.06543973541478182
1.0,0.7747863501700465,0.48865846,-0.06543973541478182
1.0,0.00170449058230005,0.99644417,-0.06543973541478182
0.0,0.3377445301464931,0.00092621666,-0.030490135385641604
1.0,0.3093965253329808,0.99577856,-0.030490135385641604
1.0,0.2363370736521809,0.3481172,-0.030490135385641604
1.0,0.072123826279629,0.9352206,-0.030490135385641604
1.0,0.059616559406151355,0.9911349,-0.030490135385641604
1.0,0.21201829754517215,0.58151364,-0.030490135385641604
1.0,0.8795194982309793,0.63416123,-0.030490135385641604
0.0,0.8631902293209773,0.08274606,-0.030490135385641604
1.0,0.032274314440921034,0.96466064,-0.030490135385641604
1.0,0.039569998075588975,0.5044509,-0.030490135385641604
0.0,0.6503997158777816,0.03478121,-0.030490135385641604
1.0,0.01631402418805792,0.9914404,-0.030490135385641604
1.0,0.6438158444309247,0.46707067,-0.030490135385641604
1.0,0.01775778502948506,0.9985228,-0.030490135385641604
1.0,0.0357720018993719,0.65247434,0.07523747836071848
0.0,0.7941966305478212,0.4584009,0.07523747836071848
1.0,0.2057966499955762,0.5808458,0.07523747836071848
1.0,0.18914314035802746,0.5355426,0.07523747836071848
1.0,0.2904230622853935,0.20329963,0.07523747836071848
1.0,0.3544355210165358,0.9958067,0.07523747836071848
1.0,0.47816452965397876,0.62877405,0.07523747836071848
1.0,1.0094139787715846,0.8536597,0.07523747836071848
0.0,0.11023657254663548,0.2339154,0.07523747836071848
0.0,0.08006988102145852,0.009191391,0.07523747836071848
1.0,1.1152700701072484,0.16025975,0.07523747836071848
0.0,0.38198107601012066,0.013042801,0.07523747836071848
1.0,0.49260129415542214,0.24172947,0.07523747836071848
1.0,0.23441758163648696,0.54927236,0.07523747836071848
1.0,0.03864236583928862,0.35729828,0.022002527054332255
0.0,0.46076561057682713,0.07547712,0.022002527054332255
1.0,0.47687552683690865,0.5162481,0.022002527054332255
1.0,0.07285605322246379,0.4705699,0.022002527054332255
1.0,0.07770430630723583,0.6619133,0.022002527054332255
1.0,0.4261669500151548,0.99462897,0.022002527054332255
0.0,0.6313724572710521,0.009026756,0.022002527054332255
1.0,0.7401614086076972,0.9804027,0.022002527054332255
1.0,0.026571385354994047,0.95276815,0.022002527054332255
1.0,0.0039436124004628105,0.98462576,0.022002527054332255
1.0,0.16740171317600805,0.9635567,0.022002527054332255
1.0,0.07288262429377274,0.9852691,0.022002527054332255
1.0,0.6928267690522649,0.116431676,0.022002527054332255
0.0,0.11135143088842629,0.030896429,0.022002527054332255
0.0,0.04351749054126021,0.0015944344,0.04467872602544254
1.0,0.5781750374757567,0.9184721,0.04467872602544254
0.0,0.30703292971609664,0.34171897,0.04467872602544254
1.0,0.34082382396916466,0.18334843,0.04467872602544254
1.0,0.08271491908976834,0.99820673,0.04467872602544254
1.0,0.42265397255423726,0.8485293,0.04467872602544254
0.0,0.648940743190192,0.21569256,0.04467872602544254
0.0,0.6207154565384013,0.029774582,0.04467872602544254
1.0,0.06402437179576863,0.95978606,0.04467872602544254
1.0,0.028323684346131035,0.72508645,0.04467872602544254
1.0,0.351739322087029,0.9507173,0.04467872602544254
0.0,1.3124732571243019,0.04277755,0.04467872602544254
1.0,0.5862453775950416,0.21013649,0.04467872602544254
1.0,0.030490979234376728,0.9955575,0.04467872602544254
1.0,0.01686725558677451,0.72795063,-0.05070639902657431
1.0,0.26809706141571304,0.9932198,-0.05070639902657431
1.0,0.33492222349589407,0.31743866,-0.05070639902657431
1.0,0.04463471195866407,0.9262514,-0.05070639902657431
1.0,0.05287612876574736,0.9981565,-0.05070639902657431
1.0,0.07295751137529352,0.99131423,-0.05070639902657431
1.0,0.5743838320207367,0.36551046,-0.05070639902657431
1.0,1.100815374005254,0.86863214,-0.05070639902657431
1.0,0.0380178538480817,0.9678476,-0.05070639902657431
0.0,0.1352853862091109,0.012633648,-0.05070639902657431
1.0,0.14576022139901046,0.9843833,-0.05070639902657431
0.0,0.12979500595308882,0.013823276,-0.05070639902657431
0.0,0.38020211073565824,0.25720417,-0.05070639902657431
1.0,0.04349378471333927,0.998412,-0.05070639902657431
1.0,0.011312110438427246,0.69092363,-0.059542504466519486
0.0,0.5946373514050698,0.049508642,-0.059542504466519486
1.0,0.7497951828235097,0.5035244,-0.059542504466519486
1.0,0.08769373156451009,0.88407785,-0.059542504466519486
0.0,0.23654970589100688,0.5054517,-0.059542504466519486
1.0,0.053575358476616826,0.23833808,-0.059542504466519486
1.0,0.31156435265048965,0.8165885,-0.059542504466519486
1.0,0.6344302756314961,0.7178127,-0.059542504466519486
1.0,0.057965788203403645,0.97205377,-0.059542504466519486
1.0,0.17645106325560495,0.3603833,-0.059542504466519486
1.0,0.1340615896711549,0.9623007,-0.059542504466519486
1.0,0.03413889355736492,0.9870919,-0.059542504466519486
1.0,0.59437969456564,0.32643202,-0.059542504466519486
1.0,0.015600041691355027,0.99691737,-0.059542504466519486
1.0,0.08253197138937911,0.73016864,0.02784768447360253
1.0,0.6640744936134232,0.91102916,0.02784768447360253
1.0,0.5058503423829681,0.51278955,0.02784768447360253
0.0,0.0934891479264795,0.4488563,0.02784768447360253
1.0,0.17657267202241106,0.97339547,0.02784768447360253
1.0,0.40389116444937473,0.9741002,0.02784768447360253
1.0,0.640604992918104,0.8624461,0.02784768447360253
0.0,1.0073982112686382,0.16127497,0.02784768447360253
1.0,0.05273571607504647,0.9485429,0.02784768447360253
1.0,0.03314711893585656,0.43817982,0.02784768447360253
1.0,0.23128299316214082,0.92778397,0.02784768447360253
0.0,1.2526335488354572,0.17933135,0.02784768447360253
1.0,0.22340516431696666,0.7033022,0.02784768447360253
0.0,0.05113996140562282,0.056594286,0.02784768447360253
0.0,0.05172078286809909,0.73609823,-0.00606503367271799
1.0,0.5799280193153653,0.9673274,-0.00606503367271799
0.0,0.16116671137831678,0.70366997,-0.00606503367271799
1.0,0.06046229604683864,0.94617736,-0.00606503367271799
1.0,0.1886119456760491,0.99716383,-0.00606503367271799
1.0,0.39061198836023725,0.91741544,-0.00606503367271799
0.0,0.1119862648537362,0.40346333,-0.00606503367271799
1.0,0.7755857983503177,0.9015027,-0.00606503367271799
1.0,0.05649990706929267,0.9464068,-0.00606503367271799
1.0,0.13251895293709756,0.37621197,-0.00606503367271799
0.0,0.8498136161220569,0.104425736,-0.00606503367271799
1.0,0.14665401837205563,0.99187636,-0.00606503367271799
1.0,0.02767143642363801,0.83958244,-0.00606503367271799
1.0,0.10506007092604626,0.09458992,-0.00606503367271799
0.0,0.06125655804656965,0.53409946,0.03470878932630084
1.0,0.7044523012835813,0.6596868,0.03470878932630084
1.0,0.6211427261435418,0.6287817,0.03470878932630084
1.0,0.321573805535703,0.24554014,0.03470878932630084
0.0,0.26053651586055104,0.033682346,0.03470878932630084
1.0,0.3345505196293292,0.8700038,0.03470878932630084
1.0,0.48204802893944637,0.699816,0.03470878932630084
1.0,1.0105875967381954,0.8150497,0.03470878932630084
1.0,0.0023237455266617415,0.9499991,0.03470878932630084
1.0,0.2055020926844628,0.67114943,0.03470878932630084
1.0,0.9658366687935503,0.031374898,0.03470878932630084
1.0,0.05768685520309899,0.98621225,0.03470878932630084
1.0,0.0733581675284984,0.8587137,0.03470878932630084
1.0,0.009969672098254667,0.9958759,0.03470878932630084
1.0,0.14333280785469887,0.55697876,0.02206782411926289
1.0,0.5307719209051514,0.7015415,0.02206782411926289
1.0,0.38583485471839335,0.057465445,0.02206782411926289
1.0,0.135075912425071,0.9593919,0.02206782411926289
1.0,0.2651967707931226,0.84106284,0.02206782411926289
1.0,0.4387785312005071,0.852698,0.02206782411926289
1.0,0.632055683425367,0.6576546,0.02206782411926289
1.0,0.8206655651023353,0.5780261,0.02206782411926289
1.0,0.043708805866641436,0.9215335,0.02206782411926289
1.0,0.15639082688822026,0.40292004,0.02206782411926289
0.0,0.9303328709298523,0.036335032,0.02206782411926289
1.0,0.02557066184536839,0.9912875,0.02206782411926289
0.0,0.6391241936480179,0.12055057,0.02206782411926289
0.0,0.36155450935219496,0.027170694,0.02206782411926289
1.0,0.037464445413486244,0.68528336,-0.0014731520402237464
1.0,0.7241512757831801,0.6996837,-0.0014731520402237464
1.0,0.5199407562069067,0.37461472,-0.0014731520402237464
1.0,0.09507389649895821,0.22901663,-0.0014731520402237464
0.0,0.22907826210266055,0.049690172,-0.0014731520402237464
1.0,0.3222671591377285,0.8993372,-0.0014731520402237464
1.0,0.5291868612299068,0.75691295,-0.0014731520402237464
1.0,0.9556885404153951,0.6205182,-0.0014731520402237464
0.0,0.25171381506930735,0.02034309,-0.0014731520402237464
1.0,0.11764062765555777,0.6288158,-0.0014731520402237464
1.0,0.11675914987973246,0.98105663,-0.0014731520402237464
1.0,0.14971977612695986,0.9818648,-0.0014731520402237464
1.0,0.001730949263358374,0.7446793,-0.0014731520402237464
1.0,0.020920865420546747,0.99507195,-0.0014731520402237464
1.0,0.15672416325062147,0.37003553,0.0024634182043878905
0.0,0.3679635576299582,0.32234,0.0024634182043878905
1.0,1.2491425518304666,0.8949577,0.0024634182043878905
1.0,0.18752232669679308,0.9718069,0.0024634182043878905
1.0,0.21864083643785248,0.04812361,0.0024634182043878905
1.0,0.5043666173229692,0.96185744,0.0024634182043878905
1.0,0.5397350827918561,0.7293516,0.0024634182043878905
1.0,0.6656243018040059,0.2136829,0.0024634182043878905
0.0,0.3247220208214731,0.06867937,0.0024634182043878905
1.0,0.15068489895413037,0.41243866,0.0024634182043878905
1.0,0.252567509662327,0.98350656,0.0024634182043878905
1.0,0.16970824487723354,0.9924378,0.0024634182043878905
1.0,0.744781328003792,0.621342,0.0024634182043878905
1.0,0.20595180668361993,0.3571572,0.0024634182043878905
1.0,0.034727137908262075,0.65241903,-0.013119630902995227
1.0,0.625899150689724,0.99544036,-0.013119630902995227
0.0,0.6254731361395333,0.5644685,-0.013119630902995227
1.0,0.10713329311921202,0.5043114,-0.013119630902995227
1.0,0.012557549296292886,0.9955373,-0.013119630902995227
0.0,0.2212125271070823,0.261591,-0.013119630902995227
1.0,0.13865170701277477,0.81947654,-0.013119630902995227
1.0,0.7441152639043995,0.81180936,-0.013119630902995227
1.0,0.21863516420808302,0.2812288,-0.013119630902995227
1.0,0.16234636061628932,0.62881714,-0.013119630902995227
1.0,0.09526782021187838,0.97336143,-0.013119630902995227
1.0,0.12227419420758094,0.9885146,-0.013119630902995227
0.0,0.6711944415708524,0.18842341,-0.013119630902995227
1.0,0.003252718550085595,0.9974255,-0.013119630902995227
1.0,0.1633729554420713,0.59050566,-0.018301275437801856
1.0,0.8272338632468454,0.864783,-0.018301275437801856
0.0,0.20335878765550547,0.36010626,-0.018301275437801856
1.0,0.5612911359178481,0.3529166,-0.018301275437801856
1.0,0.32816591537557266,0.9469054,-0.018301275437801856
1.0,0.3915179800287802,0.99520856,-0.018301275437801856
1.0,0.5659574699483095,0.9168317,-0.018301275437801856
1.0,0.8180615700649511,0.97860295,-0.018301275437801856
1.0,0.07149153514602988,0.9588739,-0.018301275437801856
1.0,0.0015400058838477757,0.982898,-0.018301275437801856
1.0,0.43414701644956366,0.8664542,-0.018301275437801856
0.0,1.2442107509517553,0.4231096,-0.018301275437801856
1.0,0.2619859079875642,0.69650406,-0.018301275437801856
0.0,0.5241642038310477,0.027606558,-0.018301275437801856
1.0,0.033639684642916626,0.68860275,-0.08422469750530837
1.0,0.31438414351480853,0.9910238,-0.08422469750530837
1.0,0.8410429051448335,0.41559976,-0.08422469750530837
1.0,0.027196946563934985,0.93707395,-0.08422469750530837
1.0,0.04836308094125246,0.99833965,-0.08422469750530837
0.0,0.13697797407780368,0.27200183,-0.08422469750530837
1.0,0.012916477383398635,0.7317717,-0.08422469750530837
1.0,0.8900626430908025,0.0880024,-0.08422469750530837
1.0,0.04203812814356788,0.96595395,-0.08422469750530837
1.0,0.1350333462403245,0.87810344,-0.08422469750530837
1.0,0.19000915438595634,0.9856882,-0.08422469750530837
1.0,0.012959365638661798,0.9914419,-0.08422469750530837
1.0,0.6778984779693477,0.36724114,-0.08422469750530837
1.0,0.0311302000519307,0.9983171,-0.08422469750530837
0.0,0.18831190737340667,0.34003755,0.009733157503570067
0.0,0.8473034047087995,0.0033887315,0.009733157503570067
1.0,0.8203953648276979,0.4722206,0.009733157503570067
1.0,0.030803960850757494,0.49211794,0.009733157503570067
1.0,0.23161512164561648,0.6587114,0.009733157503570067
1.0,0.2873830251693797,0.79360455,0.009733157503570067
1.0,0.20603463528921678,0.86265993,0.009733157503570067
1.0,0.6556339430948884,0.8257286,0.009733157503570067
0.0,0.05551769415399542,0.054343224,0.009733157503570067
1.0,0.17750123393791795,0.38590613,0.009733157503570067
1.0,0.01149226369379608,0.9435204,0.009733157503570067
1.0,0.040211962507235584,0.9820857,0.009733157503570067
1.0,0.5934026295390706,0.43503276,0.009733157503570067
1.0,0.03380449516170486,0.99591595,0.009733157503570067
0.0,0.023942665323857987,0.046055056,-0.03227994179029903
1.0,0.28372496856502427,0.99003357,-0.03227994179029903
1.0,0.5258745411010495,0.6213441,-0.03227994179029903
1.0,0.10990204639580287,0.48308674,-0.03227994179029903
1.0,0.0567446639934645,0.9981787,-0.03227994179029903
1.0,0.38189765634219835,0.9931211,-0.03227994179029903
1.0,0.17112108384508512,0.5760951,-0.03227994179029903
1.0,0.8170347219925121,0.903946,-0.03227994179029903
1.0,0.01908506342298649,0.97162646,-0.03227994179029903
0.0,0.08384398341755049,0.0039823023,-0.03227994179029903
1.0,0.17032220573610884,0.9559455,-0.03227994179029903
1.0,0.01984084552339506,0.98875415,-0.03227994179029903
1.0,0.32439672485834875,0.45589483,-0.03227994179029903
1.0,0.012420107713123681,0.9981704,-0.03227994179029903
1.0,0.01152523644280411,0.70765203,0.003618352512289813
1.0,0.5078815171273339,0.9198607,0.003618352512289813
1.0,0.5451164007780217,0.51279616,0.003618352512289813
1.0,0.12904459036596247,0.8413559,0.003618352512289813
1.0,0.29698715357898275,0.9601613,0.003618352512289813
1.0,0.32831418497434256,0.99463636,0.003618352512289813
1.0,0.11709130380091967,0.7464949,0.003618352512289813
1.0,0.7268580035196952,0.9876792,0.003618352512289813
1.0,0.07865501678498553,0.9586378,0.003618352512289813
1.0,0.028817439765876442,0.99135613,0.003618352512289813
0.0,0.8828293219780738,0.16071177,0.003618352512289813
1.0,0.2636523796199375,0.96341074,0.003618352512289813
1.0,0.4394313499603064,0.65733784,0.003618352512289813
0.0,0.4244039446110616,0.015192681,0.003618352512289813
1.0,0.0037107307026535536,0.5696186,-0.03184723181869514
1.0,0.2606801268680057,0.98898435,-0.03184723181869514
1.0,1.0827187338371689,0.46617094,-0.03184723181869514
0.0,0.5437530633177239,0.08319455,-0.03184723181869514
1.0,0.09180690095951172,0.99861085,-0.03184723181869514
1.0,0.274087990229082,0.7361852,-0.03184723181869514
1.0,0.07116462963203489,0.6006196,-0.03184723181869514
0.0,1.4507509967559078,0.19066577,-0.03184723181869514
1.0,0.2611647732908502,0.27961046,-0.03184723181869514
0.0,0.06342054817775238,0.5390835,-0.03184723181869514
1.0,0.20049482261344692,0.97247803,-0.03184723181869514
1.0,0.08788210584251749,0.99473035,-0.03184723181869514
1.0,0.7046026181484785,0.4523297,-0.03184723181869514
0.0,0.41637845743124197,0.12522821,-0.03184723181869514
1.0,0.021838304211712636,0.59235513,0.0015424214584995877
1.0,0.09022263552353343,0.9910534,0.0015424214584995877
0.0,0.1722824943625348,0.44349557,0.0015424214584995877
0.0,0.3645540041655102,0.24782044,0.0015424214584995877
1.0,0.029831712400931028,0.99600935,0.0015424214584995877
1.0,0.5534614974312471,0.9947866,0.0015424214584995877
1.0,7.820886761731281e-05,0.4031379,0.0015424214584995877
1.0,0.9037896157832209,0.9600063,0.0015424214584995877
1.0,0.14898022945200096,0.16887562,0.0015424214584995877
1.0,0.03196493948728381,0.9727668,0.0015424214584995877
1.0,0.14607923798042183,0.9469481,0.0015424214584995877
1.0,1.0803643482022678,0.14635298,0.0015424214584995877
0.0,0.2763482422843051,0.23317721,0.0015424214584995877
1.0,0.0795762410664699,0.99804115,0.0015424214584995877
0.0,0.254623535864144,0.0032966894,0.08324664453905739
1.0,0.5349924766213349,0.7145534,0.08324664453905739
1.0,0.5519813313021086,0.43571404,0.08324664453905739
1.0,0.08500119973048004,0.91333854,0.08324664453905739
1.0,0.3677020236872812,0.756395,0.08324664453905739
1.0,0.1205086914679373,0.99221206,0.08324664453905739
1.0,0.13421170901688048,0.52337116,0.08324664453905739
1.0,0.9538363693234198,0.9207597,0.08324664453905739
0.0,0.1975860873110076,0.013951111,0.08324664453905739
0.0,0.12399750950258548,0.007272348,0.08324664453905739
1.0,0.16683640631179592,0.9812936,0.08324664453905739
1.0,0.0021557949905042714,0.9894526,0.08324664453905739
1.0,0.5170324397301729,0.20465738,0.08324664453905739
1.0,0.003069363630438423,0.998078,0.08324664453905739
0.0,0.04348832578878286,0.06845935,0.004516641791670217
1.0,0.03057610340471938,0.6867784,0.004516641791670217
1.0,0.6172393964624464,0.584099,0.004516641791670217
1.0,0.11718809404293877,0.91549164,0.004516641791670217
0.0,0.2830273573232172,0.039135944,0.004516641791670217
1.0,0.5160398360312874,0.9938207,0.004516641791670217
1.0,0.5440325339662426,0.286279,0.004516641791670217
1.0,1.0421414779322957,0.97626674,0.004516641791670217
1.0,0.055680281155275464,0.9576746,0.004516641791670217
1.0,0.03144902452180667,0.9851577,0.004516641791670217
1.0,0.1196963782739209,0.9738975,0.004516641791670217
0.0,0.6843031572878328,0.097259514,0.004516641791670217
1.0,0.12329536132405622,0.862451,0.004516641791670217
0.0,0.14249761637308148,0.055605374,0.004516641791670217
1.0,0.05883586468296902,0.6448498,-0.056610320041587114
0.0,0.9023508153010023,0.68105465,-0.056610320041587114
1.0,0.37951632528820967,0.46564242,-0.056610320041587114
1.0,0.04682312335455789,0.97391903,-0.056610320041587114
1.0,0.33352241343045175,0.6872735,-0.056610320041587114
1.0,0.09375980958814431,0.994341,-0.056610320041587114
1.0,0.38173931545151774,0.6322734,-0.056610320041587114
1.0,0.8032951311820885,0.9775637,-0.056610320041587114
1.0,0.04861726985035804,0.9448697,-0.056610320041587114
1.0,0.025857392419296334,0.9890408,-0.056610320041587114
1.0,0.17584442541236775,0.9633482,-0.056610320041587114
1.0,0.05596453443304576,0.9912236,-0.056610320041587114
1.0,0.06328657872566086,0.88466346,-0.056610320041587114
1.0,0.5455589763559004,0.76308936,-0.056610320041587114
0.0,0.10669873992073632,0.0006034154,0.010310521815230178
1.0,0.050603590200298004,0.98438096,0.010310521815230178
1.0,0.4499455751979807,0.35599658,0.010310521815230178
1.0,0.11666260974855176,0.907097,0.010310521815230178
1.0,0.0827293751088857,0.9966453,0.010310521815230178
1.0,0.21750939905635613,0.56514436,0.010310521815230178
0.0,0.9673667139455726,0.036882322,0.010310521815230178
1.0,0.5483897282754229,0.75851566,0.010310521815230178
1.0,0.01761111115501744,0.9614141,0.010310521815230178
1.0,0.21363017311904914,0.6751531,0.010310521815230178
1.0,0.21507034657746765,0.98472947,0.010310521815230178
0.0,0.0058930695538376415,0.01915334,0.010310521815230178
0.0,0.001749492960789063,0.8038144,0.010310521815230178
1.0,0.011524635148561889,0.9984989,0.010310521815230178
1.0,0.04576276301280248,0.35695833,0.014209255464107895
1.0,0.29503280168093654,0.9820226,0.014209255464107895
1.0,0.2974467917835437,0.3557337,0.014209255464107895
1.0,0.07237696516692901,0.9226392,0.014209255464107895
1.0,0.048190504915944204,0.9983473,0.014209255464107895
1.0,0.5585146087158085,0.94314563,0.014209255464107895
0.0,0.06282278976487501,0.6899875,0.014209255464107895
1.0,1.2061083980547995,0.606802,0.014209255464107895
1.0,0.15484418568378164,0.41466662,0.014209255464107895
1.0,0.056007229520755694,0.83522505,0.014209255464107895
1.0,0.038159189970391166,0.970042,0.014209255464107895
0.0,0.657708244417291,0.038570285,0.014209255464107895
1.0,0.15009181588287077,0.8568472,0.014209255464107895
1.0,0.04086774198632512,0.9986792,0.014209255464107895
1.0,0.4009687859811268,0.598183,-0.06792961435328876
0.0,0.510653101907628,0.720588,-0.06792961435328876
1.0,0.378479918636595,0.6040448,-0.06792961435328876
1.0,0.27892002724638465,0.2455819,-0.06792961435328876
1.0,0.03522655933321843,0.048202023,-0.06792961435328876
1.0,0.4687519244995626,0.99128765,-0.06792961435328876
0.0,0.4781173451393386,0.7984571,-0.06792961435328876
1.0,0.9908541982906682,0.8242676,-0.06792961435328876
1.0,0.022791482135369245,0.9810333,-0.06792961435328876
0.0,0.032712257968697825,0.010638007,-0.06792961435328876
1.0,0.12261121341298309,0.9563938,-0.06792961435328876
1.0,0.01749232626649562,0.9812773,-0.06792961435328876
0.0,0.5456058283723475,0.23466481,-0.06792961435328876
1.0,0.0016984328665683975,0.99666566,-0.06792961435328876
1.0,0.02016892479168131,0.384827,0.07865742705404688
0.0,0.5438671774874392,0.29413834,0.07865742705404688
1.0,1.310107565562425,0.934289,0.07865742705404688
1.0,0.10178181840123793,0.9835888,0.07865742705404688
0.0,0.1525763337007873,0.015132768,0.07865742705404688
1.0,0.484706931078543,0.9904344,0.07865742705404688
0.0,0.12312175441149492,0.47745204,0.07865742705404688
1.0,0.7828528735391641,0.93101305,0.07865742705404688
1.0,0.12230821950065458,0.94306123,0.07865742705404688
0.0,0.1761369247587204,0.3693201,0.07865742705404688
0.0,0.7483800607650946,0.036337532,0.07865742705404688
0.0,0.21203229523477898,0.023800267,0.07865742705404688
1.0,0.9519021558135212,0.6141513,0.07865742705404688
0.0,0.0836508040980264,0.13458739,0.07865742705404688
1.0,0.0006114007328017484,0.6851343,0.027228662776103585
1.0,0.4267634689950686,0.9905172,0.027228662776103585
1.0,0.4545408875665185,0.6336329,0.027228662776103585
1.0,0.007708794651517232,0.47405148,0.027228662776103585
1.0,0.11205452302777673,0.9975842,0.027228662776103585
0.0,0.6245020506333544,0.030553712,0.027228662776103585
1.0,0.5484400283542334,0.7341295,0.027228662776103585
0.0,0.14284307242235683,0.6721489,0.027228662776103585
1.0,0.05313319215749861,0.9576272,0.027228662776103585
0.0,0.0019220842171428724,0.5594146,0.027228662776103585
0.0,4.57467522215729,0.034838416,0.027228662776103585
1.0,0.9713635850552544,0.99128014,0.027228662776103585
1.0,0.4065825290617831,0.41519597,0.027228662776103585
1.0,0.005104061320307799,0.9985122,0.027228662776103585
1.0,0.02211888330858458,0.7054128,-0.1018412832061657
0.0,0.8518618913577186,0.013719487,-0.1018412832061657
1.0,0.5770160030488108,0.5701758,-0.1018412832061657
1.0,0.04381214347691477,0.9512865,-0.1018412832061657
1.0,0.03139983548480898,0.5958238,-0.1018412832061657
1.0,0.303285229434494,0.661347,-0.1018412832061657
1.0,0.43972995021259287,0.3853024,-0.1018412832061657
0.0,0.6623600460581043,0.04567743,-0.1018412832061657
1.0,0.055551835498842024,0.9546008,-0.1018412832061657
1.0,0.02591930187790012,0.8806137,-0.1018412832061657
1.0,0.07244299110741814,0.97213686,-0.1018412832061657
1.0,0.05448677639517251,0.9858078,-0.1018412832061657
1.0,0.045466227931435045,0.86163086,-0.1018412832061657
1.0,0.0416412061972653,0.99712676,-0.1018412832061657
1.0,0.030142611242052152,0.6402962,-0.07175621973906499
1.0,0.5094747189245318,0.7980323,-0.07175621973906499
1.0,0.2798417386796999,0.71055937,-0.07175621973906499
1.0,0.03598853090441854,0.9616108,-0.07175621973906499
1.0,0.32118895971368905,0.8355405,-0.07175621973906499
1.0,0.19339846282699,0.99641454,-0.07175621973906499
1.0,0.022394864542720928,0.8010809,-0.07175621973906499
1.0,0.9906081756516637,0.9865574,-0.07175621973906499
1.0,0.051973260651582226,0.97768515,-0.07175621973906499
1.0,0.032761103986230916,0.994396,-0.07175621973906499
1.0,0.18063034515234858,0.98345447,-0.07175621973906499
1.0,0.013998764073897479,0.9904975,-0.07175621973906499
1.0,0.04783442038952668,0.89088416,-0.07175621973906499
1.0,0.035533915172170395,0.9982175,-0.07175621973906499
1.0,0.06012353316330464,0.75503165,0.0926037569101148
1.0,0.6185177296062732,0.9122203,0.0926037569101148
1.0,0.6350014737715434,0.66107893,0.0926037569101148
1.0,0.015819594005997105,0.4963429,0.0926037569101148
1.0,0.3204595545395306,0.9428398,0.0926037569101148
1.0,0.29034224097527256,0.8312165,0.0926037569101148
1.0,0.28324791349464334,0.91493726,0.0926037569101148
1.0,0.49900881866862634,0.4663679,0.0926037569101148
0.0,0.08623357636295219,0.018675592,0.0926037569101148
0.0,0.07349968509912536,0.40623066,0.0926037569101148
0.0,3.7894022746785994,0.39961582,0.0926037569101148
0.0,0.12162803053683657,0.09097135,0.0926037569101148
1.0,0.45372739463859263,0.39082265,0.0926037569101148
1.0,0.03587401703367607,0.99656785,0.0926037569101148
1.0,0.04015806207257742,0.6116834,-0.08753449855681528
1.0,0.6073578610280258,0.9802453,-0.08753449855681528
0.0,0.666419674143591,0.4344606,-0.08753449855681528
1.0,0.01767003458836049,0.93609315,-0.08753449855681528
1.0,0.13254142102575903,0.99699736,-0.08753449855681528
1.0,0.42999856123801117,0.8322005,-0.08753449855681528
1.0,0.2250518823861491,0.7909982,-0.08753449855681528
1.0,0.6864459347972214,0.8732897,-0.08753449855681528
1.0,0.048665752230976946,0.9419723,-0.08753449855681528
1.0,0.18954083651329703,0.6159774,-0.08753449855681528
1.0,0.08198491941261489,0.9842674,-0.08753449855681528
1.0,0.08017889527976514,0.98994106,-0.08753449855681528
1.0,0.018942941306122722,0.8538637,-0.08753449855681528
1.0,0.006042968447395772,0.9973482,-0.08753449855681528
0.0,0.09768729485947558,0.5798321,0.1214496715052642
1.0,0.5931134284151591,0.55071735,0.1214496715052642
1.0,0.5054569764109084,0.4558578,0.1214496715052642
1.0,0.13398166148511695,0.9122257,0.1214496715052642
1.0,0.3257320109203897,0.71014816,0.1214496715052642
1.0,0.3460764895571871,0.9872859,0.1214496715052642
1.0,0.2189289193824982,0.61718374,0.1214496715052642
1.0,0.7613120980332442,0.8907556,0.1214496715052642
0.0,0.2843816948361454,0.019199021,0.1214496715052642
0.0,0.11556282033463448,0.0058974223,0.1214496715052642
0.0,0.7819719720023215,0.1325754,0.1214496715052642
0.0,0.8529654145132817,0.09118082,0.1214496715052642
1.0,0.31864745869156436,0.2014732,0.1214496715052642
0.0,0.5355095382779432,0.10756317,0.1214496715052642
1.0,0.036745865684650124,0.6862785,-0.07368065259312023
1.0,0.06403785097799117,0.99433523,-0.07368065259312023
1.0,0.6152721191801989,0.5560545,-0.07368065259312023
1.0,0.04836735260993937,0.9437673,-0.07368065259312023
1.0,0.025697969997169626,0.99878377,-0.07368065259312023
0.0,0.18309708657671786,0.11755306,-0.07368065259312023
1.0,0.007989900471934298,0.75733393,-0.07368065259312023
0.0,0.9114156802465956,0.52337444,-0.07368065259312023
1.0,0.04175785269556902,0.96721464,-0.07368065259312023
1.0,0.13385614976677382,0.9342175,-0.07368065259312023
1.0,0.14162839480526027,0.97593,-0.07368065259312023
0.0,0.5392751908237343,0.07326571,-0.07368065259312023
1.0,0.4913664004821833,0.4406064,-0.07368065259312023
1.0,0.03239384892614781,0.9981895,-0.07368065259312023
1.0,0.08133114799185313,0.7328115,0.0021550323055069542
1.0,0.3535158060910312,0.9931821,0.0021550323055069542
1.0,0.11313460364520425,0.66434443,0.0021550323055069542
1.0,0.16608828724833735,0.95471954,0.0021550323055069542
1.0,0.01344509267528719,0.9985306,0.0021550323055069542
1.0,0.41586818874602427,0.8753748,0.0021550323055069542
1.0,0.13255830058872103,0.73791844,0.0021550323055069542
0.0,0.3124144596082257,0.1054721,0.0021550323055069542
0.0,0.02105729031713724,0.041505206,0.0021550323055069542
1.0,0.009380327140081182,0.97123283,0.0021550323055069542
0.0,4.6968786610073545,0.042967327,0.0021550323055069542
1.0,0.9426199446359249,0.98667616,0.0021550323055069542
0.0,0.5361505607046879,0.15932164,0.0021550323055069542
1.0,0.02098072359705337,0.9983302,0.0021550323055069542
1.0,0.04302969294968565,0.5155966,-0.0561143682043323
1.0,0.010852279833702405,0.9957991,-0.0561143682043323
1.0,1.3628472040693687,0.948271,-0.0561143682043323
1.0,0.055603537234249635,0.988219,-0.0561143682043323
1.0,0.09132686723231274,0.9989286,-0.0561143682043323
1.0,0.47922630957145873,0.99154973,-0.0561143682043323
1.0,0.03948390998381591,0.5895442,-0.0561143682043323
1.0,0.7355708516438619,0.91339684,-0.0561143682043323
1.0,0.007419898718286611,0.9675387,-0.0561143682043323
1.0,0.18612412579538595,0.5751013,-0.0561143682043323
1.0,0.20362494591720903,0.99187213,-0.0561143682043323
1.0,0.1613930211143336,0.99527115,-0.0561143682043323
1.0,0.7666631322568509,0.5877109,-0.0561143682043323
1.0,0.0031594393754922246,0.9984688,-0.0561143682043323
0.0,0.07111761515079136,0.6947344,0.0008759789073373714
0.0,0.48324663375538796,0.50033206,0.0008759789073373714
1.0,0.6503761305037876,0.54149735,0.0008759789073373714
1.0,0.22318949549295952,0.94461954,0.0008759789073373714
1.0,0.053231253086720165,0.033291683,0.0008759789073373714
1.0,0.25824588256552916,0.76711893,0.0008759789073373714
1.0,0.16110660343694594,0.39235246,0.0008759789073373714
1.0,0.3523062449980134,0.82319504,0.0008759789073373714
1.0,0.04217944552533241,0.9741131,0.0008759789073373714
1.0,0.12911600647034083,0.63812846,0.0008759789073373714
0.0,4.752746613219454,0.041737106,0.0008759789073373714
1.0,0.7834053438118166,0.99297804,0.0008759789073373714
1.0,0.5257224162575156,0.27060997,0.0008759789073373714
1.0,0.0022087228851690446,0.998389,0.0008759789073373714
0.0,0.012810050043802017,0.60425836,0.01624241445357444
1.0,0.0027847548983088717,0.67481995,0.01624241445357444
0.0,0.130238129675044,0.5934069,0.01624241445357444
0.0,0.04944006766638952,0.3147344,0.01624241445357444
0.0,0.2118666209399338,0.009513194,0.01624241445357444
1.0,0.2685974764763155,0.89208966,0.01624241445357444
1.0,0.06789542544218759,0.36282974,0.01624241445357444
0.0,0.6036100078415535,0.79883605,0.01624241445357444
1.0,0.03529147840770487,0.9523659,0.01624241445357444
1.0,0.17613855236797882,0.4990124,0.01624241445357444
1.0,0.07659688197942364,0.9773679,0.01624241445357444
1.0,0.1665963965012296,0.99226534,0.01624241445357444
1.0,0.8063336939644039,0.120284714,0.01624241445357444
0.0,0.039520161508954904,0.08839616,0.01624241445357444
1.0,0.04303050731685211,0.5476349,0.020233456079724155
1.0,0.5521250269192972,0.7131042,0.020233456079724155
1.0,0.7369946580026897,0.28555343,0.020233456079724155
1.0,0.05430201019021666,0.92357886,0.020233456079724155
1.0,0.3884006237793979,0.7963799,0.020233456079724155
1.0,0.331057995221496,0.8017501,0.020233456079724155
1.0,0.15527953959891144,0.7463473,0.020233456079724155
1.0,0.930052753942601,0.46244296,0.020233456079724155
1.0,0.2689472796270072,0.45386437,0.020233456079724155
0.0,0.21730648382719747,0.7466357,0.020233456079724155
1.0,0.2542064457773311,0.9854418,0.020233456079724155
1.0,0.15039831723576852,0.9914972,0.020233456079724155
1.0,0.027648092273868816,0.82864827,0.020233456079724155
1.0,0.01194710647065226,0.99834526,0.020233456079724155
1.0,0.11522242861822662,0.714802,-0.013662081323141229
1.0,0.37812920497472763,0.5128595,-0.013662081323141229
1.0,0.4782940458559089,0.5144151,-0.013662081323141229
0.0,0.16313460673884886,0.4984828,-0.013662081323141229
0.0,0.06747114701375222,0.04058907,-0.013662081323141229
1.0,0.1548982227051882,0.9678293,-0.013662081323141229
1.0,0.7088066170824044,0.34273997,-0.013662081323141229
0.0,0.9176565123980167,0.119604826,-0.013662081323141229
1.0,0.057655984956406,0.9587572,-0.013662081323141229
1.0,0.03509286384533916,0.65584993,-0.013662081323141229
1.0,0.05418084289557441,0.9491629,-0.013662081323141229
1.0,0.9013612040018957,0.081422865,-0.013662081323141229
0.0,0.1283270660773742,0.8292987,-0.013662081323141229
1.0,0.08537929448483914,0.9984043,-0.013662081323141229
1.0,0.020577296674397935,0.65891784,-0.040059129644282765
1.0,0.2972330516809758,0.98737586,-0.040059129644282765
1.0,0.4318472979273792,0.5338694,-0.040059129644282765
0.0,0.4119137228500832,0.096970014,-0.040059129644282765
1.0,0.06951818117811329,0.998509,-0.040059129644282765
1.0,0.20054266853799704,0.99498355,-0.040059129644282765
1.0,0.04311956260760445,0.7631062,-0.040059129644282765
1.0,0.8593510272626625,0.98372436,-0.040059129644282765
1.0,0.07573951145405555,0.96201885,-0.040059129644282765
1.0,0.005212349835856221,0.9922043,-0.040059129644282765
1.0,0.20146568558300834,0.98049587,-0.040059129644282765
1.0,0.04448581396216924,0.98903555,-0.040059129644282765
0.0,0.6687117309499655,0.16573347,-0.040059129644282765
0.0,0.5925452637628662,0.28253654,-0.040059129644282765
1.0,0.045599553867897644,0.7138469,-0.07037690419496634
0.0,0.29901448702763184,0.08623358,-0.07037690419496634
0.0,0.7780555302562836,0.28262472,-0.07037690419496634
1.0,0.15126298305645564,0.9265483,-0.07037690419496634
1.0,0.2655692298660152,0.47106227,-0.07037690419496634
1.0,0.2778328829917018,0.7641909,-0.07037690419496634
1.0,0.622058845692448,0.7102329,-0.07037690419496634
1.0,0.6907207898196699,0.864713,-0.07037690419496634
1.0,0.06570954963983383,0.9605763,-0.07037690419496634
1.0,0.09085801208871812,0.5331516,-0.07037690419496634
1.0,0.16045159054328065,0.9647884,-0.07037690419496634
1.0,0.01184999470228786,0.9891094,-0.07037690419496634
0.0,0.6290884475243478,0.1984691,-0.07037690419496634
1.0,0.034854849930213344,0.99777883,-0.07037690419496634
1.0,0.0329511200886172,0.72180766,0.02129153989964594
0.0,0.00434597161545294,0.04450503,0.02129153989964594
0.0,1.1076219496419304,0.178782,0.02129153989964594
0.0,0.20236841945188647,0.13463356,0.02129153989964594
1.0,0.16769608018581997,0.38077503,0.02129153989964594
1.0,0.2832320103053766,0.58587176,0.02129153989964594
0.0,0.034392582011835336,0.64235985,0.02129153989964594
1.0,0.7763489188296185,0.6736352,0.02129153989964594
1.0,0.033661360879969036,0.97646844,0.02129153989964594
1.0,0.13228534760176303,0.64371103,0.02129153989964594
0.0,1.1124104346191093,0.10470926,0.02129153989964594
1.0,0.3491304506639223,0.99068755,0.02129153989964594
1.0,0.6013074824766337,0.30289304,0.02129153989964594
1.0,0.024443065774872846,0.99764806,0.02129153989964594
1.0,0.013430070396635803,0.4432951,0.03765568230807803
1.0,0.05293689735458405,0.97387886,0.03765568230807803
1.0,0.3846304399650396,0.43200526,0.03765568230807803
0.0,0.35256189021068624,0.44834048,0.03765568230807803
1.0,0.2606315807182864,0.9938828,0.03765568230807803
1.0,0.775990815147223,0.788127,0.03765568230807803
1.0,0.654070021254767,0.74636036,0.03765568230807803
0.0,0.1522858637679453,0.11863209,0.03765568230807803
0.0,0.0916855719893129,0.020420125,0.03765568230807803
1.0,0.005654299686955268,0.341599,0.03765568230807803
1.0,4.613340453788897,0.14502034,0.03765568230807803
1.0,0.9288670623466083,0.98834515,0.03765568230807803
1.0,0.3445312748899664,0.32698336,0.03765568230807803
1.0,0.000745061955559672,0.99786747,0.03765568230807803
1.0,0.06833656098351526,0.69134706,-0.06040654040634086
1.0,0.533000789064901,0.98650485,-0.06040654040634086
0.0,0.3299973413128226,0.25853077,-0.06040654040634086
1.0,0.1316823182320763,0.25017902,-0.06040654040634086
1.0,0.06470823352891834,0.9986866,-0.06040654040634086
1.0,0.20124572377240105,0.9954764,-0.06040654040634086
0.0,0.06715071231474413,0.3998984,-0.06040654040634086
1.0,0.8748442204712459,0.98928165,-0.06040654040634086
1.0,0.013704549525577349,0.97857577,-0.06040654040634086
1.0,0.03215062825380686,0.9950571,-0.06040654040634086
1.0,0.06249512969132583,0.92840314,-0.06040654040634086
1.0,0.0004147536493803631,0.9726936,-0.06040654040634086
1.0,0.41397392523492427,0.6122237,-0.06040654040634086
1.0,0.027592746539720544,0.9954652,-0.06040654040634086
1.0,0.030259748543563756,0.69501954,-0.01590452985099644
0.0,0.4878113617932714,0.085888684,-0.01590452985099644
1.0,0.24461167281743343,0.59433043,-0.01590452985099644
1.0,0.170408345959545,0.96609294,-0.01590452985099644
1.0,0.1313206509341025,0.706,-0.01590452985099644
1.0,0.31782167187390264,0.097416036,-0.01590452985099644
1.0,0.5735090961456043,0.26357025,-0.01590452985099644
1.0,0.8743806394380265,0.54272735,-0.01590452985099644
0.0,0.32369517978146806,0.02560622,-0.01590452985099644
1.0,0.22563579924776575,0.18741783,-0.01590452985099644
1.0,0.2695413439522,0.9833128,-0.01590452985099644
1.0,0.1377369853840945,0.9904766,-0.01590452985099644
1.0,0.13911680827473571,0.85367846,-0.01590452985099644
1.0,0.5079123316551805,0.550385,-0.01590452985099644
1.0,0.05796631011102716,0.68783194,-0.06907907322417561
1.0,0.284553942554848,0.9891298,-0.06907907322417561
1.0,0.2754247637392783,0.6914607,-0.06907907322417561
1.0,0.05382008427748247,0.951012,-0.06907907322417561
1.0,0.12652953049954654,0.998755,-0.06907907322417561
1.0,0.27700132993070753,0.54217434,-0.06907907322417561
1.0,0.5955919075689087,0.6381202,-0.06907907322417561
0.0,1.2447798245728872,0.024266701,-0.06907907322417561
1.0,0.02943421855079366,0.9555972,-0.06907907322417561
1.0,0.07590431400737142,0.17261504,-0.06907907322417561
1.0,0.1557038838197566,0.97802895,-0.06907907322417561
1.0,0.009586895714033204,0.9943429,-0.06907907322417561
1.0,0.03299278685690884,0.83056724,-0.06907907322417561
1.0,0.03921342599075475,0.99854255,-0.06907907322417561
1.0,0.15370010381513402,0.6035838,-0.027274459088622582
1.0,0.2938321843624642,0.44745725,-0.027274459088622582
1.0,0.45025822709371055,0.6043435,-0.027274459088622582
0.0,0.30547260982633934,0.12656997,-0.027274459088622582
0.0,0.026045059118998168,0.048791587,-0.027274459088622582
1.0,0.28468197172039933,0.7353691,-0.027274459088622582
1.0,0.5364888360860004,0.6672464,-0.027274459088622582
0.0,0.8193438352695568,0.13301943,-0.027274459088622582
1.0,0.016747577349867565,0.94744706,-0.027274459088622582
1.0,0.21980571378292682,0.4352967,-0.027274459088622582
1.0,0.19740334757001787,0.96003485,-0.027274459088622582
1.0,0.0424150204604437,0.9904456,-0.027274459088622582
1.0,0.033274137420861626,0.82841283,-0.027274459088622582
0.0,0.046986254629322995,0.011658994,-0.027274459088622582
1.0,0.07098930078959872,0.56872636,-0.011229615347200683
0.0,0.1589915955761311,0.27751398,-0.011229615347200683
1.0,1.3874213501972408,0.59120893,-0.011229615347200683
1.0,0.020806176762101836,0.95876586,-0.011229615347200683
1.0,0.20605547229657648,0.05986933,-0.011229615347200683
1.0,0.3516379043045907,0.9607446,-0.011229615347200683
1.0,0.062172402397412195,0.40556267,-0.011229615347200683
1.0,0.5998087891724198,0.8133465,-0.011229615347200683
1.0,0.19344542688167188,0.30282962,-0.011229615347200683
1.0,0.08302194968973278,0.5166071,-0.011229615347200683
1.0,0.18244522456924442,0.97681504,-0.011229615347200683
1.0,0.13517899300704966,0.9893562,-0.011229615347200683
1.0,0.05124653643733023,0.83532095,-0.011229615347200683
0.0,0.0095105685672498,0.026844252,-0.011229615347200683
1.0,0.016593003373636634,0.7264233,-0.0434939735775956
1.0,0.3236313487872315,0.99156946,-0.0434939735775956
1.0,0.5901947842564111,0.5556009,-0.0434939735775956
0.0,0.2983028426521617,0.0039255875,-0.0434939735775956
1.0,0.09806572395616868,0.99827313,-0.0434939735775956
1.0,0.38884306937458696,0.81592864,-0.0434939735775956
1.0,0.5947276009785752,0.3615828,-0.0434939735775956
1.0,0.8057446463919178,0.85377175,-0.0434939735775956
1.0,0.024315207080667214,0.9552436,-0.0434939735775956
0.0,0.19870629517350893,0.27363285,-0.0434939735775956
1.0,0.054572887875240624,0.983968,-0.0434939735775956
1.0,0.07146406278131022,0.9933744,-0.0434939735775956
1.0,0.023499833820496363,0.8784924,-0.0434939735775956
1.0,0.006222855666945466,0.9983485,-0.0434939735775956
1.0,0.01835416036532488,0.70821196,-0.037235126103870975
1.0,0.005979275653353941,0.9887396,-0.037235126103870975
1.0,1.306847922568755,0.8758817,-0.037235126103870975
0.0,0.00841202874543153,0.16764838,-0.037235126103870975
1.0,0.05453712331079408,0.9978403,-0.037235126103870975
1.0,0.3825122530003444,0.982437,-0.037235126103870975
0.0,0.5039948003539989,0.6016518,-0.037235126103870975
1.0,0.7917439517247088,0.8836433,-0.037235126103870975
1.0,0.19907335055864453,0.38337898,-0.037235126103870975
0.0,0.10043435586654868,0.36001685,-0.037235126103870975
1.0,0.2298761316281584,0.98201734,-0.037235126103870975
1.0,0.1926143482605076,0.99418926,-0.037235126103870975
1.0,0.7978824896650455,0.47996145,-0.037235126103870975
1.0,0.011723474081014297,0.9983546,-0.037235126103870975
0.0,0.11984911524195616,0.49124962,-0.021435933409675034
1.0,0.3307225615480126,0.98780817,-0.021435933409675034
1.0,0.7471814062426511,0.4758712,-0.021435933409675034
0.0,0.311679931336363,0.02508559,-0.021435933409675034
1.0,0.04459008293645638,0.9976421,-0.021435933409675034
1.0,0.36813910783437714,0.87882334,-0.021435933409675034
1.0,0.11509280847033568,0.7892913,-0.021435933409675034
1.0,0.9057798897493847,0.8316904,-0.021435933409675034
1.0,0.05010083695677197,0.9108337,-0.021435933409675034
1.0,0.23528515149170737,0.72705597,-0.021435933409675034
1.0,0.1961612927627666,0.97263104,-0.021435933409675034
0.0,0.04137088304082364,0.99081695,-0.021435933409675034
1.0,0.01597212608973099,0.87108546,-0.021435933409675034
0.0,0.08799615506604588,0.0394428,-0.021435933409675034
1.0,0.06117598654730238,0.41807666,0.008561393917018267
1.0,0.3394790445277535,0.99190813,0.008561393917018267
0.0,0.5905107919354546,0.5927192,0.008561393917018267
1.0,0.027220153325590864,0.9693605,0.008561393917018267
1.0,0.07418148796055336,0.9988379,0.008561393917018267
1.0,0.3055850821374548,0.25852367,0.008561393917018267
1.0,0.49359549742584763,0.608417,0.008561393917018267
0.0,1.0335940993205213,0.5388889,0.008561393917018267
1.0,0.22907583897069114,0.24761231,0.008561393917018267
1.0,0.05868187416127738,0.9234694,0.008561393917018267
1.0,0.07226968302338774,0.9842939,0.008561393917018267
0.0,0.6980559916875904,0.048650034,0.008561393917018267
0.0,0.4666641948247305,0.15146452,0.008561393917018267
1.0,0.07191606725381737,0.9986659,0.008561393917018267
0.0,0.0069456061978172366,0.7411947,-0.03705880754077523
1.0,0.30928639904578126,0.991024,-0.03705880754077523
1.0,0.7137139067693864,0.5221594,-0.03705880754077523
0.0,0.2160506245029326,0.036850914,-0.03705880754077523
1.0,0.11093294508548467,0.99783343,-0.03705880754077523
1.0,0.03016403634156242,0.82565325,-0.03705880754077523
1.0,0.02516786982070162,0.75612104,-0.03705880754077523
1.0,0.41909015749047707,0.8398843,-0.03705880754077523
1.0,0.10458749365686909,0.9611815,-0.03705880754077523
1.0,0.0890709693013136,0.86952686,-0.03705880754077523
1.0,0.12224662488390416,0.9753783,-0.03705880754077523
0.0,1.3588866067274283,0.021836912,-0.03705880754077523
1.0,0.23279353568348055,0.8578965,-0.03705880754077523
1.0,0.06379253177825557,0.9976025,-0.03705880754077523
1.0,0.05489284190166539,0.74660903,-0.01142116068263832
1.0,0.33713142372697125,0.9945533,-0.01142116068263832
1.0,0.9375746475015938,0.38664547,-0.01142116068263832
1.0,0.09551636993006833,0.9427245,-0.01142116068263832
1.0,0.00015299780303799413,0.99846834,-0.01142116068263832
1.0,0.2429588445002928,0.43606016,-0.01142116068263832
1.0,0.05952701506267337,0.50943553,-0.01142116068263832
1.0,0.8074080385292874,0.7719774,-0.01142116068263832
1.0,0.07413775030137834,0.95801324,-0.01142116068263832
1.0,0.20587394721602018,0.68288505,-0.01142116068263832
1.0,0.089603912510267,0.985016,-0.01142116068263832
0.0,0.7541802740541351,0.023104133,-0.01142116068263832
1.0,0.17348327879707157,0.84236664,-0.01142116068263832
1.0,0.05537336194228331,0.99861693,-0.01142116068263832
1.0,0.010409564884527808,0.66406065,-0.014803936841110477
1.0,0.13860041789757338,0.9308751,-0.014803936841110477
1.0,0.10665657527023784,0.6595719,-0.014803936841110477
1.0,0.006111297375027655,0.9495982,-0.014803936841110477
1.0,0.052906450250960455,0.9792631,-0.014803936841110477
1.0,0.38604205252528856,0.9247328,-0.014803936841110477
1.0,0.6781786611132242,0.63355654,-0.014803936841110477
1.0,0.21153328886750727,0.86381745,-0.014803936841110477
1.0,0.2221801058373766,0.34921405,-0.014803936841110477
1.0,0.07079133825736407,0.42480925,-0.014803936841110477
0.0,4.8811458631533595,0.07208485,-0.014803936841110477
1.0,0.7214634562376223,0.99244165,-0.014803936841110477
1.0,0.1334396899612783,0.78963315,-0.014803936841110477
1.0,0.02471196107305276,0.9980652,-0.014803936841110477
1.0,0.04652354549707217,0.71216685,-0.0013503614677866094
1.0,0.4900533056769404,0.7871854,-0.0013503614677866094
1.0,1.1734396889295076,0.9259123,-0.0013503614677866094
0.0,0.5162062438915326,0.029821523,-0.0013503614677866094
1.0,0.12308358375203003,0.88925195,-0.0013503614677866094
1.0,0.45163122528132066,0.98877805,-0.0013503614677866094
1.0,0.40880123741346636,0.79204744,-0.0013503614677866094
1.0,0.7173448672236703,0.9176876,-0.0013503614677866094
1.0,0.06321638727365045,0.9476838,-0.0013503614677866094
1.0,0.2317656549500745,0.4735377,-0.0013503614677866094
1.0,0.15501680654609304,0.9853614,-0.0013503614677866094
1.0,0.06725992084639702,0.99397767,-0.0013503614677866094
1.0,0.8918400364853409,0.7714312,-0.0013503614677866094
1.0,0.0021814976488267698,0.99731183,-0.0013503614677866094
1.0,0.15591810686184546,0.2841293,0.008004103168937515
1.0,0.5665899482417203,0.78166485,0.008004103168937515
0.0,0.47385948037785486,0.24381383,0.008004103168937515
1.0,0.10249535143734102,0.96609205,0.008004103168937515
1.0,0.28196508804783715,0.8766072,0.008004103168937515
0.0,0.38989325129578406,0.67923886,0.008004103168937515
1.0,0.598761233797865,0.71982366,0.008004103168937515
1.0,0.8897088684880559,0.47831073,0.008004103168937515
1.0,0.04688336299839303,0.9538243,0.008004103168937515
1.0,0.0822791268664581,0.3150868,0.008004103168937515
1.0,0.22015074157648018,0.9881598,0.008004103168937515
1.0,0.07941050884095872,0.99334407,0.008004103168937515
1.0,0.8017341071176936,0.44597045,0.008004103168937515
1.0,0.027184947057202185,0.9984114,0.008004103168937515
1.0,0.05089143833094854,0.6653466,0.009396647578524875
1.0,0.2444705813866221,0.031272464,0.009396647578524875
1.0,0.7430520657286446,0.49126112,0.009396647578524875
1.0,0.21731049006815895,0.90203905,0.009396647578524875
0.0,0.17985559973659104,0.45449448,0.009396647578524875
1.0,0.3491898378573005,0.9936113,0.009396647578524875
1.0,0.31991729601013674,0.4024048,0.009396647578524875
1.0,0.6171649805341044,0.97759116,0.009396647578524875
0.0,0.07613690984337138,0.16647236,0.009396647578524875
1.0,0.03599706905509019,0.99330586,0.009396647578524875
0.0,4.050943283276511,0.06588844,0.009396647578524875
1.0,0.5836207598532743,0.98501956,0.009396647578524875
1.0,0.1605095892904184,0.8436963,0.009396647578524875
1.0,0.036067447075923936,0.99727637,0.009396647578524875
1.0,0.006787814885453754,0.7146068,0.001530960686400351
0.0,0.8937181571357162,0.005537309,0.001530960686400351
1.0,0.500355185172901,0.5117686,0.001530960686400351
0.0,0.07269645681322691,0.9595213,0.001530960686400351
1.0,0.01742535604326386,0.6630384,0.001530960686400351
1.0,0.33789204513217885,0.7727567,0.001530960686400351
1.0,0.4756666270055369,0.6398339,0.001530960686400351
1.0,0.8088321680180468,0.80918187,0.001530960686400351
1.0,0.047255553628343355,0.9773766,0.001530960686400351
1.0,0.15897810427500836,0.45312905,0.001530960686400351
0.0,0.7894867846158224,0.09190021,0.001530960686400351
0.0,0.038102528351554095,0.014092153,0.001530960686400351
1.0,0.0661875451290707,0.86524737,0.001530960686400351
1.0,0.006827353459329584,0.99830747,0.001530960686400351
1.0,0.08289421020886203,0.7594239,-0.02684260818113471
1.0,0.5619290860783575,0.99004513,-0.02684260818113471
1.0,0.6093442056716628,0.4580826,-0.02684260818113471
1.0,0.13246634026193002,0.90917087,-0.02684260818113471
1.0,0.1512422861217518,0.9978157,-0.02684260818113471
0.0,0.5197218185971522,0.68156964,-0.02684260818113471
1.0,0.28307944570571303,0.81196445,-0.02684260818113471
1.0,0.7277902688561535,0.45223674,-0.02684260818113471
1.0,0.06054220223109875,0.9714533,-0.02684260818113471
1.0,0.15320594735059107,0.55030906,-0.02684260818113471
0.0,1.031663399030344,0.10153904,-0.02684260818113471
0.0,0.21203760522316945,0.05507349,-0.02684260818113471
0.0,0.49022590213308576,0.35250756,-0.02684260818113471
1.0,0.005008941665620176,0.9968953,-0.02684260818113471
0.0,0.13497547516189495,0.2900033,-0.008391945380440302
1.0,0.005369407936808276,0.71548986,-0.008391945380440302
0.0,0.7086707452123454,0.24278629,-0.008391945380440302
1.0,0.049863021536891414,0.31890056,-0.008391945380440302
0.0,0.30367708918601993,0.009843445,-0.008391945380440302
1.0,0.4703156352504658,0.7545471,-0.008391945380440302
1.0,0.19273665760203718,0.76725066,-0.008391945380440302
1.0,0.7140078741341002,0.7855155,-0.008391945380440302
1.0,0.05235319583132001,0.94755685,-0.008391945380440302
1.0,0.20889228435490975,0.697522,-0.008391945380440302
1.0,0.15202717473237284,0.9889474,-0.008391945380440302
1.0,0.05359948859875372,0.9926407,-0.008391945380440302
0.0,0.7145926699341905,0.39409477,-0.008391945380440302
1.0,0.0066252732024241175,0.9976724,-0.008391945380440302
1.0,0.1770149533782788,0.56767046,-0.007901558307724044
1.0,0.0475903639585474,0.9950147,-0.007901558307724044
1.0,1.1370883366746363,0.7131341,-0.007901558307724044
0.0,0.4935098883054947,0.038294,-0.007901558307724044
1.0,0.06339784055378198,0.99743396,-0.007901558307724044
1.0,0.24253334856971978,0.036581818,-0.007901558307724044
1.0,0.015625784320338044,0.5037016,-0.007901558307724044
1.0,0.838156464132791,0.7765336,-0.007901558307724044
0.0,0.13056543671508988,0.04953139,-0.007901558307724044
1.0,0.2699502379800464,0.43574658,-0.007901558307724044
0.0,0.7451069850411479,0.04020296,-0.007901558307724044
1.0,0.04130972848847295,0.9902208,-0.007901558307724044
1.0,0.023150077966545845,0.7133844,-0.007901558307724044
1.0,0.010256940407043658,0.99774534,-0.007901558307724044
0.0,0.3927033468358198,0.0018289803,-0.04460545141332439
1.0,0.3002061680213462,0.99290645,-0.04460545141332439
0.0,0.7221318911404964,0.46654102,-0.04460545141332439
1.0,0.024561895463770057,0.93120927,-0.04460545141332439
1.0,0.02625840460721481,0.9965647,-0.04460545141332439
1.0,0.2865353902375984,0.7917253,-0.04460545141332439
0.0,0.6862811132288756,0.30541638,-0.04460545141332439
1.0,0.6865707484692216,0.81657,-0.04460545141332439
1.0,0.012623216016888417,0.96750045,-0.04460545141332439
1.0,0.10526097392083932,0.45141768,-0.04460545141332439
1.0,0.1737427514438618,0.9826539,-0.04460545141332439
1.0,0.07489862868214363,0.99321836,-0.04460545141332439
0.0,0.6184377033941364,0.0793625,-0.04460545141332439
1.0,0.012880897729344531,0.9986419,-0.04460545141332439
1.0,0.04436900166389024,0.4785879,0.0996399136706777
1.0,0.8278244170215371,0.045839366,0.0996399136706777
1.0,0.2765367701589835,0.29370674,0.0996399136706777
1.0,0.036527497961406495,0.90824646,0.0996399136706777
0.0,0.0594256133299298,0.2570647,0.0996399136706777
1.0,0.4166077548463257,0.9736404,0.0996399136706777
0.0,0.11850453689791486,0.58211136,0.0996399136706777
0.0,0.7420660696451854,0.59787965,0.0996399136706777
1.0,0.07040965809123852,0.93124443,0.0996399136706777
0.0,0.07164571959287681,0.59088296,0.0996399136706777
1.0,0.4054521027367769,0.93128496,0.0996399136706777
1.0,1.1525569362669275,0.11548976,0.0996399136706777
0.0,0.2727471153335529,0.40015814,0.0996399136706777
1.0,0.5393813512304706,0.04587574,0.0996399136706777
1.0,0.06046275114059832,0.6998471,-0.05464613854394862
1.0,0.049448575949724446,0.99583614,-0.05464613854394862
1.0,0.25225100785861776,0.5269654,-0.05464613854394862
1.0,0.10118185855631778,0.9462775,-0.05464613854394862
1.0,0.03638679765986599,0.9986475,-0.05464613854394862
1.0,0.30689319574501295,0.66095155,-0.05464613854394862
0.0,0.1839952848190078,0.3755192,-0.05464613854394862
1.0,0.8679261044792896,0.5705536,-0.05464613854394862
1.0,0.07413810067640439,0.9489714,-0.05464613854394862
1.0,0.10481142030709308,0.32874033,-0.05464613854394862
1.0,0.21221086887410734,0.9877082,-0.05464613854394862
1.0,0.08841535210364133,0.99263954,-0.05464613854394862
0.0,0.04929979583751642,0.8576311,-0.05464613854394862
0.0,0.27922217074940475,0.013667418,-0.05464613854394862
1.0,0.029527201484449657,0.69952404,-0.0064154419203043545
1.0,0.3001796544756178,0.4063711,-0.0064154419203043545
1.0,0.5381753956557213,0.47278818,-0.0064154419203043545
1.0,0.009319988594491511,0.9410165,-0.0064154419203043545
0.0,0.0302156761084817,0.024056584,-0.0064154419203043545
1.0,0.16473796302816163,0.37166208,-0.0064154419203043545
1.0,0.006591212849915048,0.5746969,-0.0064154419203043545
1.0,0.9123765435089843,0.12096663,-0.0064154419203043545
1.0,0.0432988072104068,0.97433597,-0.0064154419203043545
0.0,0.1304316607730609,0.32858717,-0.0064154419203043545
1.0,0.08050386963841175,0.97955644,-0.0064154419203043545
0.0,0.2192648482900838,0.06369661,-0.0064154419203043545
1.0,0.7658963501835645,0.40814695,-0.0064154419203043545
1.0,0.02617294430984771,0.99865144,-0.0064154419203043545
1.0,0.07685017221627628,0.6764492,0.06727721434629597
1.0,0.886494455138771,0.41988203,0.06727721434629597
1.0,0.3117200546231411,0.52576274,0.06727721434629597
1.0,0.13170372365549296,0.9086708,0.06727721434629597
1.0,0.2639991033320156,0.6616144,0.06727721434629597
1.0,0.2971590844208083,0.5950819,0.06727721434629597
1.0,0.7503965408532041,0.2833717,0.06727721434629597
1.0,0.8052304121237921,0.67103153,0.06727721434629597
0.0,0.28612236836024235,0.044203714,0.06727721434629597
1.0,0.14628499821677357,0.7995219,0.06727721434629597
1.0,0.28098383834978147,0.97644025,0.06727721434629597
0.0,0.1266493816882945,0.018881489,0.06727721434629597
1.0,0.6461575017564333,0.51719356,0.06727721434629597
1.0,0.0072757413539007556,0.9982486,0.06727721434629597
1.0,0.012690157166730009,0.6237769,-0.022485880996881646
1.0,0.3091780509209832,0.99037534,-0.022485880996881646
0.0,0.6656024455849275,0.3943098,-0.022485880996881646
1.0,0.04826315389438314,0.91876245,-0.022485880996881646
1.0,0.09065178297958003,0.998572,-0.022485880996881646
0.0,0.3224706309738395,0.8357827,-0.022485880996881646
1.0,0.6369008391435422,0.5721508,-0.022485880996881646
1.0,0.8659559084296848,0.7066528,-0.022485880996881646
1.0,0.040771628054826314,0.94536453,-0.022485880996881646
1.0,0.07128313514722563,0.39012876,-0.022485880996881646
1.0,0.2031832510231327,0.9822881,-0.022485880996881646
1.0,0.1048131301893397,0.9934663,-0.022485880996881646
0.0,0.7676962421779876,0.091523446,-0.022485880996881646
1.0,0.03495196399907448,0.038088314,-0.022485880996881646
0.0,0.32227047033106393,0.41726553,0.07686087737713454
1.0,0.47022400615550636,0.6574998,0.07686087737713454
1.0,0.4950034572863242,0.61419654,0.07686087737713454
1.0,0.01641683673157111,0.9476882,0.07686087737713454
1.0,0.2952848997325969,0.8262325,0.07686087737713454
1.0,0.28312054286183197,0.6186153,0.07686087737713454
1.0,0.05708504726578749,0.5931412,0.07686087737713454
1.0,0.5005800506773914,0.7238242,0.07686087737713454
1.0,0.008789995924025509,0.9468903,0.07686087737713454
1.0,0.20988139572130102,0.60728854,0.07686087737713454
1.0,0.1527704301410904,0.9793866,0.07686087737713454
0.0,0.18100592167313,0.012487142,0.07686087737713454
1.0,0.5414742094951827,0.46450433,0.07686087737713454
0.0,0.031943734953437435,0.047575574,0.07686087737713454
1.0,0.02252213255686887,0.7315189,0.05177176913302595
0.0,0.11786478893241224,0.051039856,0.05177176913302595
1.0,0.04322489082453716,0.4914353,0.05177176913302595
1.0,0.04064802626019089,0.9418456,0.05177176913302595
1.0,0.036526303276442094,0.5769812,0.05177176913302595
0.0,0.4865438485624947,0.004965088,0.05177176913302595
1.0,0.11196518326463445,0.5983295,0.05177176913302595
0.0,0.7257449906443137,0.20175155,0.05177176913302595
1.0,0.0596979631485697,0.9723484,0.05177176913302595
1.0,0.10211076059573597,0.33868203,0.05177176913302595
0.0,3.6356802606431993,0.043981764,0.05177176913302595
0.0,0.3598166163555938,0.019097878,0.05177176913302595
1.0,0.5660079856080706,0.09769031,0.05177176913302595
1.0,0.01885634195689406,0.99799156,0.05177176913302595
0.0,0.12592027781148962,0.6454388,-0.046206112905873786
1.0,0.5873103357989681,0.9847585,-0.046206112905873786
1.0,0.1056521810503284,0.62466484,-0.046206112905873786
1.0,0.14004331829740949,0.9400335,-0.046206112905873786
1.0,0.17415784694736366,0.99766004,-0.046206112905873786
0.0,0.08077849459553256,0.019700255,-0.046206112905873786
1.0,0.04003479283480266,0.36624497,-0.046206112905873786
1.0,1.4443414757918311,0.59987485,-0.046206112905873786
1.0,0.045019959112666534,0.9693198,-0.046206112905873786
0.0,0.11277624198325795,0.026330648,-0.046206112905873786
1.0,0.040879187457685984,0.9752915,-0.046206112905873786
0.0,0.45307326325127534,0.078493,-0.046206112905873786
1.0,0.11506039582848139,0.86325157,-0.046206112905873786
1.0,0.004191426443085535,0.9978289,-0.046206112905873786
1.0,0.014625698146839089,0.5198745,0.021270366633902582
0.0,0.5641748044062399,0.4979504,0.021270366633902582
1.0,0.46835208956951707,0.5454041,0.021270366633902582
0.0,0.0745579591752879,0.17897967,0.021270366633902582
0.0,0.3736991276866469,0.84003603,0.021270366633902582
1.0,0.2750406292106063,0.823948,0.021270366633902582
1.0,0.0008894486590138368,0.7608514,0.021270366633902582
1.0,0.7714082614252465,0.82506895,0.021270366633902582
0.0,0.29015768200879016,0.018844102,0.021270366633902582
1.0,0.11701509970588009,0.865614,0.021270366633902582
1.0,0.20236461786134677,0.9782389,0.021270366633902582
1.0,0.10011932564420081,0.9919417,0.021270366633902582
1.0,0.036303533535080854,0.8828627,0.021270366633902582
1.0,0.01946073098327356,0.99749124,0.021270366633902582
1.0,0.04596511855090932,0.58660907,0.06780539961055598
1.0,0.5157460168285343,0.6402781,0.06780539961055598
1.0,0.4892145683042989,0.30369762,0.06780539961055598
1.0,0.05718142937071747,0.9138553,0.06780539961055598
1.0,0.2646721097777879,0.5558445,0.06780539961055598
1.0,0.2513956983357098,0.67128026,0.06780539961055598
1.0,0.23253455356006264,0.80860007,0.06780539961055598
1.0,0.764011822773738,0.76700675,0.06780539961055598
1.0,0.04898122212393501,0.92330384,0.06780539961055598
1.0,0.20940382193589316,0.73121774,0.06780539961055598
0.0,0.7888321552201387,0.03988642,0.06780539961055598
0.0,0.28183796484956375,0.025826862,0.06780539961055598
1.0,0.04465540240656419,0.8547471,0.06780539961055598
0.0,0.22458564963730498,0.010851565,0.06780539961055598
1.0,0.03684352257014672,0.73633885,-0.10183356897435997
0.0,0.14509757009595226,0.023304928,-0.10183356897435997
1.0,0.21680868561795902,0.6600435,-0.10183356897435997
1.0,0.02024930410066297,0.94465303,-0.10183356897435997
1.0,0.07486425001404907,0.605954,-0.10183356897435997
0.0,0.021131561134397073,0.012207592,-0.10183356897435997
1.0,0.23323688583229038,0.5451225,-0.10183356897435997
1.0,1.184433867821526,0.7517059,-0.10183356897435997
1.0,0.050212163416614164,0.9633407,-0.10183356897435997
1.0,0.12309407656147414,0.88808864,-0.10183356897435997
1.0,0.16274345583799263,0.98220104,-0.10183356897435997
1.0,0.02767002226681141,0.98823625,-0.10183356897435997
1.0,0.06206055156542095,0.8812653,-0.10183356897435997
1.0,0.032541570839945994,0.99799037,-0.10183356897435997
1.0,0.0012806345265194356,0.35412848,0.008272212993486572
1.0,0.588832908271686,0.6461822,0.008272212993486572
1.0,0.2718972052489468,0.66263765,0.008272212993486572
1.0,0.0899938028174172,0.89579177,0.008272212993486572
0.0,0.05261016551658863,0.06561764,0.008272212993486572
1.0,0.6455436184231148,0.88455504,0.008272212993486572
1.0,0.55399812735122,0.7059589,0.008272212993486572
1.0,1.2146925167553932,0.5523553,0.008272212993486572
1.0,0.1491934999137352,0.26420835,0.008272212993486572
1.0,0.037407875389111354,0.71227175,0.008272212993486572
1.0,0.10944038624893568,0.9317068,0.008272212993486572
1.0,0.044921243911661274,0.9865399,0.008272212993486572
1.0,0.06610865605156122,0.8410795,0.008272212993486572
1.0,0.048778260098195976,0.11076066,0.008272212993486572
1.0,0.18222242785446569,0.4223764,-0.05077246978019273
0.0,0.487621948972645,0.60695606,-0.05077246978019273
1.0,0.2544079530986678,0.72359204,-0.05077246978019273
1.0,0.03435878591291702,0.9721582,-0.05077246978019273
1.0,0.2236942648023439,0.44330254,-0.05077246978019273
0.0,0.5513815900792174,0.012686786,-0.05077246978019273
1.0,0.21487297504099576,0.76732033,-0.05077246978019273
0.0,0.7811591454756792,0.15445259,-0.05077246978019273
1.0,0.01865603197749811,0.9573313,-0.05077246978019273
1.0,0.061663219977512174,0.90164244,-0.05077246978019273
0.0,0.9581063848504328,0.037405718,-0.05077246978019273
1.0,0.027400076449652373,0.9911849,-0.05077246978019273
1.0,0.10327869847865255,0.8802271,-0.05077246978019273
1.0,0.029386582535921937,0.9977737,-0.05077246978019273
1.0,0.03282648759825089,0.7250718,-0.051623012518501044
0.0,0.7453019152382688,0.01923264,-0.051623012518501044
1.0,0.5728082458520721,0.33235568,-0.051623012518501044
1.0,0.03877836336754173,0.9452396,-0.051623012518501044
1.0,0.15605993430672707,0.8358677,-0.051623012518501044
0.0,0.4562171467419398,0.82538384,-0.051623012518501044
1.0,0.14382920825910717,0.6545768,-0.051623012518501044
1.0,0.7571735366574928,0.805362,-0.051623012518501044
1.0,0.06485931727003681,0.9426091,-0.051623012518501044
1.0,0.09367430333491025,0.3107722,-0.051623012518501044
1.0,0.14776534028213406,0.98579586,-0.051623012518501044
0.0,0.2759962925419624,0.02534936,-0.051623012518501044
1.0,0.148988445661655,0.8784361,-0.051623012518501044
1.0,0.04397956083636762,0.9978669,-0.051623012518501044
1.0,0.0586974235684163,0.6374636,0.002871695996640833
1.0,0.8668636023050721,0.8060825,0.002871695996640833
1.0,0.66060506947356,0.58218783,0.002871695996640833
1.0,0.020183459285461284,0.3925979,0.002871695996640833
1.0,0.5752031837714114,0.88216364,0.002871695996640833
1.0,0.13268224044688445,0.24144587,0.002871695996640833
0.0,0.0054817652171345425,0.14581387,0.002871695996640833
1.0,0.8103451419026371,0.7115745,0.002871695996640833
1.0,0.0538673188995863,0.96081275,0.002871695996640833
1.0,0.18197305607940117,0.38391292,0.002871695996640833
1.0,0.027677166527892202,0.96489525,0.002871695996640833
1.0,0.07274441899647609,0.9840121,0.002871695996640833
0.0,0.7893315536153279,0.41454917,0.002871695996640833
1.0,0.017045599959424916,0.9939148,0.002871695996640833
1.0,0.00015612255753010332,0.75087833,-0.03809766762005079
1.0,0.6174077402535637,0.9075836,-0.03809766762005079
1.0,0.7337470149441673,0.53023916,-0.03809766762005079
0.0,0.3116611765440131,0.34199125,-0.03809766762005079
1.0,0.2171928070463013,0.9623517,-0.03809766762005079
0.0,0.04278375482402213,0.009840193,-0.03809766762005079
0.0,0.07369489339218992,0.26623803,-0.03809766762005079
1.0,1.1022446521557623,0.9036008,-0.03809766762005079
0.0,0.12240521406940164,0.015382384,-0.03809766762005079
1.0,0.08345463644583785,0.9604053,-0.03809766762005079
1.0,0.10989692451243639,0.9358836,-0.03809766762005079
1.0,0.04817356301368906,0.9826482,-0.03809766762005079
0.0,0.11117415321836363,0.8261679,-0.03809766762005079
1.0,0.025833599742251863,0.99650395,-0.03809766762005079
1.0,0.05116776249604496,0.5284505,0.009345728955002075
1.0,0.03508051811654181,0.439722,0.009345728955002075
1.0,0.6220833816790707,0.43998122,0.009345728955002075
1.0,0.08720183583835824,0.9095028,0.009345728955002075
0.0,0.05580513199117314,0.09288024,0.009345728955002075
1.0,0.5687529133636733,0.9206341,0.009345728955002075
1.0,0.01839028406242093,0.6610384,0.009345728955002075
1.0,1.0171689984516226,0.61424655,0.009345728955002075
1.0,0.08097715004360692,0.9340912,0.009345728955002075
1.0,0.030700928460805035,0.7944749,0.009345728955002075
1.0,0.1614173749595618,0.95966715,0.009345728955002075
0.0,1.101045470238536,0.040141467,0.009345728955002075
1.0,0.11206183575803658,0.8477286,0.009345728955002075
1.0,0.07474706212848255,0.9980379,0.009345728955002075
1.0,0.004937740249243973,0.74017465,-0.06121298207943532
1.0,0.6054534912814266,0.981237,-0.06121298207943532
1.0,0.1571569885708003,0.65542495,-0.06121298207943532
0.0,0.17431626013607313,0.38775462,-0.06121298207943532
1.0,0.09185134872109764,0.99843806,-0.06121298207943532
1.0,0.24686007929011927,0.6948759,-0.06121298207943532
1.0,0.5970618786293448,0.18562582,-0.06121298207943532
0.0,0.84028641719176,0.05563164,-0.06121298207943532
1.0,0.030843905659892326,0.9546977,-0.06121298207943532
1.0,0.0737429280074289,0.5941953,-0.06121298207943532
1.0,0.08708740015425696,0.9601265,-0.06121298207943532
1.0,0.023677524523881138,0.9841781,-0.06121298207943532
1.0,0.6603461466422067,0.45813736,-0.06121298207943532
1.0,0.013340511355907752,0.99533325,-0.06121298207943532
0.0,0.42601981891921686,0.5617397,0.09494302523132647
1.0,0.4194769942737438,0.98306227,0.09494302523132647
1.0,0.6558225596342303,0.54152644,0.09494302523132647
0.0,0.29817543381251166,0.21380551,0.09494302523132647
1.0,0.013255006291434153,0.9945314,0.09494302523132647
0.0,0.07421752169264013,0.02206196,0.09494302523132647
0.0,0.30096487097093255,0.19394691,0.09494302523132647
1.0,0.5833212162910433,0.83809847,0.09494302523132647
0.0,0.34595452855582154,0.22563958,0.09494302523132647
1.0,0.12253366061397197,0.8809792,0.09494302523132647
0.0,3.9634201298907112,0.100186706,0.09494302523132647
1.0,0.6533178758899527,0.98452514,0.09494302523132647
0.0,0.5314588722942768,0.16036852,0.09494302523132647
1.0,0.30476527918161445,0.093154274,0.09494302523132647
1.0,0.09267163767274944,0.6320299,-0.021499755908325313
1.0,0.596694161319137,0.97569704,-0.021499755908325313
0.0,0.591200209840959,0.60901827,-0.021499755908325313
1.0,0.12587527265960913,0.48745266,-0.021499755908325313
1.0,0.1505107372287344,0.9958074,-0.021499755908325313
1.0,0.47298575835678647,0.7530578,-0.021499755908325313
1.0,0.058676086448558595,0.68905336,-0.021499755908325313
0.0,0.9275686916279555,0.035704307,-0.021499755908325313
0.0,0.21100873092012074,0.17975053,-0.021499755908325313
1.0,0.022794066159550586,0.9634371,-0.021499755908325313
1.0,0.8551804491469616,0.032072414,-0.021499755908325313
1.0,0.021510798375511102,0.97923595,-0.021499755908325313
1.0,0.01859401264018349,0.7040097,-0.021499755908325313
1.0,0.11822938753857093,0.09664009,-0.021499755908325313
1.0,0.035111382779930866,0.7192439,-0.04843695366467726
1.0,0.3435130369108955,0.8702536,-0.04843695366467726
1.0,1.1002188780250424,0.56234026,-0.04843695366467726
1.0,0.153547068734201,0.96187794,-0.04843695366467726
1.0,0.1436972484422105,0.95458394,-0.04843695366467726
1.0,0.5221393537235205,0.9648675,-0.04843695366467726
1.0,0.5027498028250363,0.56966776,-0.04843695366467726
1.0,0.7439104366366665,0.83316344,-0.04843695366467726
1.0,0.04344637873623875,0.9689444,-0.04843695366467726
1.0,0.09195934123088399,0.5166734,-0.04843695366467726
1.0,0.13309031223314552,0.9715784,-0.04843695366467726
0.0,0.5033618348492003,0.06392345,-0.04843695366467726
1.0,0.02968218554856364,0.8478795,-0.04843695366467726
1.0,0.08447131888912641,0.99812824,-0.04843695366467726
1.0,0.0010984399180533051,0.72310305,-0.08190582887265685
1.0,0.3140400306984311,0.9818273,-0.08190582887265685
1.0,0.5582094345636687,0.54630804,-0.08190582887265685
1.0,0.0005647521634262798,0.94443756,-0.08190582887265685
1.0,0.10891475375458438,0.99743086,-0.08190582887265685
0.0,0.05385456571674618,0.11977108,-0.08190582887265685
1.0,0.047377895795865516,0.7743596,-0.08190582887265685
1.0,0.7614712698554409,0.53245974,-0.08190582887265685
1.0,0.0501689699127375,0.9491528,-0.08190582887265685
1.0,0.1350333462403245,0.93848836,-0.08190582887265685
1.0,0.1716094018658823,0.9770916,-0.08190582887265685
1.0,0.009112422527261304,0.9883138,-0.08190582887265685
1.0,0.6687177706063079,0.42398578,-0.08190582887265685
0.0,0.13772663835379256,0.038332704,-0.08190582887265685
1.0,0.15950008819080144,0.5332239,-0.012739175310180206
1.0,0.05856197879301789,0.9959281,-0.012739175310180206
1.0,1.4294908728135542,0.9476455,-0.012739175310180206
1.0,0.0813196272129702,0.9874866,-0.012739175310180206
1.0,0.1255506552144179,0.99867356,-0.012739175310180206
1.0,0.45145538263018004,0.9912874,-0.012739175310180206
1.0,0.054539564138491356,0.6100432,-0.012739175310180206
1.0,0.7535714642136553,0.9142375,-0.012739175310180206
1.0,0.02283230066101371,0.95610076,-0.012739175310180206
1.0,0.16807218593518933,0.53938663,-0.012739175310180206
1.0,0.2276229054523989,0.9919349,-0.012739175310180206
1.0,0.1652857731268266,0.99476,-0.012739175310180206
1.0,0.8168569608182382,0.58509094,-0.012739175310180206
0.0,0.11870258234964258,0.007950963,-0.012739175310180206
1.0,0.02211156834927063,0.6521547,-0.08264595919878631
0.0,0.467982678894036,0.019947475,-0.08264595919878631
0.0,1.266782303909675,0.37445462,-0.08264595919878631
1.0,0.14642915590088298,0.9768106,-0.08264595919878631
1.0,0.1883519518107793,0.81946987,-0.08264595919878631
0.0,0.145684444415938,0.10386414,-0.08264595919878631
1.0,0.5004112406012712,0.6809269,-0.08264595919878631
0.0,0.8045167354852736,0.15007217,-0.08264595919878631
1.0,0.002606550737963232,0.95523065,-0.08264595919878631
1.0,0.18255701712071615,0.31036058,-0.08264595919878631
1.0,0.18879962924674507,0.9866411,-0.08264595919878631
1.0,0.15661309204326648,0.99298054,-0.08264595919878631
1.0,0.8343245162379184,0.5999943,-0.08264595919878631
1.0,0.00536427177448044,0.9978309,-0.08264595919878631
0.0,0.020317719398784406,0.1127479,-0.061840788082067055
1.0,0.6456914059107113,0.97950315,-0.061840788082067055
1.0,1.3015432641938856,0.8014488,-0.061840788082067055
1.0,0.006655187018067738,0.9678656,-0.061840788082067055
1.0,0.05758486164437959,0.99691004,-0.061840788082067055
1.0,0.4739261099621657,0.9828115,-0.061840788082067055
1.0,0.504839713571023,0.44747034,-0.061840788082067055
1.0,0.8204676955695076,0.8173349,-0.061840788082067055
1.0,0.013415615373523256,0.96373457,-0.061840788082067055
1.0,0.1589311875381446,0.46880692,-0.061840788082067055
1.0,0.08430299870967907,0.9817394,-0.061840788082067055
1.0,0.17254695093968073,0.9922995,-0.061840788082067055
1.0,0.22105323331678792,0.75104713,-0.061840788082067055
1.0,0.01243155577535473,0.99781054,-0.061840788082067055
1.0,0.1233877464067016,0.40090254,-0.0002441905812669565
0.0,0.9522021975293669,0.18533286,-0.0002441905812669565
1.0,0.7023110512703438,0.3099591,-0.0002441905812669565
1.0,0.10236648005383552,0.95564467,-0.0002441905812669565
0.0,0.19457829787797434,0.051982954,-0.0002441905812669565
1.0,0.10426595821352687,0.737574,-0.0002441905812669565
0.0,0.6313883010577471,0.36143777,-0.0002441905812669565
0.0,0.8733554353553865,0.3225692,-0.0002441905812669565
1.0,0.025447056585206917,0.95326436,-0.0002441905812669565
1.0,0.05187737308891073,0.7654055,-0.0002441905812669565
1.0,0.05334036773308277,0.98222417,-0.0002441905812669565
1.0,0.07553274107029996,0.98983496,-0.0002441905812669565
1.0,0.3552319702307117,0.125898,-0.0002441905812669565
1.0,0.01912208910416113,0.9980293,-0.0002441905812669565
0.0,0.1601649329499383,0.10812438,0.019080453950901965
1.0,0.649834140218254,0.07201873,0.019080453950901965
1.0,0.29485586174207495,0.5221503,0.019080453950901965
1.0,0.19840958853089197,0.92808187,0.019080453950901965
0.0,0.14215566355694592,0.42875403,0.019080453950901965
1.0,0.5203292053124429,0.93764573,0.019080453950901965
0.0,0.12465242824299227,0.11047731,0.019080453950901965
1.0,0.8335835647849623,0.69963443,0.019080453950901965
1.0,0.10923355256907925,0.21012272,0.019080453950901965
1.0,0.20689062835804017,0.29221696,0.019080453950901965
1.0,0.06434311510430867,0.9851317,0.019080453950901965
1.0,0.1124028631480425,0.9897711,0.019080453950901965
1.0,0.14970346585072897,0.80526143,0.019080453950901965
0.0,0.4520019797898742,0.03163247,0.019080453950901965
0.0,0.027600922589738563,0.7135881,0.052977599739088777
0.0,0.9228901561259797,0.010131588,0.052977599739088777
0.0,0.4533977504438357,0.32077178,0.052977599739088777
1.0,0.19275427528825487,0.020420069,0.052977599739088777
0.0,0.14041122462174818,0.8243744,0.052977599739088777
1.0,0.25152206696869717,0.8267884,0.052977599739088777
0.0,0.4506962454446234,0.5755593,0.052977599739088777
1.0,0.446477748309336,0.22999527,0.052977599739088777
0.0,0.2863324136097013,0.027450774,0.052977599739088777
1.0,0.0948821264769715,0.6939638,0.052977599739088777
1.0,0.1578534554984239,0.9742018,0.052977599739088777
1.0,1.339033769634049,0.017541068,0.052977599739088777
1.0,0.1812142129464874,0.8635818,0.052977599739088777
1.0,0.06602203003358413,0.9965647,0.052977599739088777
1.0,0.04775995017663254,0.7460356,-0.08075729720828156
1.0,0.5423294288790481,0.96828306,-0.08075729720828156
1.0,0.16951544306072672,0.6810692,-0.08075729720828156
1.0,0.09706378197180833,0.9466021,-0.08075729720828156
1.0,0.21535687360371822,0.9964244,-0.08075729720828156
1.0,0.4230220712126207,0.91261876,-0.08075729720828156
1.0,0.5345758484292895,0.5214953,-0.08075729720828156
1.0,0.8516948601628911,0.9059325,-0.08075729720828156
1.0,0.04449443833312086,0.9620154,-0.08075729720828156
0.0,0.1677453475499236,0.4206609,-0.08075729720828156
0.0,0.8813233280295198,0.026222387,-0.08075729720828156
1.0,0.11198814472039366,0.990918,-0.08075729720828156
1.0,0.06958691286574734,0.86632085,-0.08075729720828156
1.0,0.0024007581737966353,0.9977673,-0.08075729720828156
1.0,0.29902644082562924,0.6372381,-0.04995519457518416
1.0,0.6429792212626667,0.91171455,-0.04995519457518416
1.0,0.5958522093813369,0.35635918,-0.04995519457518416
1.0,0.1356517731363441,0.49710777,-0.04995519457518416
1.0,0.15454411217707284,0.9777449,-0.04995519457518416
1.0,0.2937611731614818,0.814428,-0.04995519457518416
1.0,0.15297985788726393,0.8879664,-0.04995519457518416
1.0,0.8792495111043157,0.5004528,-0.04995519457518416
1.0,0.018472153279615888,0.9593637,-0.04995519457518416
1.0,0.17127376103775271,0.40691626,-0.04995519457518416
1.0,0.07512944468821653,0.9685649,-0.04995519457518416
1.0,0.024610512560723365,0.9803113,-0.04995519457518416
1.0,0.46474289424823734,0.3125662,-0.04995519457518416
1.0,0.006310196050175506,0.9930588,-0.04995519457518416
1.0,0.05737635043190515,0.69315743,0.11291376624747862
1.0,0.503739109207552,0.7235541,0.11291376624747862
0.0,0.6757436412138071,0.26792425,0.11291376624747862
1.0,0.044264087047811235,0.2922827,0.11291376624747862
1.0,0.16441231538486456,0.86317664,0.11291376624747862
0.0,0.2824055189321389,0.7181213,0.11291376624747862
0.0,0.11561452163887406,0.704783,0.11291376624747862
1.0,0.9049634982403232,0.38087025,0.11291376624747862
1.0,0.03813619931016943,0.9468112,0.11291376624747862
0.0,0.15239297632830998,0.7165233,0.11291376624747862
0.0,1.238426066094164,0.07071928,0.11291376624747862
1.0,0.19996888194000617,0.99240065,0.11291376624747862
1.0,0.6227090827467966,0.27073443,0.11291376624747862
0.0,0.015118750494464936,0.03789415,0.11291376624747862
1.0,0.020075036047672395,0.72279924,0.027124734384192828
1.0,0.48284430714475485,0.354789,0.027124734384192828
1.0,1.2211480095328353,0.8124522,0.027124734384192828
1.0,0.07151590697432064,0.18164803,0.027124734384192828
0.0,0.2573161348782939,0.4070041,0.027124734384192828
1.0,0.4543733400692858,0.9801429,0.027124734384192828
1.0,0.23643654959411844,0.69610083,0.027124734384192828
1.0,0.8226042706840293,0.8406854,0.027124734384192828
1.0,0.2898366315180445,0.016810574,0.027124734384192828
1.0,0.20270174048014278,0.64118737,0.027124734384192828
1.0,0.2049551734264714,0.9843167,0.027124734384192828
1.0,0.17396316484692648,0.9887433,0.027124734384192828
0.0,0.15793482495762254,0.7119729,0.027124734384192828
1.0,0.016042641226616753,0.9972351,0.027124734384192828
1.0,0.08374222457551156,0.36350095,-0.035633264761386674
1.0,0.5793816769527432,0.7632195,-0.035633264761386674
1.0,0.5433035185337195,0.4709452,-0.035633264761386674
1.0,0.0862275697788237,0.9641592,-0.035633264761386674
1.0,0.2540802657867046,0.8633175,-0.035633264761386674
1.0,0.203650274455057,0.26046705,-0.035633264761386674
1.0,0.6392963574180633,0.4524753,-0.035633264761386674
1.0,0.6931203345265765,0.75089073,-0.035633264761386674
1.0,0.061793848933603825,0.9696642,-0.035633264761386674
1.0,0.22158039098791898,0.55841607,-0.035633264761386674
1.0,0.18274941228574074,0.9787577,-0.035633264761386674
1.0,0.07376925080623675,0.99406165,-0.035633264761386674
1.0,0.7523060803250988,0.30000362,-0.035633264761386674
1.0,0.003013164927124285,0.9985617,-0.035633264761386674
1.0,0.018688983945401336,0.17645845,-0.02452701229297133
1.0,0.3285642554507935,0.98767686,-0.02452701229297133
1.0,0.5830851789491136,0.55396426,-0.02452701229297133
1.0,0.1151437305365565,0.95473194,-0.02452701229297133
1.0,0.15005304012885057,0.99886334,-0.02452701229297133
1.0,0.34583789763408285,0.7188772,-0.02452701229297133
0.0,0.032305665314585064,0.7470866,-0.02452701229297133
0.0,0.9282982039612256,0.14410241,-0.02452701229297133
1.0,0.06944063545489099,0.915337,-0.02452701229297133
0.0,0.11808311692075417,0.8138561,-0.02452701229297133
1.0,0.24672044199765944,0.98313046,-0.02452701229297133
1.0,0.09238697486495417,0.9933656,-0.02452701229297133
1.0,0.0039963907085490274,0.9008255,-0.02452701229297133
0.0,0.4750321820171509,0.035904706,-0.02452701229297133
0.0,0.4975146458351965,0.0007759028,0.03381919229601327
1.0,0.014832280350341304,0.71917164,0.03381919229601327
0.0,1.15527627574192,0.94361234,0.03381919229601327
0.0,0.3605824305261451,0.016717616,0.03381919229601327
0.0,0.2710250652347354,0.004841399,0.03381919229601327
1.0,0.10542588330856577,0.983809,0.03381919229601327
1.0,0.44360185796738943,0.25775835,0.03381919229601327
1.0,0.6571139620298114,0.9192289,0.03381919229601327
0.0,0.1951982273801769,0.055626832,0.03381919229601327
1.0,0.1922260521665347,0.29112327,0.03381919229601327
1.0,0.13219183301072618,0.9879632,0.03381919229601327
0.0,0.3268870861248956,0.014726676,0.03381919229601327
1.0,0.5032966272982023,0.66560555,0.03381919229601327
1.0,0.0035666413539270124,0.9977894,0.03381919229601327
1.0,0.2075769136095526,0.274662,-0.04877444267260084
1.0,0.2983473907314067,0.85692286,-0.04877444267260084
1.0,0.5618649410930023,0.6092981,-0.04877444267260084
1.0,0.08852771901919643,0.9050821,-0.04877444267260084
1.0,0.044547582900206835,0.97948223,-0.04877444267260084
1.0,0.44477692897512033,0.99342513,-0.04877444267260084
1.0,0.6375048190618641,0.7641501,-0.04877444267260084
0.0,0.843826414903272,0.8919811,-0.04877444267260084
1.0,0.05152616436533362,0.9636949,-0.04877444267260084
1.0,0.07553363395280414,0.0068263146,-0.04877444267260084
1.0,0.21706549393374677,0.9367671,-0.04877444267260084
1.0,0.0049031801275947135,0.98746103,-0.04877444267260084
1.0,0.35565663171989764,0.54580796,-0.04877444267260084
0.0,0.6854875143049206,0.20320866,-0.04877444267260084
1.0,0.024204423086532298,0.71036106,-0.03284050619960094
1.0,0.3138054313349783,0.9540046,-0.03284050619960094
1.0,0.6512557155784928,0.5009767,-0.03284050619960094
0.0,0.07937087206660208,0.14489019,-0.03284050619960094
0.0,0.22946620564287584,0.024071923,-0.03284050619960094
1.0,0.28446451494721725,0.7152765,-0.03284050619960094
1.0,0.07390521061057187,0.49828345,-0.03284050619960094
1.0,0.8502892305480289,0.44564384,-0.03284050619960094
1.0,0.03474212609899946,0.9698269,-0.03284050619960094
0.0,0.19502939721387544,0.27701002,-0.03284050619960094
1.0,0.25925235502007704,0.9839767,-0.03284050619960094
0.0,0.0016173980566859447,0.025585886,-0.03284050619960094
1.0,0.6167225942789187,0.34171438,-0.03284050619960094
1.0,0.008260727136109234,0.99726737,-0.03284050619960094
1.0,0.0526828545794752,0.13580787,-0.02683800923610602
1.0,0.5363946653169821,0.98915595,-0.02683800923610602
1.0,0.1921932598034655,0.53192544,-0.02683800923610602
1.0,0.06611370982583936,0.93529046,-0.02683800923610602
1.0,0.25546893828292855,0.99608994,-0.02683800923610602
1.0,0.5486845045860224,0.9383885,-0.02683800923610602
1.0,0.003004800879993313,0.5450261,-0.02683800923610602
1.0,0.8697890302841792,0.32119155,-0.02683800923610602
1.0,0.025678037032479117,0.9606051,-0.02683800923610602
0.0,0.022145887256703863,0.22965409,-0.02683800923610602
1.0,0.04945586628235123,0.9520605,-0.02683800923610602
1.0,0.016679208256075013,0.9870984,-0.02683800923610602
0.0,0.36918728760035946,0.31322178,-0.02683800923610602
1.0,0.04730792014501367,0.9978473,-0.02683800923610602
1.0,0.009528533396503235,0.08262918,-0.012175203550261082
1.0,0.5495904371898584,0.88422734,-0.012175203550261082
1.0,0.6238213394093942,0.39634684,-0.012175203550261082
1.0,0.08016971663964603,0.9229064,-0.012175203550261082
1.0,0.1987587449335723,0.9945235,-0.012175203550261082
1.0,0.3163349650065955,0.98717576,-0.012175203550261082
1.0,0.6502631807409115,0.28978637,-0.012175203550261082
1.0,0.7614133252444989,0.97736245,-0.012175203550261082
1.0,0.05375414342621225,0.9398801,-0.012175203550261082
1.0,0.009624667386034447,0.9793962,-0.012175203550261082
1.0,0.12298926543827621,0.9621232,-0.012175203550261082
1.0,0.026365117426293033,0.9880233,-0.012175203550261082
1.0,0.07699572523539722,0.833109,-0.012175203550261082
1.0,0.8856567104379183,0.06357105,-0.012175203550261082
1.0,0.08173926749096787,0.6901154,0.04814765376476604
1.0,0.5153974971490219,0.814027,0.04814765376476604
1.0,0.4785998804039495,0.5271699,0.04814765376476604
1.0,0.0510441282746594,0.9706025,0.04814765376476604
1.0,0.2827101734099575,0.85106456,0.04814765376476604
1.0,0.010276866924195412,0.8330611,0.04814765376476604
1.0,0.0539433169378529,0.71380275,0.04814765376476604
1.0,0.534050694953849,0.83604074,0.04814765376476604
0.0,0.2976843455616123,0.47376963,0.04814765376476604
1.0,0.10691370899300065,0.8004037,0.04814765376476604
0.0,0.7224267508682064,0.028665325,0.04814765376476604
0.0,1.0505963278511112,0.011738232,0.04814765376476604
1.0,0.11534545502909004,0.89152783,0.04814765376476604
1.0,0.08371962078353852,0.9978976,0.04814765376476604
0.0,0.16269935853939388,0.41457146,-0.0829488140358054
1.0,0.5253845591106313,0.986602,-0.0829488140358054
1.0,0.6384149311629038,0.44163525,-0.0829488140358054
1.0,0.18822542676820933,0.835949,-0.0829488140358054
1.0,0.21651090021286426,0.998492,-0.0829488140358054
1.0,0.5338992501547897,0.9874587,-0.0829488140358054
1.0,0.5735001737390738,0.79249644,-0.0829488140358054
1.0,0.9020013984132185,0.8633375,-0.0829488140358054
1.0,0.036846335572625594,0.9773213,-0.0829488140358054
0.0,0.05871128381951694,0.0076401276,-0.0829488140358054
1.0,0.09804375190674973,0.96326435,-0.0829488140358054
1.0,0.02262628971729473,0.9820451,-0.0829488140358054
1.0,0.016387267783929817,0.8250454,-0.0829488140358054
1.0,0.017803870575790897,0.9969663,-0.0829488140358054
1.0,0.03588819750111444,0.7206364,0.004413047574138407
0.0,0.8693895439774085,0.0063072722,0.004413047574138407
1.0,0.1747902717896786,0.31749207,0.004413047574138407
1.0,0.002625061960682333,0.96133465,0.004413047574138407
1.0,0.10696525825297182,0.6560558,0.004413047574138407
0.0,0.3278330339806347,0.08324197,0.004413047574138407
1.0,0.5376678195771231,0.5071556,0.004413047574138407
1.0,0.8525251024758275,0.6840233,0.004413047574138407
1.0,0.04220785842465684,0.9691526,0.004413047574138407
1.0,0.190002946739405,0.57917315,0.004413047574138407
1.0,0.05953356978401857,0.9913327,0.004413047574138407
0.0,0.09167025983239542,0.04980238,0.004413047574138407
1.0,0.7824897806557161,0.4113337,0.004413047574138407
1.0,0.009017922101481243,0.99801636,0.004413047574138407
1.0,0.04566287738637052,0.7401286,0.01747306632660106
0.0,0.33552225892516335,0.079894595,0.01747306632660106
1.0,0.1046902643285132,0.62249446,0.01747306632660106
1.0,0.18153629682069128,0.94305867,0.01747306632660106
1.0,0.24794911010692788,0.69380933,0.01747306632660106
0.0,0.17948484297361297,0.053186763,0.01747306632660106
1.0,0.09807273964992216,0.43521756,0.01747306632660106
1.0,0.3397063536409139,0.77472866,0.01747306632660106
1.0,0.08603435177979014,0.97339976,0.01747306632660106
1.0,0.09111508528706876,0.41383857,0.01747306632660106
0.0,4.365805621651241,0.2314931,0.01747306632660106
0.0,0.14543250134690405,0.03070736,0.01747306632660106
1.0,0.10621626749918961,0.8613518,0.01747306632660106
1.0,0.031028509031390726,0.9977437,0.01747306632660106
1.0,0.034071520358034624,0.6654134,-0.0741214808638343
1.0,0.6754334103873664,0.84284025,-0.0741214808638343
1.0,0.662755723037817,0.5324732,-0.0741214808638343
1.0,0.024963345381556163,0.9563165,-0.0741214808638343
1.0,0.23474713104026526,0.9351041,-0.0741214808638343
1.0,0.22646313008744368,0.77239895,-0.0741214808638343
0.0,0.7278442067314251,0.42104444,-0.0741214808638343
1.0,0.7000246339563772,0.8397933,-0.0741214808638343
1.0,0.03940214099852528,0.968096,-0.0741214808638343
1.0,0.0636721247542219,0.2636608,-0.0741214808638343
1.0,0.09223081114419393,0.9745008,-0.0741214808638343
1.0,0.10927054271119359,0.9886447,-0.0741214808638343
0.0,0.6710847687345646,0.38427556,-0.0741214808638343
1.0,0.011844702037404335,0.9956376,-0.0741214808638343
1.0,0.10101275244855004,0.44049302,-0.07225444861510066
1.0,0.281597466715112,0.98430496,-0.07225444861510066
1.0,1.2845834935552525,0.6595482,-0.07225444861510066
1.0,0.09435373434724338,0.9820868,-0.07225444861510066
1.0,0.1392580862737847,0.9988477,-0.07225444861510066
1.0,0.2900234080870999,0.96218723,-0.07225444861510066
1.0,0.005137844647607577,0.58313507,-0.07225444861510066
1.0,0.3448667821827263,0.817498,-0.07225444861510066
1.0,0.0009478532945693689,0.97466075,-0.07225444861510066
1.0,0.10581102421525987,0.556054,-0.07225444861510066
1.0,0.12805305596520805,0.9841208,-0.07225444861510066
0.0,0.35859305639892686,0.016127553,-0.07225444861510066
1.0,0.6355492401401056,0.26203507,-0.07225444861510066
1.0,0.023932912183636783,0.9984901,-0.07225444861510066
0.0,0.3502303844130869,0.0002556847,0.020815852684093694
1.0,0.37046274283459896,0.99188375,0.020815852684093694
0.0,0.8237487385021511,0.46246672,0.020815852684093694
1.0,0.15950358906958745,0.975398,0.020815852684093694
1.0,0.09853910023099029,0.99735355,0.020815852684093694
1.0,0.03408144022230365,0.2792067,0.020815852684093694
1.0,0.5255157305241726,0.5995635,0.020815852684093694
1.0,0.31827492976947236,0.7127108,0.020815852684093694
0.0,0.27803230082239916,0.02953091,0.020815852684093694
1.0,0.13361018767033983,0.5665853,0.020815852684093694
0.0,4.768598622808665,0.025861591,0.020815852684093694
1.0,0.7425117986524185,0.9923229,0.020815852684093694
1.0,0.2581207177424994,0.8818742,0.020815852684093694
1.0,0.01792432338650583,0.9986406,0.020815852684093694
1.0,0.08197387573758934,0.7119813,-0.00039663045090110316
1.0,0.28469677652507996,0.8472823,-0.00039663045090110316
1.0,0.1600442225200464,0.5947119,-0.00039663045090110316
1.0,0.05465519718067944,0.92629886,-0.00039663045090110316
0.0,0.23039552690635562,0.005286025,-0.00039663045090110316
1.0,0.09958118814114887,0.9952749,-0.00039663045090110316
1.0,0.5043119535006354,0.42551413,-0.00039663045090110316
1.0,1.1063480459258315,0.98460466,-0.00039663045090110316
0.0,0.00784950643247479,0.037075,-0.00039663045090110316
1.0,0.038494663641612324,0.99262494,-0.00039663045090110316
1.0,0.16919990314968245,0.9809589,-0.00039663045090110316
0.0,0.169358741062424,0.02419344,-0.00039663045090110316
1.0,0.5709913840084746,0.23912291,-0.00039663045090110316
1.0,0.03784156829049404,0.99833316,-0.00039663045090110316
1.0,0.04781431951337488,0.73700774,-0.0454997082236302
1.0,0.7504307410875748,0.6162543,-0.0454997082236302
1.0,0.6807006529636896,0.48909888,-0.0454997082236302
0.0,0.323400687241838,0.20336978,-0.0454997082236302
0.0,0.17587670706501338,0.020841861,-0.0454997082236302
1.0,0.11056647643040737,0.784617,-0.0454997082236302
0.0,0.5910562839761964,0.28927767,-0.0454997082236302
0.0,0.5686027569072838,0.027138114,-0.0454997082236302
1.0,0.08496710422902083,0.9654755,-0.0454997082236302
1.0,0.016676286356591245,0.9183008,-0.0454997082236302
1.0,0.05471546674835296,0.9513833,-0.0454997082236302
1.0,0.14324551825570997,0.97510964,-0.0454997082236302
1.0,0.5754857711196191,0.48295492,-0.0454997082236302
1.0,0.032464339044971646,0.99404526,-0.0454997082236302
1.0,0.1141096990848546,0.47443324,0.020055193629803902
1.0,0.3264293236892182,0.97127545,0.020055193629803902
1.0,0.8496672997874646,0.29252002,0.020055193629803902
1.0,0.0023476851389115025,0.9647757,0.020055193629803902
1.0,0.0661235614475841,0.9986407,0.020055193629803902
0.0,0.19896208170293975,0.5026128,0.020055193629803902
1.0,0.5664183064853529,0.49139795,0.020055193629803902
1.0,0.27648471639388955,0.830473,0.020055193629803902
0.0,0.2709699689186804,0.01640392,0.020055193629803902
1.0,0.08654371356370223,0.66852266,0.020055193629803902
0.0,5.013699713869326,0.022591917,0.020055193629803902
1.0,0.7077293744591135,0.9940329,0.020055193629803902
1.0,0.11038956717140866,0.87472415,0.020055193629803902
1.0,0.015858915491531782,0.998533,0.020055193629803902
1.0,0.04404851530337845,0.69708437,-0.011501806458730002
1.0,0.6103583380601055,0.8483281,-0.011501806458730002
0.0,0.23047236244282504,0.45786142,-0.011501806458730002
1.0,0.06452553191685866,0.51230645,-0.011501806458730002
0.0,0.3264325259061281,0.01942075,-0.011501806458730002
1.0,0.3454005549331987,0.9564727,-0.011501806458730002
1.0,0.5106732331140074,0.8401054,-0.011501806458730002
1.0,1.2694257798062543,0.53656644,-0.011501806458730002
1.0,0.00022459450106170547,0.96457314,-0.011501806458730002
1.0,0.041712547069137074,0.6357854,-0.011501806458730002
1.0,0.08297800721500397,0.95827293,-0.011501806458730002
1.0,0.031978236932211176,0.98068446,-0.011501806458730002
1.0,0.44777155294939025,0.4793228,-0.011501806458730002
1.0,0.008792435024434638,0.99767584,-0.011501806458730002
0.0,0.09862034865309616,0.3519139,-0.07487860116321393
1.0,0.6311839878778901,0.19735977,-0.07487860116321393
1.0,0.7806396593714108,0.40781653,-0.07487860116321393
1.0,0.11743742593357546,0.8477944,-0.07487860116321393
0.0,0.0030304487593495167,0.35394493,-0.07487860116321393
1.0,0.515664908753398,0.81237024,-0.07487860116321393
1.0,0.5821337464648573,0.6798756,-0.07487860116321393
0.0,0.7601475578025662,0.045360405,-0.07487860116321393
1.0,0.06733910534666115,0.9545277,-0.07487860116321393
1.0,0.05135885315371575,0.7738915,-0.07487860116321393
1.0,0.07208104738136002,0.9686053,-0.07487860116321393
1.0,0.0014216104803190755,0.9775389,-0.07487860116321393
1.0,0.11509613993134807,0.8321598,-0.07487860116321393
1.0,0.044189878205697315,0.99725,-0.07487860116321393
1.0,0.02225407991637698,0.6359476,-0.05924824651400168
1.0,0.2759885728330326,0.9920089,-0.05924824651400168
1.0,0.47551805761264093,0.6025776,-0.05924824651400168
1.0,0.11108280216504307,0.94486564,-0.05924824651400168
1.0,0.03933917450557284,0.996897,-0.05924824651400168
1.0,0.4062363258839962,0.9921199,-0.05924824651400168
1.0,0.18526616837273238,0.4551669,-0.05924824651400168
1.0,1.0517518960509982,0.9832395,-0.05924824651400168
0.0,0.08634367531278615,0.031401154,-0.05924824651400168
1.0,0.03905212969478655,0.99176204,-0.05924824651400168
0.0,0.4282780697875344,0.0340577,-0.05924824651400168
1.0,0.013088181930861224,0.98913133,-0.05924824651400168
1.0,0.1266924499715414,0.8357793,-0.05924824651400168
1.0,0.03805712600912693,0.99836665,-0.05924824651400168
1.0,0.24461112135571342,0.6296736,0.02202323174006182
0.0,0.11628001896785813,0.086325966,0.02202323174006182
1.0,0.513604418220162,0.60600203,0.02202323174006182
1.0,0.028724413518696562,0.50999886,0.02202323174006182
1.0,0.05555596069035223,0.6277824,0.02202323174006182
0.0,0.2772156277181012,0.8375253,0.02202323174006182
1.0,0.36746634255246785,0.61608326,0.02202323174006182
1.0,0.9496808589783741,0.7744966,0.02202323174006182
1.0,0.2565242671537455,0.35704532,0.02202323174006182
0.0,0.11025019438428543,0.1705216,0.02202323174006182
1.0,0.2817023109611831,0.9834578,0.02202323174006182
1.0,0.13185229836069273,0.9896938,0.02202323174006182
1.0,0.7469774559172149,0.2340516,0.02202323174006182
1.0,0.017168139960645257,0.99795663,0.02202323174006182
1.0,0.02131496444436883,0.75053257,-0.06446934964292572
1.0,0.6566581308318957,0.8476703,-0.06446934964292572
1.0,0.5339801211001447,0.16947104,-0.06446934964292572
1.0,0.014571362220637858,0.9049442,-0.06446934964292572
1.0,0.24330503457183028,0.94786733,-0.06446934964292572
1.0,0.3245451029833334,0.7531444,-0.06446934964292572
1.0,0.26925287156238087,0.77642447,-0.06446934964292572
1.0,0.6263137996871688,0.867196,-0.06446934964292572
1.0,0.05968605314830546,0.9471709,-0.06446934964292572
1.0,0.15233002448319108,0.63213044,-0.06446934964292572
1.0,0.045253125387059015,0.97030634,-0.06446934964292572
1.0,0.08815450648504448,0.98790425,-0.06446934964292572
1.0,0.06394721202692276,0.8489425,-0.06446934964292572
1.0,0.008901349320532855,0.9966877,-0.06446934964292572
0.0,0.023739331680374863,0.20787728,0.044402610344300375
1.0,0.019398991840145145,0.65626925,0.044402610344300375
1.0,1.0143171015436288,0.38977826,0.044402610344300375
1.0,0.05014567901520969,0.40133277,0.044402610344300375
0.0,0.029620775584968638,0.030819423,0.044402610344300375
0.0,0.26121172954927385,0.3964887,0.044402610344300375
1.0,0.4351770441120699,0.5013719,0.044402610344300375
1.0,0.6434088393294,0.74982655,0.044402610344300375
1.0,0.03793599094364441,0.9697361,0.044402610344300375
1.0,0.18351438948396323,0.530665,0.044402610344300375
1.0,0.18236075308087582,0.9833626,0.044402610344300375
0.0,0.13503932223106574,0.014239504,0.044402610344300375
0.0,0.6869899681728356,0.07448664,0.044402610344300375
1.0,0.025311912121623488,0.9978892,0.044402610344300375
1.0,0.11599360096691405,0.5694288,-0.06352596997000282
1.0,0.5096444358886314,0.985699,-0.06352596997000282
1.0,0.40879073851700104,0.62236077,-0.06352596997000282
0.0,0.2449039867625893,0.45303643,-0.06352596997000282
1.0,0.09434849784874978,0.99761164,-0.06352596997000282
1.0,0.3593918194101511,0.99213046,-0.06352596997000282
1.0,0.06855005620733343,0.61082,-0.06352596997000282
1.0,0.6795897257858847,0.98302287,-0.06352596997000282
0.0,0.1007909278167695,0.04863772,-0.06352596997000282
1.0,0.02335677636612938,0.99187803,-0.06352596997000282
1.0,0.11978680860269084,0.9506826,-0.06352596997000282
1.0,0.03616166557894772,0.97599334,-0.06352596997000282
1.0,0.1444097981889069,0.71796054,-0.06352596997000282
1.0,0.02477241225307102,0.99740463,-0.06352596997000282
1.0,0.057487498853016246,0.73821366,-0.08803573828830946
1.0,0.26691934405296014,0.9924468,-0.08803573828830946
0.0,1.1418550482784184,0.22684951,-0.08803573828830946
1.0,0.015340750534615599,0.93643385,-0.08803573828830946
1.0,0.03984791861722621,0.99889404,-0.08803573828830946
1.0,0.35999213738370134,0.99631125,-0.08803573828830946
1.0,0.44112811149740794,0.23450992,-0.08803573828830946
1.0,1.1599005963615086,0.9691525,-0.08803573828830946
1.0,0.0004349389248316776,0.9835713,-0.08803573828830946
1.0,0.026230076972571716,0.9898259,-0.08803573828830946
1.0,0.18039236771891257,0.97076076,-0.08803573828830946
1.0,0.023927075469924272,0.99259055,-0.08803573828830946
1.0,0.36446803490592095,0.34075943,-0.08803573828830946
1.0,0.02094498682574212,0.99858737,-0.08803573828830946
1.0,0.03442519295741133,0.65388113,-0.014829763568777132
1.0,0.030721481787318976,0.9919377,-0.014829763568777132
1.0,0.21816377302149007,0.6327632,-0.014829763568777132
0.0,0.08336922621021861,0.26091376,-0.014829763568777132
1.0,0.02104194240332285,0.99746156,-0.014829763568777132
1.0,0.275307819187145,0.27152973,-0.014829763568777132
1.0,0.23159543159092896,0.80509573,-0.014829763568777132
1.0,0.864558426717251,0.7753682,-0.014829763568777132
1.0,0.045133751531060466,0.9404177,-0.014829763568777132
1.0,0.23266556474454309,0.8114863,-0.014829763568777132
1.0,0.21364496595796184,0.97938377,-0.014829763568777132
0.0,0.004949227289130882,0.025429903,-0.014829763568777132
1.0,0.07896003792435914,0.8539661,-0.014829763568777132
1.0,0.009350579758361356,0.9980038,-0.014829763568777132
1.0,0.09098604510906565,0.64151865,-0.02618535266849714
1.0,0.4766491838912117,0.7306046,-0.02618535266849714
1.0,1.0901611765337527,0.410061,-0.02618535266849714
1.0,0.04193911201892958,0.9718131,-0.02618535266849714
1.0,0.13873855915362693,0.8565607,-0.02618535266849714
0.0,0.44741851044223213,0.014425708,-0.02618535266849714
1.0,0.5280974033880332,0.5894389,-0.02618535266849714
1.0,0.5866485877226453,0.73403966,-0.02618535266849714
0.0,0.10603056395831821,0.041041605,-0.02618535266849714
1.0,0.04754298992296583,0.3448611,-0.02618535266849714
1.0,0.17482041101335835,0.97374207,-0.02618535266849714
1.0,0.07053569379235808,0.9908264,-0.02618535266849714
1.0,0.15434414260603144,0.7591508,-0.02618535266849714
0.0,0.2747051414774085,0.07219629,-0.02618535266849714
1.0,0.04844185209258056,0.6525343,0.03898203499756825
1.0,0.48351626287272437,0.720202,0.03898203499756825
1.0,1.2322186432273439,0.93091816,0.03898203499756825
1.0,0.11370800450564214,0.9816648,0.03898203499756825
1.0,0.27162130098078535,0.861132,0.03898203499756825
1.0,0.4113872473962037,0.99030745,0.03898203499756825
1.0,0.495264110341184,0.78323025,0.03898203499756825
1.0,0.7582985828500194,0.920624,0.03898203499756825
1.0,0.001514694985405113,0.9226559,0.03898203499756825
1.0,0.15541282274447235,0.44489485,0.03898203499756825
1.0,0.17625608315671978,0.9898767,0.03898203499756825
1.0,0.16046878266498574,0.9931716,0.03898203499756825
1.0,0.8544065637412581,0.7657216,0.03898203499756825
0.0,0.031215128181098242,0.04500042,0.03898203499756825
1.0,0.050019558051159665,0.65034676,-0.0538488135839314
1.0,0.5917494110459381,0.9937063,-0.0538488135839314
1.0,0.6149678013620169,0.63907486,-0.0538488135839314
1.0,0.15261276936036094,0.45955205,-0.0538488135839314
1.0,0.07161165018200485,0.99665785,-0.0538488135839314
1.0,0.2091805803360761,0.8100596,-0.0538488135839314
1.0,0.17458312320078678,0.82657135,-0.0538488135839314
1.0,0.6919249072089853,0.853736,-0.0538488135839314
1.0,0.014583719527591472,0.9695976,-0.0538488135839314
1.0,0.17774664118312458,0.42546234,-0.0538488135839314
1.0,0.02097309147086962,0.95743567,-0.0538488135839314
1.0,0.01889106194020045,0.9837119,-0.0538488135839314
1.0,0.6056779303578091,0.3622357,-0.0538488135839314
1.0,0.009651525958079669,0.99544454,-0.0538488135839314
1.0,0.0904781797583921,0.6947489,-0.06351873171739664
1.0,0.20411189936789656,0.92435616,-0.06351873171739664
1.0,1.219745743227136,0.353825,-0.06351873171739664
1.0,0.14345054287781972,0.25694788,-0.06351873171739664
1.0,0.09628127116349709,0.98024476,-0.06351873171739664
1.0,0.5586056072194968,0.46640292,-0.06351873171739664
1.0,0.5795455950166667,0.46393618,-0.06351873171739664
0.0,0.5727315566441125,0.27676192,-0.06351873171739664
1.0,0.030341731910575247,0.95091534,-0.06351873171739664
1.0,0.10578008327608748,0.42810327,-0.06351873171739664
1.0,0.203337416232953,0.9775827,-0.06351873171739664
1.0,0.01252164405243016,0.98548245,-0.06351873171739664
1.0,0.09088862884131463,0.73467666,-0.06351873171739664
1.0,0.015936798752889107,0.99634886,-0.06351873171739664
1.0,0.0648235315833917,0.70144,-0.05771495845967567
1.0,0.601279247315294,0.9891852,-0.05771495845967567
1.0,0.13987688114884686,0.69503164,-0.05771495845967567
0.0,0.03134861916734721,0.21068776,-0.05771495845967567
1.0,0.12617325870902504,0.9987356,-0.05771495845967567
1.0,0.3314835663581395,0.89390004,-0.05771495845967567
1.0,0.006124221945930586,0.6399776,-0.05771495845967567
1.0,0.6122429098235986,0.9044617,-0.05771495845967567
1.0,0.036188412332143025,0.97120136,-0.05771495845967567
1.0,0.07967165683518199,0.54648185,-0.05771495845967567
1.0,0.05256131229017579,0.97028977,-0.05771495845967567
1.0,0.026674533916504747,0.9903985,-0.05771495845967567
1.0,0.721383583230817,0.40274704,-0.05771495845967567
1.0,0.02024575263754184,0.9976179,-0.05771495845967567
1.0,0.0273198748101408,0.633861,-0.047635227157240556
1.0,0.27455428751517735,0.99036765,-0.047635227157240556
1.0,0.7275862503566299,0.20215224,-0.047635227157240556
1.0,0.041821141806143006,0.9640835,-0.047635227157240556
1.0,0.03910258468972241,0.9976411,-0.047635227157240556
0.0,0.2914689674147283,0.07401874,-0.047635227157240556
1.0,0.42688669236225907,0.5137564,-0.047635227157240556
1.0,1.1710431172952978,0.306772,-0.047635227157240556
1.0,0.038148626340237274,0.96861947,-0.047635227157240556
0.0,0.10105951027286661,0.057612963,-0.047635227157240556
1.0,0.13533121507703436,0.98788875,-0.047635227157240556
0.0,0.2485569906643135,0.012456726,-0.047635227157240556
0.0,0.5744418805739502,0.08518662,-0.047635227157240556
1.0,5.600907545002848e-05,0.9986443,-0.047635227157240556
1.0,0.013262817463074932,0.6549972,-0.030221173475284913
0.0,0.40668485703898705,0.014797422,-0.030221173475284913
1.0,0.191495376373365,0.55410635,-0.030221173475284913
1.0,0.07647414184676435,0.14474007,-0.030221173475284913
1.0,0.04063461110067293,0.77189547,-0.030221173475284913
0.0,0.07835601113532956,0.04379255,-0.030221173475284913
1.0,0.1322903724202851,0.19067971,-0.030221173475284913
1.0,0.9106448862214999,0.46987486,-0.030221173475284913
0.0,0.03739314087987598,0.031223401,-0.030221173475284913
1.0,0.14728694592319264,0.61034995,-0.030221173475284913
1.0,0.21408867567929665,0.98147523,-0.030221173475284913
1.0,0.08930017368819788,0.9884291,-0.030221173475284913
1.0,0.032997846882812994,0.8572514,-0.030221173475284913
1.0,0.020053382055812512,0.99803406,-0.030221173475284913
1.0,0.08711817021369847,0.701932,-0.012076217833077885
0.0,0.2989248149250182,0.020772118,-0.012076217833077885
1.0,0.28769556938559393,0.6491579,-0.012076217833077885
1.0,0.1103852861439044,0.91141635,-0.012076217833077885
1.0,0.010363129278116612,0.51414883,-0.012076217833077885
1.0,0.45597541772378863,0.9262724,-0.012076217833077885
0.0,0.20928373242090267,0.011942662,-0.012076217833077885
1.0,0.8403728803886212,0.85563517,-0.012076217833077885
0.0,0.2737830247914166,0.020178402,-0.012076217833077885
1.0,0.1926021643822442,0.41006228,-0.012076217833077885
0.0,0.896821808476612,0.02617549,-0.012076217833077885
1.0,0.1374194042152801,0.9906357,-0.012076217833077885
1.0,0.09768133004240524,0.85145426,-0.012076217833077885
1.0,0.003982603203616656,0.9971937,-0.012076217833077885
1.0,0.028220247724761175,0.6929017,0.030416802547055477
1.0,0.01832620291945312,0.9929415,0.030416802547055477
0.0,1.0227875013052985,0.48922482,0.030416802547055477
1.0,0.055521094686902535,0.9692694,0.030416802547055477
1.0,0.04634713593464827,0.99802494,0.030416802547055477
1.0,0.22335819524372053,0.174461,0.030416802547055477
1.0,0.5619652492812363,0.6508895,0.030416802547055477
1.0,0.20490768813220836,0.7292409,0.030416802547055477
0.0,0.06782034375533408,0.043328494,0.030416802547055477
1.0,0.23136106052299704,0.57518095,0.030416802547055477
1.0,0.13968092132046803,0.9854616,0.030416802547055477
0.0,1.503022728309466,0.015843205,0.030416802547055477
1.0,0.009979344038638526,0.75012827,0.030416802547055477
1.0,0.023922259395822622,0.9981857,0.030416802547055477
1.0,0.02775285848237734,0.33145308,0.08058553590263107
1.0,0.7300947234960427,0.9862919,0.08058553590263107
0.0,0.6565103383286299,0.50635624,0.08058553590263107
0.0,0.2672699941179786,0.06055682,0.08058553590263107
1.0,0.04164507426898684,0.99511504,0.08058553590263107
0.0,0.2526259012160911,0.28635275,0.08058553590263107
1.0,0.2057731526026094,0.6779156,0.08058553590263107
1.0,0.6229625291740212,0.78976,0.08058553590263107
0.0,0.3253978696440792,0.024315242,0.08058553590263107
1.0,0.24519939000685936,0.71754724,0.08058553590263107
1.0,0.09760511467060741,0.96611404,0.08058553590263107
1.0,0.05036498099079549,0.98933756,0.08058553590263107
1.0,0.6236571413085884,0.15583135,0.08058553590263107
0.0,0.3270978463679682,0.065603495,0.08058553590263107
0.0,0.23885636432496032,0.58673257,0.02174379137340432
0.0,0.06658527892873031,0.27584842,0.02174379137340432
1.0,0.7448197865727283,0.51957273,0.02174379137340432
1.0,0.28652193764815614,0.44640288,0.02174379137340432
1.0,0.1330496116224164,0.19831179,0.02174379137340432
1.0,0.09218081481650764,0.11837242,0.02174379137340432
1.0,0.08595952586400875,0.6432771,0.02174379137340432
1.0,0.8243521987226208,0.43695295,0.02174379137340432
1.0,0.20556179546989733,0.23365895,0.02174379137340432
1.0,0.11292099174112348,0.6534125,0.02174379137340432
1.0,0.09675608176124585,0.92933315,0.02174379137340432
0.0,0.6828206451036309,0.1408259,0.02174379137340432
1.0,0.36211125461784743,0.5211629,0.02174379137340432
1.0,0.042544870596618524,0.2506801,0.02174379137340432
1.0,0.02829737250124767,0.7184362,-0.09537413630257452
1.0,0.040519564054485695,0.99358493,-0.09537413630257452
1.0,0.22702741046950578,0.643326,-0.09537413630257452
1.0,0.007406836566772378,0.9594052,-0.09537413630257452
1.0,0.05195787750357278,0.9982664,-0.09537413630257452
1.0,0.417158758076972,0.9195361,-0.09537413630257452
0.0,0.024526490500805083,0.42264748,-0.09537413630257452
1.0,0.6222451023271902,0.8593511,-0.09537413630257452
1.0,0.050298286288269406,0.9562484,-0.09537413630257452
0.0,0.19315796529034654,0.12118374,-0.09537413630257452
1.0,0.16216733413357426,0.9895808,-0.09537413630257452
1.0,0.0846801534058146,0.9953571,-0.09537413630257452
1.0,0.06354206611122092,0.86722434,-0.09537413630257452
1.0,0.003260318143249066,0.99831796,-0.09537413630257452
0.0,0.07569553604262713,0.7038881,-0.020393676122927085
1.0,0.009629742129362547,0.99125344,-0.020393676122927085
1.0,0.5138123877895754,0.55389863,-0.020393676122927085
0.0,0.07455425697026669,0.39519215,-0.020393676122927085
1.0,0.006836474672543861,0.9979825,-0.020393676122927085
1.0,0.830669170096688,0.46789193,-0.020393676122927085
1.0,0.1289733787621578,0.58752203,-0.020393676122927085
0.0,0.6202693991962926,0.17115994,-0.020393676122927085
1.0,0.18108164260489043,0.3134376,-0.020393676122927085
0.0,0.03052144122516736,0.66368926,-0.020393676122927085
1.0,0.21147935856114347,0.97804135,-0.020393676122927085
1.0,0.03372764316760372,0.99207616,-0.020393676122927085
1.0,0.6225672345430909,0.17043355,-0.020393676122927085
1.0,0.010765536992911117,0.9983069,-0.020393676122927085
1.0,0.0796218869943965,0.5257021,-0.03040531683159231
1.0,0.49065671783986403,0.011945791,-0.03040531683159231
0.0,0.5592473380670484,0.10415318,-0.03040531683159231
1.0,0.04539320060554598,0.9289144,-0.03040531683159231
0.0,0.13779603676889887,0.85499126,-0.03040531683159231
1.0,0.40729466749492105,0.753704,-0.03040531683159231
1.0,0.04028848744199648,0.5563314,-0.03040531683159231
1.0,0.8140204736236611,0.19102775,-0.03040531683159231
0.0,0.24707796201872048,0.0154104745,-0.03040531683159231
1.0,0.201386105107729,0.4152287,-0.03040531683159231
1.0,0.18608981493914376,0.9768371,-0.03040531683159231
1.0,0.045332471552714415,0.99329704,-0.03040531683159231
0.0,0.7479598601881822,0.25816658,-0.03040531683159231
1.0,0.02816910061443018,0.99805427,-0.03040531683159231
1.0,0.056058901773531726,0.6770975,-0.006925345282331297
0.0,0.007089431991244444,0.16334963,-0.006925345282331297
1.0,0.5767613692123376,0.3472686,-0.006925345282331297
1.0,0.07865385445731998,0.94412404,-0.006925345282331297
1.0,0.012595936854198013,0.97932166,-0.006925345282331297
1.0,0.2620023144561016,0.16787982,-0.006925345282331297
1.0,0.013644977963153518,0.45102304,-0.006925345282331297
0.0,0.9180080888633422,0.63212246,-0.006925345282331297
1.0,0.04889043562051777,0.9766185,-0.006925345282331297
1.0,0.20418882912691322,0.19934273,-0.006925345282331297
0.0,1.0643549455441146,0.08539622,-0.006925345282331297
1.0,0.17007436924143457,0.99362516,-0.006925345282331297
0.0,0.5583127143695736,0.15702222,-0.006925345282331297
1.0,0.008172812224915895,0.9982975,-0.006925345282331297
0.0,0.06202718051435585,0.69125706,-0.018445464648409404
1.0,0.302589169110245,0.18782483,-0.018445464648409404
1.0,0.6863370835525077,0.18520863,-0.018445464648409404
1.0,0.03646131240797746,0.9487786,-0.018445464648409404
0.0,0.01532898747618941,0.12896176,-0.018445464648409404
0.0,0.3051400723800839,0.55295116,-0.018445464648409404
1.0,0.0003097499013906061,0.3162565,-0.018445464648409404
1.0,0.974934687851206,0.032152,-0.018445464648409404
1.0,0.17024818258754426,0.39943913,-0.018445464648409404
1.0,0.13655339597089014,0.23012811,-0.018445464648409404
1.0,0.19076609562064947,0.9812013,-0.018445464648409404
1.0,0.1012557313439996,0.9946814,-0.018445464648409404
0.0,0.46998419155175025,0.2742242,-0.018445464648409404
1.0,0.030967642909018555,0.9988838,-0.018445464648409404
1.0,0.049801231884213724,0.6133444,-0.03939862548674211
1.0,0.3142139918756641,0.9745275,-0.03939862548674211
1.0,0.5577270113789603,0.27448604,-0.03939862548674211
1.0,0.09736829195480329,0.93846405,-0.03939862548674211
1.0,0.15553204439767931,0.9981541,-0.03939862548674211
1.0,0.14238355329245053,0.15778323,-0.03939862548674211
1.0,0.1631232189597699,0.67724985,-0.03939862548674211
0.0,0.9183120705813106,0.56711465,-0.03939862548674211
1.0,0.014308113510245185,0.952947,-0.03939862548674211
0.0,0.13422831442229768,0.25128752,-0.03939862548674211
1.0,0.2309502266486409,0.9877488,-0.03939862548674211
1.0,0.08434698377909236,0.9920711,-0.03939862548674211
0.0,0.6541284179161061,0.13036692,-0.03939862548674211
1.0,0.49328263751695806,0.083813645,-0.03939862548674211
1.0,0.025729768882094276,0.6844575,-0.054320162369986214
1.0,0.4922330212155176,0.37310475,-0.054320162369986214
1.0,0.22398034215939533,0.5291798,-0.054320162369986214
1.0,0.09879002603477481,0.9770915,-0.054320162369986214
0.0,0.23559911324908994,0.0471842,-0.054320162369986214
1.0,0.46941875948083545,0.9572131,-0.054320162369986214
1.0,0.584191389644698,0.4462487,-0.054320162369986214
1.0,0.8528069732383172,0.74779004,-0.054320162369986214
0.0,0.34028992654436513,0.017323816,-0.054320162369986214
0.0,0.1745402088249834,0.2282081,-0.054320162369986214
1.0,0.2341629957089626,0.98824394,-0.054320162369986214
1.0,0.14513556884689344,0.99379224,-0.054320162369986214
1.0,0.17654738130332262,0.8181493,-0.054320162369986214
1.0,0.003896438987622699,0.99805224,-0.054320162369986214
1.0,0.15738616150438162,0.72348505,-0.033936969991789134
1.0,0.5782308530059729,0.9806529,-0.033936969991789134
1.0,0.6006101818335144,0.5370501,-0.033936969991789134
1.0,0.03686601617634527,0.82999396,-0.033936969991789134
1.0,0.17885194294047407,0.99717474,-0.033936969991789134
1.0,0.6593296060193387,0.7453609,-0.033936969991789134
0.0,0.19064489305716495,0.11795035,-0.033936969991789134
0.0,0.5057135417044859,0.083327375,-0.033936969991789134
1.0,0.04298290082051305,0.96363354,-0.033936969991789134
1.0,0.041800031318993125,0.17617153,-0.033936969991789134
1.0,0.060634356917242,0.975633,-0.033936969991789134
0.0,0.21078931517243701,0.02180884,-0.033936969991789134
1.0,0.5345365286087556,0.21575998,-0.033936969991789134
1.0,0.01877678360514041,0.99721247,-0.033936969991789134
1.0,0.07463868046472846,0.7371057,0.0056100195285369026
1.0,0.12136055473229458,0.98484993,0.0056100195285369026
1.0,0.5223326600736341,0.26243654,0.0056100195285369026
1.0,0.20522561845368567,0.4368012,0.0056100195285369026
1.0,0.12097942170029334,0.99743783,0.0056100195285369026
1.0,0.6095884776496754,0.90987873,0.0056100195285369026
1.0,0.5298612631636495,0.80166596,0.0056100195285369026
0.0,0.14984885863763064,0.03567754,0.0056100195285369026
1.0,0.0747682603235795,0.9669225,0.0056100195285369026
0.0,0.010413645732929242,0.08035599,0.0056100195285369026
1.0,4.418814845841817,0.1379643,0.0056100195285369026
1.0,0.9825965104838141,0.9815611,0.0056100195285369026
1.0,0.5095754633661098,0.48853084,0.0056100195285369026
1.0,0.01660762201586262,0.9969813,0.0056100195285369026
1.0,0.07988834587912184,0.682287,0.04431606605790872
0.0,1.094439970497073,0.0011842692,0.04431606605790872
1.0,0.2783868813834185,0.48462394,0.04431606605790872
0.0,0.019276320550390687,0.108468674,0.04431606605790872
0.0,0.0186602675124177,0.62682676,0.04431606605790872
1.0,0.3207473860139242,0.99618596,0.04431606605790872
1.0,0.21347403291349498,0.6319404,0.04431606605790872
1.0,0.8282630457660577,0.9856259,0.04431606605790872
1.0,0.042054002354409606,0.97500426,0.04431606605790872
1.0,0.030453340512568046,0.9945511,0.04431606605790872
1.0,0.10628002974016125,0.9563215,0.04431606605790872
0.0,0.7829250329534755,0.07898671,0.04431606605790872
1.0,0.10282203695963436,0.8523643,0.04431606605790872
1.0,0.05358566134173903,0.9978096,0.04431606605790872
0.0,0.013865609987500197,0.7414958,-0.06052926512348489
1.0,0.6175301434483849,0.9884815,-0.06052926512348489
1.0,0.6427138234493944,0.4978229,-0.06052926512348489
1.0,0.12106764311500656,0.39414102,-0.06052926512348489
1.0,0.054357549942792065,0.9977101,-0.06052926512348489
0.0,0.39758702430243387,0.78743356,-0.06052926512348489
1.0,0.1550172865984056,0.6604403,-0.06052926512348489
1.0,0.6889005159831989,0.8395694,-0.06052926512348489
1.0,0.04155770285049929,0.95136696,-0.06052926512348489
1.0,0.1754720449597422,0.7020123,-0.06052926512348489
1.0,0.10089042492269708,0.9841904,-0.06052926512348489
1.0,0.10596044650353272,0.9895152,-0.06052926512348489
0.0,0.6207362008190254,0.33118078,-0.06052926512348489
1.0,0.005222362432034759,0.99715936,-0.06052926512348489
1.0,0.1244453128424938,0.39185274,-0.10120118363459601
1.0,0.5895639915795012,0.14631933,-0.10120118363459601
1.0,0.5480491628361172,0.5957717,-0.10120118363459601
1.0,0.04590915041807447,0.92231864,-0.10120118363459601
0.0,0.06300478062501443,0.30694377,-0.10120118363459601
0.0,0.4612842012695026,0.6389306,-0.10120118363459601
1.0,0.13526759729830679,0.569834,-0.10120118363459601
1.0,0.6917058672083619,0.03990013,-0.10120118363459601
1.0,0.053058637754097124,0.9653857,-0.10120118363459601
1.0,0.023680173019217737,0.82771367,-0.10120118363459601
1.0,0.0961782989492401,0.9669571,-0.10120118363459601
1.0,0.01155762330012491,0.9884652,-0.10120118363459601
1.0,0.02453770247087653,0.81228614,-0.10120118363459601
1.0,0.038316625922418995,0.9978155,-0.10120118363459601
1.0,0.0001952862402676814,0.2578559,-0.0007521354324151464
0.0,0.5905471926282202,0.12937658,-0.0007521354324151464
1.0,0.6245418165866113,0.5892981,-0.0007521354324151464
1.0,0.2282389287237641,0.92798054,-0.0007521354324151464
0.0,0.21542444124898422,0.019580107,-0.0007521354324151464
1.0,0.2160846164913706,0.9966612,-0.0007521354324151464
1.0,0.02957088550804956,0.5719816,-0.0007521354324151464
1.0,0.5826708222396042,0.98688984,-0.0007521354324151464
1.0,0.0829917268992317,0.97713566,-0.0007521354324151464
1.0,0.040966550904635794,0.9952821,-0.0007521354324151464
0.0,3.848602133516054,0.14349699,-0.0007521354324151464
1.0,0.6207829862060777,0.98099583,-0.0007521354324151464
1.0,0.08968312500536271,0.7975918,-0.0007521354324151464
1.0,0.036379330131847944,0.9969501,-0.0007521354324151464
0.0,0.19173137795541917,0.0013054102,-0.015510706415139908
1.0,0.2912940495376984,0.9884459,-0.015510706415139908
1.0,0.25228898110832637,0.6709497,-0.015510706415139908
1.0,0.08984085328039382,0.95870835,-0.015510706415139908
1.0,0.10535543097392193,0.9986015,-0.015510706415139908
1.0,0.34435230056621335,0.8227852,-0.015510706415139908
1.0,0.6524363112341248,0.7218385,-0.015510706415139908
1.0,0.8974510634840829,0.83379763,-0.015510706415139908
0.0,0.32048367310822024,0.029883517,-0.015510706415139908
1.0,0.1933816491354861,0.6607997,-0.015510706415139908
1.0,0.28509751431066876,0.9865928,-0.015510706415139908
1.0,0.14617916151448088,0.99365634,-0.015510706415139908
1.0,0.14079554453793805,0.8086849,-0.015510706415139908
1.0,0.00412931322239361,0.9986333,-0.015510706415139908
1.0,0.02684226310021835,0.6059255,-0.0825649471564327
1.0,0.2903278572662381,0.99148893,-0.0825649471564327
1.0,1.271950386856978,0.7966039,-0.0825649471564327
1.0,0.16979004235659198,0.96907085,-0.0825649471564327
1.0,0.18551089114780975,0.9988502,-0.0825649471564327
1.0,0.4924638857613055,0.9482892,-0.0825649471564327
0.0,0.5432245802308976,0.6871614,-0.0825649471564327
1.0,0.8780994288533172,0.21782142,-0.0825649471564327
1.0,0.3214901610598112,0.50705004,-0.0825649471564327
1.0,0.11060658424266955,0.33929792,-0.0825649471564327
1.0,0.24746679636318106,0.99021673,-0.0825649471564327
1.0,0.2096784393081769,0.99458635,-0.0825649471564327
1.0,0.05893529770000945,0.74112284,-0.0825649471564327
1.0,0.023348754575918132,0.99851006,-0.0825649471564327
1.0,0.04299637138470533,0.62758803,-0.07693646895262879
1.0,0.03771970495368575,0.9921691,-0.07693646895262879
0.0,0.6785896995743321,0.49514657,-0.07693646895262879
1.0,0.029522834481204574,0.9287191,-0.07693646895262879
1.0,0.043611073342751355,0.9981877,-0.07693646895262879
1.0,0.13500504823532958,0.096419945,-0.07693646895262879
1.0,0.21248489495780498,0.75958616,-0.07693646895262879
1.0,0.9247074690366188,0.6076602,-0.07693646895262879
1.0,0.050322594078304125,0.941352,-0.07693646895262879
0.0,0.14960088500167162,0.16227476,-0.07693646895262879
1.0,0.213143000054512,0.9838381,-0.07693646895262879
1.0,0.0952375872488689,0.98986125,-0.07693646895262879
1.0,0.03665586537843056,0.870165,-0.07693646895262879
1.0,0.028658333044258407,0.99813205,-0.07693646895262879
1.0,0.008233839323542998,0.71121067,0.03353718560407726
1.0,0.659722842695655,0.8250923,0.03353718560407726
0.0,1.1039664249884051,0.18975885,0.03353718560407726
1.0,0.133177547240055,0.48761293,0.03353718560407726
0.0,0.16396255105135352,0.07689198,0.03353718560407726
1.0,0.3770418300478218,0.92015046,0.03353718560407726
1.0,0.5309696067120943,0.7766646,0.03353718560407726
1.0,1.5869091603379006,0.58344203,0.03353718560407726
0.0,0.0403443065599618,0.07209182,0.03353718560407726
1.0,0.012493882315528886,0.73327005,0.03353718560407726
1.0,0.08613433998863304,0.96035296,0.03353718560407726
1.0,0.0691217970266402,0.9844037,0.03353718560407726
1.0,0.494593003519275,0.5629182,0.03353718560407726
1.0,0.0287370916849974,0.9981438,0.03353718560407726
1.0,0.0228413043891532,0.73468983,-0.009108950736080035
1.0,0.017103834395557987,0.994055,-0.009108950736080035
0.0,0.3014070461924277,0.33550167,-0.009108950736080035
0.0,0.22620305333591428,0.19265057,-0.009108950736080035
1.0,0.11312556924071719,0.997738,-0.009108950736080035
1.0,0.4613386312065106,0.9262974,-0.009108950736080035
1.0,0.1457543069194067,0.73326904,-0.009108950736080035
1.0,0.8078590390542918,0.75986993,-0.009108950736080035
1.0,0.06298276771745435,0.94810325,-0.009108950736080035
1.0,0.20152993974708605,0.663468,-0.009108950736080035
1.0,0.1908630165847128,0.9911622,-0.009108950736080035
1.0,0.06853073788284532,0.992724,-0.009108950736080035
1.0,0.7573555732814854,0.33493823,-0.009108950736080035
1.0,0.0022064051642495097,0.99783546,-0.009108950736080035
1.0,0.03154613834727294,0.52433026,-0.0913446835978608
1.0,0.05424554271927348,0.99457574,-0.0913446835978608
1.0,0.6523915851931732,0.40271136,-0.0913446835978608
0.0,0.0019903977406713754,0.8028656,-0.0913446835978608
1.0,0.012017146689550662,0.9975254,-0.0913446835978608
1.0,0.4402257076153825,0.99152946,-0.0913446835978608
1.0,0.12634644375053347,0.18486242,-0.0913446835978608
1.0,0.8374919117443631,0.9854431,-0.0913446835978608
1.0,0.022003212005905118,0.97574764,-0.0913446835978608
1.0,0.03304419572185465,0.99228376,-0.0913446835978608
1.0,0.15893921265754235,0.9734807,-0.0913446835978608
1.0,0.03440111195388573,0.9874351,-0.0913446835978608
1.0,0.021597201564148658,0.84242636,-0.0913446835978608
1.0,0.021358826381586815,0.9981608,-0.0913446835978608
1.0,0.1928528273496237,0.2562018,-0.04988615936929808
1.0,0.02841143222775619,0.9939651,-0.04988615936929808
1.0,1.3145189215670876,0.7414874,-0.04988615936929808
1.0,0.08022892993044349,0.9826493,-0.04988615936929808
1.0,0.03048536434341948,0.99857116,-0.04988615936929808
0.0,0.24007636149749997,0.018266607,-0.04988615936929808
1.0,0.040420789474696205,0.5752588,-0.04988615936929808
1.0,0.7883018466231794,0.7697674,-0.04988615936929808
1.0,0.023182542392989905,0.97074246,-0.04988615936929808
1.0,0.15173604705190386,0.34569275,-0.04988615936929808
1.0,0.20360872864102963,0.9867098,-0.04988615936929808
1.0,0.12399238367120334,0.99363434,-0.04988615936929808
0.0,0.03088605883004307,0.77077025,-0.04988615936929808
1.0,0.01857593956669954,0.99825495,-0.04988615936929808
0.0,0.04761146064302906,0.73543173,0.0021109678544345423
0.0,0.8762067239931077,0.00042600863,0.0021109678544345423
1.0,0.7565383832069295,0.5636836,0.0021109678544345423
0.0,0.02919245484222739,0.17209186,0.0021109678544345423
1.0,0.11600193459997217,0.8110594,0.0021109678544345423
1.0,0.2872721350831524,0.8399021,0.0021109678544345423
1.0,0.2273700282070269,0.60560215,0.0021109678544345423
1.0,0.9634510030024019,0.7785034,0.0021109678544345423
1.0,0.06225633404840236,0.9603081,0.0021109678544345423
1.0,0.09623168136394274,0.26432,0.0021109678544345423
0.0,0.9684236264933516,0.028293833,0.0021109678544345423
1.0,0.09022074531241281,0.98669654,0.0021109678544345423
1.0,0.04494465978155216,0.8233449,0.0021109678544345423
1.0,0.016327146309661197,0.9961302,0.0021109678544345423
0.0,0.1281032783694943,0.25374195,0.004540599072463181
0.0,1.0043299428464614,0.004229715,0.004540599072463181
1.0,0.7328210167651048,0.40944558,0.004540599072463181
1.0,0.025977303710712756,0.97901845,0.004540599072463181
1.0,0.015540174779090258,0.68073505,0.004540599072463181
1.0,0.4398391754255048,0.8171551,0.004540599072463181
1.0,0.4738693533491729,0.5271027,0.004540599072463181
1.0,0.6708466032582361,0.8249115,0.004540599072463181
1.0,0.3225734148060853,0.4911461,0.004540599072463181
1.0,0.19335530300890721,0.42902035,0.004540599072463181
1.0,0.20055934176740678,0.97614753,0.004540599072463181
1.0,0.13753985970095908,0.99273175,0.004540599072463181
1.0,0.04551602277219035,0.87767035,0.004540599072463181
1.0,0.017964393629257606,0.99742967,0.004540599072463181
1.0,0.003884600211734823,0.70749724,-0.027171378011311587
1.0,0.3053857517666504,0.95878166,-0.027171378011311587
1.0,0.5760870056738984,0.54152876,-0.027171378011311587
1.0,0.03381756484488413,0.9627343,-0.027171378011311587
0.0,0.22742239895634378,0.0106918365,-0.027171378011311587
0.0,0.10120793774041616,0.0061232075,-0.027171378011311587
0.0,0.6401532407794736,0.51711136,-0.027171378011311587
1.0,1.0445220096079948,0.7811547,-0.027171378011311587
1.0,0.30502198968659,0.03165928,-0.027171378011311587
1.0,0.03988783302021508,0.9499139,-0.027171378011311587
1.0,0.21121373360221832,0.9677156,-0.027171378011311587
1.0,0.01747999489208226,0.9888626,-0.027171378011311587
1.0,0.12609064220270885,0.85820615,-0.027171378011311587
0.0,0.7933035675343973,0.009965356,-0.027171378011311587
1.0,0.34699110047397635,0.07350485,0.07428232560876469
0.0,0.5195159355317501,0.063660786,0.07428232560876469
1.0,0.011525977737030568,0.48522586,0.07428232560876469
1.0,0.0004358950699102221,0.30054492,0.07428232560876469
1.0,0.0655594906501944,0.38491064,0.07428232560876469
1.0,0.3493432645082256,0.45683745,0.07428232560876469
0.0,0.7049024692840208,0.4617153,0.07428232560876469
0.0,0.48894823518420877,0.029341273,0.07428232560876469
1.0,0.22844948034756168,0.2790606,0.07428232560876469
1.0,0.04964026460766911,0.22097181,0.07428232560876469
0.0,3.8145145633603463,0.024801146,0.07428232560876469
1.0,0.5541416656233653,0.99140376,0.07428232560876469
0.0,0.48817073116542625,0.16610739,0.07428232560876469
1.0,0.021596844362995214,0.9979079,0.07428232560876469
1.0,0.030280239951708574,0.6360482,-0.021866017781510594
1.0,0.12924705608120501,0.92427105,-0.021866017781510594
1.0,0.5678469513694853,0.57690024,-0.021866017781510594
1.0,0.03676633839200239,0.94747496,-0.021866017781510594
1.0,0.023215439712345486,0.9861211,-0.021866017781510594
1.0,0.4556406883568865,0.77402693,-0.021866017781510594
0.0,0.5102387753672993,0.3738673,-0.021866017781510594
0.0,0.9682321677656146,0.13860986,-0.021866017781510594
1.0,0.07221676387739999,0.95086974,-0.021866017781510594
1.0,0.17271312134126016,0.45808622,-0.021866017781510594
0.0,0.8051874104577369,0.02662357,-0.021866017781510594
0.0,0.23196602243180517,0.0295326,-0.021866017781510594
1.0,0.06776422706699153,0.88035595,-0.021866017781510594
1.0,0.019937082785444194,0.9970584,-0.021866017781510594
0.0,0.08746663028320568,0.009091891,-5.276886515725998e-05
1.0,0.5716937692924469,0.8830482,-5.276886515725998e-05
1.0,0.7164752976221069,0.5417697,-5.276886515725998e-05
1.0,0.23225773134853564,0.895858,-5.276886515725998e-05
1.0,0.5900480937335428,0.9550736,-5.276886515725998e-05
1.0,0.06804785453320655,0.7963622,-5.276886515725998e-05
1.0,0.41893756765825013,0.9292087,-5.276886515725998e-05
1.0,0.3640819193463628,0.8581742,-5.276886515725998e-05
1.0,0.07801603826002122,0.9679911,-5.276886515725998e-05
1.0,0.07764226184617734,0.6498966,-5.276886515725998e-05
1.0,4.3694449382499,0.49443245,-5.276886515725998e-05
1.0,0.8307352828007628,0.9807091,-5.276886515725998e-05
0.0,0.6062896745820345,0.5789832,-5.276886515725998e-05
1.0,0.005223937517228395,0.9952856,-5.276886515725998e-05
1.0,0.07907439887128231,0.46347857,-0.039464490512416794
1.0,0.12258649210908083,0.73760945,-0.039464490512416794
1.0,0.8231397394694498,0.43686804,-0.039464490512416794
1.0,0.26814553536111607,0.8999385,-0.039464490512416794
0.0,0.4588205844778578,0.0062263506,-0.039464490512416794
1.0,0.31625151100963544,0.7988291,-0.039464490512416794
0.0,0.0510109320234657,0.7548968,-0.039464490512416794
0.0,0.21221746427743346,0.038949985,-0.039464490512416794
1.0,0.08045332799486343,0.95475876,-0.039464490512416794
1.0,0.026445906744817508,0.9508312,-0.039464490512416794
1.0,4.673982409251273,0.08249757,-0.039464490512416794
1.0,0.8643228915465965,0.9857077,-0.039464490512416794
1.0,0.2499835398169545,0.8444634,-0.039464490512416794
1.0,0.04081916851137208,0.99671435,-0.039464490512416794
1.0,0.09458008125858873,0.314943,-0.034612231414948014
0.0,0.7176467322858682,0.04596457,-0.034612231414948014
1.0,0.2700614220423624,0.2510363,-0.034612231414948014
0.0,0.352299885828868,0.4635534,-0.034612231414948014
1.0,0.032715816847265544,0.21560486,-0.034612231414948014
1.0,0.3893342372084339,0.9967771,-0.034612231414948014
1.0,0.5457299318761172,0.8480328,-0.034612231414948014
1.0,0.8773306805894717,0.9875737,-0.034612231414948014
1.0,0.08540151848559502,0.9763391,-0.034612231414948014
1.0,0.03257208057879348,0.99284655,-0.034612231414948014
1.0,0.10283331758421088,0.83324224,-0.034612231414948014
1.0,0.05408647400828899,0.97230273,-0.034612231414948014
1.0,0.3097056134953045,0.6004873,-0.034612231414948014
1.0,0.0015044227332174725,0.9975902,-0.034612231414948014
1.0,0.12094688729856211,0.17966428,0.028998405111650194
1.0,0.35426294151382104,0.9907799,0.028998405111650194
1.0,0.7338244204843412,0.5689194,0.028998405111650194
1.0,0.19357315654911011,0.92896307,0.028998405111650194
1.0,0.006174486251726669,0.9989831,0.028998405111650194
0.0,0.053231588506362004,0.007138451,0.028998405111650194
1.0,0.20603996534637659,0.5485254,0.028998405111650194
1.0,0.6149477481824273,0.7969756,0.028998405111650194
1.0,0.08738269200533912,0.97262627,0.028998405111650194
1.0,0.0954897967599395,0.97895265,0.028998405111650194
0.0,3.9990391658232696,0.05726963,0.028998405111650194
1.0,0.704855817521777,0.98749566,0.028998405111650194
0.0,0.7469399955778674,0.27489594,0.028998405111650194
1.0,0.07745352649038442,0.99792445,0.028998405111650194
1.0,0.4000539030715754,0.6240939,0.09038039695469513
1.0,0.38104230643390724,0.18016294,0.09038039695469513
1.0,0.023078853927026032,0.53265107,0.09038039695469513
1.0,0.1111135657705679,0.2469721,0.09038039695469513
0.0,0.07659864583038772,0.15429798,0.09038039695469513
1.0,0.14096701897279137,0.8482738,0.09038039695469513
1.0,0.38811412651223354,0.70525175,0.09038039695469513
0.0,0.47360962188043443,0.16109411,0.09038039695469513
0.0,0.09186154746924775,0.018831775,0.09038039695469513
1.0,0.15243029881436326,0.5270083,0.09038039695469513
0.0,3.7496891703480664,0.13018611,0.09038039695469513
0.0,0.6947857742451414,0.011309999,0.09038039695469513
1.0,0.3103294689299961,0.43816566,0.09038039695469513
1.0,0.03780339225029013,0.9981584,0.09038039695469513
1.0,0.13740353265590685,0.5327685,-0.03421902424644274
0.0,0.9097718294588658,0.047618385,-0.03421902424644274
1.0,1.2159802393852506,0.21339872,-0.03421902424644274
1.0,0.06180972128411937,0.27306846,-0.03421902424644274
1.0,0.05825253832204356,0.76792336,-0.03421902424644274
0.0,0.19526689306679262,0.0580079,-0.03421902424644274
1.0,0.3854705221035384,0.78376156,-0.03421902424644274
1.0,0.7755924156489084,0.12763166,-0.03421902424644274
1.0,0.0181330574696687,0.9633601,-0.03421902424644274
1.0,0.14183004871323138,0.46413875,-0.03421902424644274
1.0,0.031667124297305775,0.97541624,-0.03421902424644274
1.0,0.16520452174050904,0.98225385,-0.03421902424644274
0.0,0.052387041566555916,0.72699267,-0.03421902424644274
1.0,0.025380545163038958,0.99603635,-0.03421902424644274
0.0,0.19313859517856863,0.62969697,-0.007399577432200821
1.0,0.06156919498076565,0.98625237,-0.007399577432200821
1.0,0.5482195491613276,0.48040184,-0.007399577432200821
1.0,0.07024216203029743,0.9068854,-0.007399577432200821
1.0,0.06011603346206555,0.9976053,-0.007399577432200821
1.0,0.18431175944565903,0.54055125,-0.007399577432200821
1.0,0.5847942352470253,0.57227904,-0.007399577432200821
1.0,0.6183367955432881,0.7627619,-0.007399577432200821
1.0,0.2202611840175651,0.32640842,-0.007399577432200821
1.0,0.19230601824434013,0.64964503,-0.007399577432200821
1.0,0.21419117066510115,0.970571,-0.007399577432200821
1.0,0.13412216493156098,0.99328595,-0.007399577432200821
1.0,0.7035812139402423,0.34189418,-0.007399577432200821
1.0,0.010523595619841742,0.9985227,-0.007399577432200821
0.0,0.6080312872581998,0.005384202,-0.0027993195372843505
1.0,0.25252309750581003,0.9877446,-0.0027993195372843505
1.0,0.4302734717629495,0.3132572,-0.0027993195372843505
1.0,0.08521041719555884,0.90591687,-0.0027993195372843505
1.0,0.03444925650177937,0.9826393,-0.0027993195372843505
1.0,0.39547782184828895,0.74765176,-0.0027993195372843505
1.0,0.7811901662283648,0.49603155,-0.0027993195372843505
0.0,0.6301260823503596,0.030165058,-0.0027993195372843505
0.0,0.25257182791150995,0.024260256,-0.0027993195372843505
1.0,0.040990148460856336,0.82030886,-0.0027993195372843505
0.0,0.4489582796336248,0.035258688,-0.0027993195372843505
1.0,0.013031878573745152,0.981632,-0.0027993195372843505
1.0,0.570831369841193,0.3713226,-0.0027993195372843505
0.0,0.330662187289487,0.023989605,-0.0027993195372843505
1.0,0.07137298913741312,0.71926546,-0.03288228555715195
1.0,0.9300522451453568,0.27493566,-0.03288228555715195
1.0,0.44719312647842674,0.49070075,-0.03288228555715195
1.0,0.0041760041779635585,0.92546743,-0.03288228555715195
1.0,0.43193142008772883,0.59065664,-0.03288228555715195
1.0,0.3757405269534632,0.9917874,-0.03288228555715195
0.0,0.6679142599321833,0.015385988,-0.03288228555715195
1.0,0.9109257169335278,0.8336579,-0.03288228555715195
1.0,0.06116572962237221,0.94947267,-0.03288228555715195
0.0,0.0782118509193571,0.0070998794,-0.03288228555715195
1.0,0.16907947485123406,0.96909195,-0.03288228555715195
1.0,0.038932595087674944,0.99034274,-0.03288228555715195
1.0,0.015824444799061022,0.8698582,-0.03288228555715195
1.0,0.34863127449111664,0.08107173,-0.03288228555715195
1.0,0.013697338084964001,0.7472964,-0.08218607441876297
1.0,0.6208872528620029,0.96918654,-0.08218607441876297
1.0,0.04899998784563214,0.6786536,-0.08218607441876297
1.0,0.06535303409669577,0.95413965,-0.08218607441876297
1.0,0.1309998937179577,0.99859065,-0.08218607441876297
1.0,0.42235210384226457,0.9036561,-0.08218607441876297
1.0,0.7125432097856846,0.023808565,-0.08218607441876297
1.0,0.5616481080694335,0.9061158,-0.08218607441876297
1.0,0.046003909823705225,0.9637738,-0.08218607441876297
1.0,0.042320996970311026,0.43704844,-0.08218607441876297
1.0,0.024065595022042092,0.97722626,-0.08218607441876297
1.0,0.04755076258769804,0.99086285,-0.08218607441876297
1.0,0.7301510190036059,0.31754002,-0.08218607441876297
1.0,0.0059449728773612424,0.9972837,-0.08218607441876297
1.0,0.020362778780655098,0.5754306,-0.06289334099684624
1.0,0.18877027306925342,0.868774,-0.06289334099684624
0.0,0.40332440064833525,0.27489427,-0.06289334099684624
1.0,0.01591741811779176,0.8812889,-0.06289334099684624
1.0,0.10997250527766678,0.9627142,-0.06289334099684624
1.0,0.5746738878879817,0.86358017,-0.06289334099684624
1.0,0.1278406697596119,0.49500126,-0.06289334099684624
0.0,0.6831063945373052,0.030153058,-0.06289334099684624
1.0,0.04714028876780168,0.9568923,-0.06289334099684624
1.0,0.05715644643158942,0.94416696,-0.06289334099684624
1.0,0.18287375991897123,0.967581,-0.06289334099684624
1.0,0.04420847293068989,0.98358905,-0.06289334099684624
1.0,0.04165772320389459,0.85025644,-0.06289334099684624
1.0,0.033128316309818474,0.99684286,-0.06289334099684624
1.0,0.041384249840535486,0.5564289,-0.04672706173270391
1.0,0.6309628281656274,0.39332166,-0.04672706173270391
1.0,0.20774707021767397,0.6910592,-0.04672706173270391
1.0,0.05905678267854182,0.95168453,-0.04672706173270391
0.0,0.19152128261662185,0.07116825,-0.04672706173270391
1.0,0.2589699902670791,0.75235385,-0.04672706173270391
1.0,0.6926701467547574,0.3808104,-0.04672706173270391
1.0,0.8716178441015262,0.7891412,-0.04672706173270391
1.0,0.2812375968628413,0.04081126,-0.04672706173270391
1.0,0.14859623131756988,0.7126507,-0.04672706173270391
1.0,0.15712239086822807,0.9773496,-0.04672706173270391
1.0,0.15880378581040155,0.98842657,-0.04672706173270391
1.0,0.16828507189890426,0.82332796,-0.04672706173270391
1.0,0.022711963422415025,0.9957924,-0.04672706173270391
1.0,0.06101964301813384,0.539023,-0.09190546830348206
1.0,0.01934798932992428,0.99411243,-0.09190546830348206
1.0,0.5650194273100926,0.59224516,-0.09190546830348206
1.0,0.07845673288115676,0.69805,-0.09190546830348206
1.0,0.06732578728314388,0.9964077,-0.09190546830348206
1.0,0.46715306905633963,0.99390805,-0.09190546830348206
1.0,0.5490305775805149,0.39833724,-0.09190546830348206
1.0,0.9374106776719181,0.9828183,-0.09190546830348206
1.0,0.024138689768913514,0.97105116,-0.09190546830348206
1.0,0.0316558643601933,0.9927913,-0.09190546830348206
1.0,0.19006306655410696,0.9700336,-0.09190546830348206
1.0,0.026125830247421267,0.9857347,-0.09190546830348206
1.0,0.13791786262430117,0.8124657,-0.09190546830348206
1.0,0.02703235069890421,0.99776065,-0.09190546830348206
0.0,0.18817559027545736,0.32155386,-0.05462381950694528
0.0,0.26527201891814106,0.39270556,-0.05462381950694528
1.0,0.7465735179466452,0.5832387,-0.05462381950694528
0.0,0.0939759129245968,0.24613197,-0.05462381950694528
1.0,0.014072382591812382,0.9003642,-0.05462381950694528
1.0,0.2840576006862396,0.99232435,-0.05462381950694528
1.0,0.31528977236532973,0.5315853,-0.05462381950694528
1.0,1.0190911092108677,0.98205316,-0.05462381950694528
1.0,0.13278641008629366,0.27483118,-0.05462381950694528
1.0,0.03907452029396936,0.9924914,-0.05462381950694528
0.0,0.39996572627217625,0.03528319,-0.05462381950694528
1.0,0.022001451983597337,0.98780316,-0.05462381950694528
1.0,0.1548448820842332,0.7649734,-0.05462381950694528
1.0,0.06577572360688991,0.9985129,-0.05462381950694528
0.0,0.05653511296527602,0.48199892,0.011555444112915092
0.0,0.5752725489294254,0.15473434,0.011555444112915092
1.0,0.5234523928110999,0.3259928,0.011555444112915092
1.0,0.17990085899847946,0.8460888,0.011555444112915092
0.0,0.15558044278977448,0.21896425,0.011555444112915092
1.0,0.3298942293008691,0.37411663,0.011555444112915092
1.0,0.4143520263348643,0.870814,0.011555444112915092
0.0,0.29625767889384486,0.32684708,0.011555444112915092
1.0,0.10116411856011291,0.95403963,0.011555444112915092
1.0,0.08158908991643156,0.2774371,0.011555444112915092
1.0,0.3223587553740567,0.9531349,0.011555444112915092
1.0,1.4928780108557913,0.056780566,0.011555444112915092
1.0,0.25292336555071376,0.839754,0.011555444112915092
1.0,0.08425828930828634,0.99566853,0.011555444112915092
0.0,0.1550086584561927,0.001628262,0.01440466526326789
1.0,0.5644033957664792,0.9736854,0.01440466526326789
1.0,0.4864517172887984,0.26886937,0.01440466526326789
1.0,0.04975527760865837,0.85294557,0.01440466526326789
1.0,0.114297724200418,0.99359196,0.01440466526326789
1.0,0.21177401364786896,0.6481197,0.01440466526326789
1.0,0.540295512143181,0.6757445,0.01440466526326789
0.0,1.2570075043249787,0.05127499,0.01440466526326789
1.0,0.017118696514545794,0.9678592,0.01440466526326789
1.0,0.12549425101597428,0.64670783,0.01440466526326789
1.0,0.05682612741737406,0.9461783,0.01440466526326789
1.0,0.008576648761036278,0.99116826,0.01440466526326789
1.0,0.06702243839197594,0.84267324,0.01440466526326789
1.0,0.0016779585358502307,0.99821544,0.01440466526326789
0.0,0.05568761488972016,0.14471157,-0.029804121099009262
1.0,0.010468812555377134,0.9952867,-0.029804121099009262
1.0,1.3552717205719507,0.9463343,-0.029804121099009262
1.0,0.1350493530630373,0.96851635,-0.029804121099009262
1.0,0.10312278118247134,0.99810153,-0.029804121099009262
1.0,0.5716634824762138,0.99017227,-0.029804121099009262
1.0,0.17953794066118167,0.7547465,-0.029804121099009262
1.0,0.7496263313201668,0.91876715,-0.029804121099009262
1.0,0.012159970529847058,0.94948703,-0.029804121099009262
1.0,0.2084783549824995,0.6697253,-0.029804121099009262
1.0,0.21410094185277445,0.99206626,-0.029804121099009262
1.0,0.15542794862023962,0.990621,-0.029804121099009262
1.0,0.7762279752918173,0.51377016,-0.029804121099009262
1.0,0.0030946940512094965,0.9980147,-0.029804121099009262
1.0,0.016451560691532433,0.7236085,-0.08181509332643033
0.0,0.03909168748209997,0.48788562,-0.08181509332643033
1.0,0.658104770836738,0.5951342,-0.08181509332643033
1.0,0.03611627798446008,0.9094085,-0.08181509332643033
0.0,0.034999125665054455,0.066290975,-0.08181509332643033
1.0,0.2568221207552635,0.80840385,-0.08181509332643033
1.0,0.574906537641339,0.24221805,-0.08181509332643033
1.0,0.6943472605970049,0.830082,-0.08181509332643033
1.0,0.03397000834165059,0.95743924,-0.08181509332643033
1.0,0.08506129668013708,0.6739349,-0.08181509332643033
1.0,0.1480374130857936,0.9652627,-0.08181509332643033
1.0,0.004262321937595197,0.9883839,-0.08181509332643033
1.0,0.6705765312112201,0.4230419,-0.08181509332643033
0.0,0.07172487872798251,0.008369333,-0.08181509332643033
1.0,0.031142375991147993,0.51367414,-0.042459472639944984
1.0,0.2977486602795762,0.9814337,-0.042459472639944984
1.0,0.49168903764813526,0.59078676,-0.042459472639944984
0.0,0.38177194581674223,0.10160239,-0.042459472639944984
1.0,0.027537953934346816,0.99430734,-0.042459472639944984
1.0,0.2077416628582023,0.99462813,-0.042459472639944984
1.0,0.03630251801186287,0.8068842,-0.042459472639944984
1.0,0.9390963928648544,0.98777395,-0.042459472639944984
1.0,0.01659711016568069,0.9619123,-0.042459472639944984
1.0,0.03161519564168917,0.9938047,-0.042459472639944984
1.0,0.3721119604547138,0.050339557,-0.042459472639944984
1.0,0.06236744523372873,0.98708004,-0.042459472639944984
1.0,0.0908892982511861,0.85894024,-0.042459472639944984
0.0,0.33715880374965634,0.17239681,-0.042459472639944984
0.0,0.1256446007961172,0.00051720836,-0.06934241504343769
1.0,0.31366974469275005,0.99418926,-0.06934241504343769
1.0,0.2718016152805113,0.66996074,-0.06934241504343769
1.0,0.08522618876575384,0.95126796,-0.06934241504343769
1.0,0.019644295435735912,0.99442816,-0.06934241504343769
1.0,0.31987331898307736,0.6034638,-0.06934241504343769
1.0,0.7465387984136107,0.2586065,-0.06934241504343769
0.0,0.9258703686437939,0.09383523,-0.06934241504343769
1.0,0.014214485890331622,0.9582269,-0.06934241504343769
1.0,0.058120791610510064,0.8875615,-0.06934241504343769
1.0,0.5751225735610934,0.03693929,-0.06934241504343769
1.0,0.05880475604109098,0.9865161,-0.06934241504343769
1.0,0.0463875198214892,0.8702004,-0.06934241504343769
1.0,0.028633873047182228,0.9984528,-0.06934241504343769
1.0,0.0419449945491641,0.7420324,-0.08344286216272384
1.0,0.31296884750007886,0.98795485,-0.08344286216272384
1.0,0.7931492351038908,0.31783748,-0.08344286216272384
1.0,0.13991728031403478,0.30934283,-0.08344286216272384
1.0,0.07636649526327018,0.99662125,-0.08344286216272384
1.0,0.27716982486541747,0.7490959,-0.08344286216272384
1.0,0.14531321230892227,0.63312477,-0.08344286216272384
1.0,0.6982710337693177,0.82157964,-0.08344286216272384
1.0,0.03152187458979633,0.95343226,-0.08344286216272384
0.0,0.1038867315974422,0.35975513,-0.08344286216272384
1.0,0.1624362895341483,0.9832556,-0.08344286216272384
1.0,0.01645072094926003,0.992504,-0.08344286216272384
0.0,0.6602232702414573,0.20336154,-0.08344286216272384
1.0,0.02664055038893816,0.99796957,-0.08344286216272384
1.0,0.07840979305715555,0.7552525,0.011387831951091831
1.0,0.5885527266958707,0.56269073,0.011387831951091831
1.0,0.13561110261696585,0.48604164,0.011387831951091831
0.0,0.20746362150808764,0.36620077,0.011387831951091831
0.0,0.6200558579001549,0.022411808,0.011387831951091831
1.0,0.34121747021822296,0.9937641,0.011387831951091831
1.0,0.5806383491005436,0.8312114,0.011387831951091831
1.0,1.1706254091388544,0.8846133,0.011387831951091831
0.0,0.13209469853081207,0.021476448,0.011387831951091831
0.0,0.049360160008788484,0.008047452,0.011387831951091831
0.0,0.42162684179854376,0.053921144,0.011387831951091831
1.0,0.016902486847113825,0.9819843,0.011387831951091831
1.0,0.31472278175074764,0.5644267,0.011387831951091831
1.0,0.0023353378553003902,0.99495846,0.011387831951091831
1.0,0.37567050714025874,0.46640316,-0.03237080294706346
0.0,0.012542966499200184,0.051091485,-0.03237080294706346
1.0,1.1621038217245798,0.22564457,-0.03237080294706346
1.0,0.04968151996782602,0.9577447,-0.03237080294706346
1.0,0.019938849007228688,0.4402713,-0.03237080294706346
0.0,0.0719416148273331,0.029359002,-0.03237080294706346
0.0,0.001304608529743905,0.6168852,-0.03237080294706346
1.0,1.324629835843021,0.4601413,-0.03237080294706346
0.0,0.24615330970878144,0.25928253,-0.03237080294706346
1.0,0.11189385486112842,0.7345202,-0.03237080294706346
1.0,0.18335763594761495,0.97220516,-0.03237080294706346
1.0,0.02639709617019757,0.99304235,-0.03237080294706346
1.0,0.0763583477907347,0.8353702,-0.03237080294706346
1.0,0.35960761075856873,0.014592585,-0.03237080294706346
1.0,0.0510819577026333,0.5402767,0.03618370716188124
1.0,0.37805037879147657,0.976311,0.03618370716188124
0.0,0.29755072823123796,0.40375158,0.03618370716188124
1.0,0.21060468286284237,0.90154815,0.03618370716188124
1.0,0.031551268687537964,0.9971934,0.03618370716188124
1.0,0.2896883344198492,0.99298817,0.03618370716188124
1.0,2.178129076920869e-06,0.6482523,0.03618370716188124
1.0,0.595278656528285,0.98287904,0.03618370716188124
0.0,0.16402285825590582,0.19090821,0.03618370716188124
1.0,0.04656794279281299,0.9779863,0.03618370716188124
0.0,3.91488114698651,0.058515508,0.03618370716188124
1.0,0.5522700543985065,0.9902694,0.03618370716188124
1.0,0.14296294211613117,0.78103775,0.03618370716188124
0.0,0.4451477325634641,0.0033269308,0.03618370716188124
1.0,0.3078064183826457,0.5691997,-0.024924610481199982
1.0,0.2996863727535501,0.99372137,-0.024924610481199982
1.0,0.241145975331457,0.6436787,-0.024924610481199982
1.0,0.0487367542814587,0.9456902,-0.024924610481199982
1.0,0.09100952690548776,0.9982839,-0.024924610481199982
1.0,0.16840320662502797,0.903262,-0.024924610481199982
0.0,0.7316256129040579,0.02926082,-0.024924610481199982
1.0,0.7930870758930613,0.60266143,-0.024924610481199982
0.0,0.13127053640106004,0.32391384,-0.024924610481199982
1.0,0.06678195533344794,0.7360503,-0.024924610481199982
1.0,0.921293097329405,0.14760835,-0.024924610481199982
1.0,0.23389671475510088,0.9915507,-0.024924610481199982
0.0,0.38843539490189155,0.31415558,-0.024924610481199982
1.0,0.01179351121955149,0.9988381,-0.024924610481199982
1.0,0.06051489092178556,0.7344988,-0.014143679330311187
1.0,0.03165984435803931,0.99402255,-0.014143679330311187
0.0,0.9183680814158153,0.10067395,-0.014143679330311187
1.0,0.04729890988512259,0.63627887,-0.014143679330311187
1.0,0.08663385686365968,0.99795675,-0.014143679330311187
1.0,0.3877524418038434,0.9968438,-0.014143679330311187
1.0,0.13904332077638087,0.3644665,-0.014143679330311187
1.0,0.553229044193137,0.9669388,-0.014143679330311187
1.0,0.015168646299226799,0.9829426,-0.014143679330311187
1.0,0.023113564420056923,0.9916648,-0.014143679330311187
0.0,3.9582054803290028,0.081339136,-0.014143679330311187
1.0,0.670017680628618,0.98685175,-0.014143679330311187
1.0,0.4204227883674216,0.5055447,-0.014143679330311187
1.0,0.023340544770270394,0.9975673,-0.014143679330311187
1.0,0.07543655567571599,0.3339062,-0.01919636885971232
1.0,0.008761246025212718,0.99460584,-0.01919636885971232
1.0,1.3300696624146158,0.8373354,-0.01919636885971232
1.0,0.13261846285902873,0.97157055,-0.01919636885971232
1.0,0.045850396562077754,0.99855024,-0.01919636885971232
1.0,0.4979297216446771,0.9742906,-0.01919636885971232
1.0,0.6173958454847908,0.79524076,-0.01919636885971232
1.0,0.3004151637588342,0.81445265,-0.01919636885971232
1.0,0.3024051625857779,0.4365287,-0.01919636885971232
1.0,0.19076642034181276,0.61551213,-0.01919636885971232
1.0,0.20050237167008822,0.9912952,-0.01919636885971232
0.0,0.2884427667853412,0.0072363224,-0.01919636885971232
1.0,0.8010104522729813,0.5891635,-0.01919636885971232
1.0,0.002120352846434389,0.99845374,-0.01919636885971232
1.0,0.1293728098651442,0.33031258,-0.003274604459877928
1.0,0.06455931105892675,0.7426376,-0.003274604459877928
1.0,0.5107026445669596,0.32511935,-0.003274604459877928
1.0,0.25801326025779336,0.9109703,-0.003274604459877928
0.0,0.4366571746523321,0.033963636,-0.003274604459877928
0.0,0.030701355966921917,0.108891465,-0.003274604459877928
1.0,0.028286113633856896,0.54177195,-0.003274604459877928
1.0,0.6077192554423911,0.26946476,-0.003274604459877928
1.0,0.0733329908823578,0.95958513,-0.003274604459877928
1.0,0.15291008479628748,0.2962057,-0.003274604459877928
1.0,3.874897324539583,0.07681669,-0.003274604459877928
1.0,0.6384547225398071,0.9902892,-0.003274604459877928
1.0,0.27579346201652133,0.8174856,-0.003274604459877928
1.0,0.012043402155820983,0.9980521,-0.003274604459877928
1.0,0.14969766091165154,0.49431974,-0.04360138592895846
1.0,0.040930313612130835,0.99146503,-0.04360138592895846
1.0,0.5974581368875131,0.5299259,-0.04360138592895846
1.0,0.011075697095414784,0.9592099,-0.04360138592895846
1.0,0.030899241755407758,0.9983152,-0.04360138592895846
1.0,0.06927358882379912,0.08714774,-0.04360138592895846
1.0,0.031082005511001817,0.5355661,-0.04360138592895846
1.0,0.6313344559382815,0.5944474,-0.04360138592895846
0.0,0.0669013805613374,0.03203559,-0.04360138592895846
1.0,0.12675957801623017,0.5963313,-0.04360138592895846
1.0,0.17997042094648186,0.974801,-0.04360138592895846
0.0,0.023965229066072263,0.019579023,-0.04360138592895846
1.0,0.01744022705567013,0.82937795,-0.04360138592895846
1.0,0.029443291979628812,0.99836,-0.04360138592895846
0.0,0.029691682200894937,0.16021182,0.03654511844122876
1.0,0.299592341522264,0.98852855,0.03654511844122876
1.0,1.2837534541450955,0.25395787,0.03654511844122876
0.0,0.1410359623220038,0.28432116,0.03654511844122876
1.0,0.12355360096615366,0.9980965,0.03654511844122876
0.0,0.16900731840172556,0.092307545,0.03654511844122876
1.0,0.14761430324765906,0.6590071,0.03654511844122876
0.0,0.5857513219619225,0.7514576,0.03654511844122876
1.0,0.05640885841033569,0.9617494,0.03654511844122876
0.0,0.1385891782983066,0.16555633,0.03654511844122876
1.0,0.14107897258177513,0.9827747,0.03654511844122876
1.0,0.044854178875587083,0.9909384,0.03654511844122876
0.0,0.820955706556265,0.21820217,0.03654511844122876
1.0,0.006174863451724301,0.99831533,0.03654511844122876
1.0,0.037624807097270854,0.69443166,0.01651701173357767
1.0,0.34904625320602845,0.99443495,0.01651701173357767
1.0,0.5604986570549533,0.4189789,0.01651701173357767
1.0,0.023546791570365537,0.94890827,0.01651701173357767
1.0,0.11065290788038716,0.99795866,0.01651701173357767
1.0,0.19299664764521182,0.61344457,0.01651701173357767
1.0,0.05939947998172156,0.5353882,0.01651701173357767
1.0,0.7102958322695507,0.7546291,0.01651701173357767
0.0,0.24803519519546618,0.42580548,0.01651701173357767
1.0,0.17595102369821114,0.58321404,0.01651701173357767
1.0,0.022713267146776468,0.9803986,0.01651701173357767
1.0,0.6262182343841798,0.037309535,0.01651701173357767
1.0,0.11585667123501744,0.8102619,0.01651701173357767
1.0,0.02358458242737886,0.9985775,0.01651701173357767
1.0,0.0007288658622132345,0.58894753,-0.046862201851223806
1.0,0.580119717512415,0.9716663,-0.046862201851223806
0.0,0.6168124328574695,0.35840505,-0.046862201851223806
0.0,0.14421838679760177,0.15476505,-0.046862201851223806
1.0,0.011402392042791728,0.9948768,-0.046862201851223806
1.0,0.31642127509258144,0.07328019,-0.046862201851223806
1.0,0.3940482455479451,0.6194527,-0.046862201851223806
0.0,1.1180783419091507,0.60442466,-0.046862201851223806
1.0,0.06008075828877319,0.96983105,-0.046862201851223806
1.0,0.10092155314121043,0.74099046,-0.046862201851223806
0.0,0.41933792054188374,0.02402622,-0.046862201851223806
0.0,0.28232167554961746,0.012807353,-0.046862201851223806
1.0,0.04839468518015527,0.81586236,-0.046862201851223806
1.0,0.024982240810047,0.99665654,-0.046862201851223806
1.0,0.03870611350041604,0.5250025,-0.02597658424933047
0.0,0.16228696738295892,0.33323044,-0.02597658424933047
1.0,0.5001885389705492,0.5556015,-0.02597658424933047
1.0,0.03557036789234031,0.9650119,-0.02597658424933047
0.0,0.34095256903934745,0.013059797,-0.02597658424933047
1.0,0.3567910212178586,0.99459547,-0.02597658424933047
1.0,0.4281390042020745,0.40138072,-0.02597658424933047
1.0,1.1279957009577497,0.9643211,-0.02597658424933047
1.0,0.11811340878193513,0.27373502,-0.02597658424933047
1.0,0.037524513481624965,0.9873821,-0.02597658424933047
1.0,0.4038723528520365,0.02865606,-0.02597658424933047
0.0,0.438957458566985,0.011789764,-0.02597658424933047
1.0,0.6744403093654198,0.20330578,-0.02597658424933047
1.0,0.04186543594704775,0.99811697,-0.02597658424933047
1.0,0.25645803858404714,0.33475205,-0.023270569519359297
0.0,0.645536804243127,0.050458264,-0.023270569519359297
1.0,0.3480477250194804,0.5140534,-0.023270569519359297
1.0,0.11100822098164748,0.95199317,-0.023270569519359297
1.0,0.10144923930161236,0.23478876,-0.023270569519359297
0.0,0.7221855544291389,0.7116449,-0.023270569519359297
1.0,0.6183532009010286,0.8019908,-0.023270569519359297
1.0,0.48275784857769116,0.058340482,-0.023270569519359297
1.0,0.06595614813073651,0.9673848,-0.023270569519359297
1.0,0.013803869348926976,0.7201663,-0.023270569519359297
1.0,0.018494266025919835,0.95707977,-0.023270569519359297
0.0,0.352176988730008,0.0650766,-0.023270569519359297
0.0,0.8037790120408009,0.04541119,-0.023270569519359297
1.0,0.05395752452451343,0.9983146,-0.023270569519359297
1.0,0.05125066024827084,0.72579503,0.016375870415876403
1.0,0.7267464952021306,0.87400997,0.016375870415876403
1.0,0.3661157079485542,0.37387028,0.016375870415876403
1.0,0.3894329604643472,0.28110915,0.016375870415876403
1.0,0.47417071260267013,0.94209415,0.016375870415876403
1.0,0.5763909459375176,0.9072577,0.016375870415876403
1.0,0.6317854315351696,0.90440416,0.016375870415876403
0.0,0.7599844256607255,0.014855294,0.016375870415876403
1.0,0.05442842810114845,0.957343,0.016375870415876403
1.0,0.01904041862646367,0.7830609,0.016375870415876403
1.0,0.0016808358752809028,0.90519047,0.016375870415876403
1.0,0.03627904242494984,0.9604773,0.016375870415876403
1.0,0.7320129228114765,0.26252127,0.016375870415876403
0.0,0.047943091417594716,0.056557026,0.016375870415876403
1.0,0.21469637322051302,0.60328555,-0.031276355122834276
1.0,0.13487054130506923,0.93297833,-0.031276355122834276
1.0,0.31427963880447035,0.72713083,-0.031276355122834276
1.0,0.08030470777520336,0.946235,-0.031276355122834276
1.0,0.030516946463929596,0.98401827,-0.031276355122834276
1.0,0.34758030985510646,0.99571276,-0.031276355122834276
1.0,0.007566157573480812,0.7956158,-0.031276355122834276
1.0,1.136964458371845,0.9841111,-0.031276355122834276
0.0,0.20602702124543387,0.013225298,-0.031276355122834276
1.0,0.035134503974862834,0.9939249,-0.031276355122834276
1.0,0.3789152466044334,0.03536988,-0.031276355122834276
1.0,0.01824878962130783,0.9868858,-0.031276355122834276
1.0,0.02726482436205422,0.892585,-0.031276355122834276
1.0,0.03071474455314881,0.9977437,-0.031276355122834276
1.0,0.0540314662486747,0.65051067,-0.030058531536612754
1.0,0.037667934505679644,0.98824847,-0.030058531536612754
1.0,1.352655527341643,0.67066413,-0.030058531536612754
1.0,0.008559803847996443,0.94998074,-0.030058531536612754
1.0,0.07812429145196868,0.9982834,-0.030058531536612754
1.0,0.4666030624978116,0.96478623,-0.030058531536612754
0.0,0.5013369662544354,0.38883746,-0.030058531536612754
1.0,0.9263130825367756,0.8064553,-0.030058531536612754
0.0,0.2694045243831773,0.016519133,-0.030058531536612754
1.0,0.10950826767745149,0.45114994,-0.030058531536612754
1.0,0.9327415977566481,0.029287199,-0.030058531536612754
1.0,0.18735370392328668,0.9936287,-0.030058531536612754
1.0,0.029032840053014663,0.8444784,-0.030058531536612754
1.0,0.020097090772047885,0.99828523,-0.030058531536612754
1.0,0.012375008559821,0.32767802,0.07446289355114444
1.0,0.7152668490011447,0.8339666,0.07446289355114444
0.0,0.8469282718749628,0.08785648,0.07446289355114444
0.0,0.32445810980291245,0.16208541,0.07446289355114444
1.0,0.4230924470792518,0.9148014,0.07446289355114444
0.0,0.046698961415365746,0.09176334,0.07446289355114444
1.0,0.4805013083295438,0.8131116,0.07446289355114444
1.0,0.14816775163007725,0.6833816,0.07446289355114444
1.0,0.15968341855306856,0.960045,0.07446289355114444
1.0,0.06061303756514015,0.523984,0.07446289355114444
1.0,4.1893845696210095,0.40588623,0.07446289355114444
1.0,0.8125534212675405,0.9835194,0.07446289355114444
1.0,0.5688702164865104,0.6889412,0.07446289355114444
0.0,0.16671481872395616,0.021489106,0.07446289355114444
1.0,0.028436159286375825,0.7337814,-0.018050064450484682
1.0,0.508705172446334,0.9256653,-0.018050064450484682
1.0,0.04065377899633011,0.57548887,-0.018050064450484682
1.0,0.0566265488515684,0.95456624,-0.018050064450484682
1.0,0.2370555994951944,0.99768066,-0.018050064450484682
1.0,0.4052751651974267,0.9565584,-0.018050064450484682
0.0,0.5746619418271207,0.5029272,-0.018050064450484682
1.0,0.2997611694213029,0.6878623,-0.018050064450484682
1.0,0.07137181759395317,0.9488666,-0.018050064450484682
0.0,0.10123397540608539,0.45221245,-0.018050064450484682
0.0,4.857111448616491,0.21181831,-0.018050064450484682
1.0,0.7602224166824957,0.9906193,-0.018050064450484682
1.0,0.06605352134058973,0.66817456,-0.018050064450484682
1.0,0.0025734595257405008,0.99685943,-0.018050064450484682
1.0,0.03777341534882579,0.6656266,-0.01574649951931567
1.0,0.3327569610196269,0.8889788,-0.01574649951931567
1.0,0.29283061777180475,0.31514493,-0.01574649951931567
1.0,0.11358876088222622,0.8939854,-0.01574649951931567
1.0,0.015885920207020843,0.98455584,-0.01574649951931567
1.0,0.4796280173449961,0.80647403,-0.01574649951931567
1.0,0.011051629153499136,0.7267677,-0.01574649951931567
0.0,0.7210113870620264,0.033221085,-0.01574649951931567
1.0,0.05441473157100947,0.97124624,-0.01574649951931567
1.0,0.04247629397041339,0.97454494,-0.01574649951931567
0.0,0.7713806515775158,0.13097014,-0.01574649951931567
0.0,0.48691163589534053,0.065616645,-0.01574649951931567
1.0,0.12811670006004458,0.82361573,-0.01574649951931567
1.0,0.03019928515194597,0.9973137,-0.01574649951931567
0.0,0.061346210990868615,0.6035571,-0.07260332634439326
1.0,0.026688140642841786,0.99504495,-0.07260332634439326
1.0,1.318288044496821,0.5588948,-0.07260332634439326
1.0,0.03399469376342952,0.94061553,-0.07260332634439326
1.0,0.0730389954683807,0.998439,-0.07260332634439326
1.0,0.3938675414937264,0.89807415,-0.07260332634439326
1.0,0.36344043584731917,0.44016692,-0.07260332634439326
1.0,0.7640071684107925,0.1968873,-0.07260332634439326
1.0,0.016469903128591992,0.9711556,-0.07260332634439326
0.0,0.1026125135763216,0.43610966,-0.07260332634439326
1.0,0.16209106746561366,0.97913194,-0.07260332634439326
1.0,0.031883986104461345,0.99011457,-0.07260332634439326
0.0,0.465432083165545,0.23094444,-0.07260332634439326
1.0,0.02089534054518115,0.99772197,-0.07260332634439326
0.0,0.23061304828785217,0.0011740475,-0.06072066033494511
1.0,0.2949533553416297,0.9861714,-0.06072066033494511
1.0,0.8122317080347059,0.21079114,-0.06072066033494511
0.0,0.33124126453739466,0.02405506,-0.06072066033494511
1.0,0.07484149021234969,0.9980217,-0.06072066033494511
1.0,0.35344420284549666,0.75628924,-0.06072066033494511
1.0,0.06619143145729457,0.6637768,-0.06072066033494511
1.0,0.9489015296429035,0.13198686,-0.06072066033494511
0.0,0.2342784627213438,0.025733564,-0.06072066033494511
0.0,0.11644836447222037,0.26947948,-0.06072066033494511
1.0,0.2567282305719764,0.9813597,-0.06072066033494511
1.0,0.09626917316071644,0.99160296,-0.06072066033494511
1.0,0.03414623132390538,0.8591787,-0.06072066033494511
1.0,0.01035406811479389,0.99827135,-0.06072066033494511
1.0,0.013178975863980903,0.52608716,0.04801615576879614
1.0,0.4837053844786758,0.97276074,0.04801615576879614
1.0,0.7218734420508048,0.503158,0.04801615576879614
1.0,0.1077522201894984,0.26292107,0.04801615576879614
1.0,0.187024538044589,0.99835795,0.04801615576879614
1.0,0.6928222528223159,0.86154646,0.04801615576879614
1.0,0.4778341131779578,0.78576607,0.04801615576879614
0.0,0.3444183546671673,0.020957215,0.04801615576879614
1.0,0.06278102761190515,0.94832,0.04801615576879614
0.0,0.0661963804931399,0.11819224,0.04801615576879614
1.0,4.497876819949775,0.29661453,0.04801615576879614
1.0,0.975459161640369,0.9791367,0.04801615576879614
1.0,0.09988717553082527,0.78519756,0.04801615576879614
0.0,0.014983727719838838,0.026977945,0.04801615576879614
1.0,0.030743203565907443,0.7190656,-0.012464197745175654
0.0,0.7777407973599675,0.3311029,-0.012464197745175654
1.0,0.282139300914322,0.52915037,-0.012464197745175654
1.0,0.12553354427548952,0.9573268,-0.012464197745175654
0.0,0.1393269973305318,0.050927345,-0.012464197745175654
1.0,0.40469233235888374,0.939008,-0.012464197745175654
1.0,0.6007950083962851,0.12577352,-0.012464197745175654
1.0,0.6693718574556331,0.84713954,-0.012464197745175654
0.0,0.06806088983522281,0.06832814,-0.012464197745175654
1.0,0.08682435977951142,0.6327122,-0.012464197745175654
1.0,0.054373613725413626,0.98703825,-0.012464197745175654
1.0,0.11593970160629691,0.9918303,-0.012464197745175654
1.0,0.8354293719587347,0.41463137,-0.012464197745175654
1.0,0.012310055185822942,0.9976648,-0.012464197745175654
0.0,0.00028796600742799524,0.54595405,-0.05131767251638658
1.0,0.27134682885676537,0.9877703,-0.05131767251638658
1.0,0.5246457610336029,0.5745383,-0.05131767251638658
0.0,0.3916139160934589,0.28968588,-0.05131767251638658
1.0,0.02349040985211143,0.99843115,-0.05131767251638658
1.0,0.5153277142048879,0.9904028,-0.05131767251638658
0.0,0.5411027561076931,0.010538459,-0.05131767251638658
1.0,0.9645155910781402,0.8698396,-0.05131767251638658
1.0,0.060335857080667354,0.9722205,-0.05131767251638658
0.0,0.0722697446270454,0.0055485195,-0.05131767251638658
1.0,0.12020228743149587,0.9778802,-0.05131767251638658
1.0,0.07819477294629708,0.99070686,-0.05131767251638658
1.0,0.05465008378910907,0.85704654,-0.05131767251638658
1.0,0.002286618153609964,0.99776185,-0.05131767251638658
1.0,0.15815458374450328,0.5554691,0.0024754364053505284
0.0,0.8260548598193832,0.052929245,0.0024754364053505284
1.0,0.4702849553574969,0.6129886,0.0024754364053505284
0.0,0.29496866074311734,0.0061016497,0.0024754364053505284
0.0,0.23245861215516486,0.032459334,0.0024754364053505284
1.0,0.287072857536261,0.83986396,0.0024754364053505284
1.0,0.3012603829111539,0.7529576,0.0024754364053505284
0.0,0.7774538363549828,0.025523191,0.0024754364053505284
1.0,0.032881892257892974,0.9653426,0.0024754364053505284
1.0,0.035141468773165985,0.8530839,0.0024754364053505284
1.0,0.023905221554415674,0.9551334,0.0024754364053505284
1.0,0.009325892194104112,0.97455037,0.0024754364053505284
1.0,0.040149533933644,0.8082078,0.0024754364053505284
1.0,0.01593458467296555,0.9954592,0.0024754364053505284
0.0,0.07455479274463889,0.58232355,-0.06741789657141017
1.0,0.5103064110162474,0.98309237,-0.06741789657141017
1.0,0.44489342467006304,0.6084242,-0.06741789657141017
1.0,0.1487073757957869,0.9234172,-0.06741789657141017
1.0,0.18444233846563582,0.9986828,-0.06741789657141017
0.0,0.4270446956121658,0.99271977,-0.06741789657141017
0.0,0.09141429308117366,0.6187367,-0.06741789657141017
0.0,0.7965992122014938,0.9817347,-0.06741789657141017
0.0,0.10999843354232662,0.04853756,-0.06741789657141017
1.0,0.02335677636612938,0.99176073,-0.06741789657141017
1.0,0.11887346896577122,0.9604614,-0.06741789657141017
1.0,0.041258799962033056,0.9834387,-0.06741789657141017
1.0,0.13686356507438263,0.77973765,-0.06741789657141017
1.0,0.037762929595217896,0.9978114,-0.06741789657141017
0.0,0.1608783905048883,0.63877034,-0.03265352817790962
1.0,0.5645927106586759,0.9901844,-0.03265352817790962
0.0,0.4050598650208167,0.17257746,-0.03265352817790962
1.0,0.014421595980540809,0.8387201,-0.03265352817790962
1.0,0.10196449942216547,0.99838305,-0.03265352817790962
1.0,0.20936861384292366,0.09346248,-0.03265352817790962
1.0,0.2975319295078909,0.8015415,-0.03265352817790962
0.0,1.1457609291643056,0.2606966,-0.03265352817790962
1.0,0.03202830967639263,0.97268087,-0.03265352817790962
1.0,0.12388071357554611,0.2430091,-0.03265352817790962
1.0,0.07475697123230339,0.9764525,-0.03265352817790962
1.0,0.018369417745398124,0.9868427,-0.03265352817790962
0.0,0.7123228311555441,0.33924147,-0.03265352817790962
1.0,0.011047061635825438,0.9969914,-0.03265352817790962
1.0,0.17622954340320432,0.5568844,-0.039248404784837265
0.0,0.8070287813286423,0.0011525166,-0.039248404784837265
1.0,0.2322542810583448,0.68874484,-0.039248404784837265
1.0,0.025105804984949513,0.9449629,-0.039248404784837265
1.0,0.15688467078225368,0.8198177,-0.039248404784837265
1.0,0.3595408688784593,0.9113128,-0.039248404784837265
1.0,0.06440127849520094,0.31752566,-0.039248404784837265
1.0,0.6925749058607553,0.8611145,-0.039248404784837265
0.0,0.2324556397648443,0.36931488,-0.039248404784837265
1.0,0.07853974616090542,0.45501038,-0.039248404784837265
1.0,0.08497234459137648,0.97557133,-0.039248404784837265
1.0,0.17189314815673423,0.9925936,-0.039248404784837265
1.0,0.018694733932936764,0.87514937,-0.039248404784837265
1.0,0.027899210135446304,0.9977137,-0.039248404784837265
0.0,0.053092107992880604,0.6454363,-0.0439323746414631
1.0,0.013959815237354317,0.682171,-0.0439323746414631
1.0,0.27251109825211145,0.6313289,-0.0439323746414631
0.0,0.10018208415463278,0.1624479,-0.0439323746414631
0.0,0.18693263174223454,0.0060199373,-0.0439323746414631
1.0,0.4671350541989356,0.8852324,-0.0439323746414631
1.0,0.08278894582172909,0.5551431,-0.0439323746414631
1.0,0.9014100137235086,0.12010159,-0.0439323746414631
1.0,0.042114225338140875,0.9629722,-0.0439323746414631
1.0,0.10423223121186842,0.5088117,-0.0439323746414631
1.0,0.11484834976623481,0.9849932,-0.0439323746414631
0.0,0.21747058750236517,0.06259191,-0.0439323746414631
1.0,0.05448402348476841,0.8104583,-0.0439323746414631
1.0,0.020949647464110547,0.998016,-0.0439323746414631
1.0,0.12569372599778114,0.2894868,-0.03787361886743218
1.0,0.3299372634077936,0.9023556,-0.03787361886743218
1.0,0.2723222131522711,0.6438302,-0.03787361886743218
1.0,0.07019969835351253,0.95900744,-0.03787361886743218
1.0,0.04999124914866196,0.9822578,-0.03787361886743218
1.0,0.47429452006894074,0.91970176,-0.03787361886743218
1.0,0.1760917246583349,0.38491878,-0.03787361886743218
1.0,0.616337281525046,0.8593707,-0.03787361886743218
0.0,0.1020456994777161,0.041291256,-0.03787361886743218
1.0,0.09850020938621275,0.58058554,-0.03787361886743218
1.0,0.179284071792535,0.9855952,-0.03787361886743218
1.0,0.0704840593793467,0.991803,-0.03787361886743218
1.0,0.0014539826478936688,0.86138153,-0.03787361886743218
1.0,0.031434372809179226,0.9979232,-0.03787361886743218
1.0,0.03223584421971678,0.7204185,0.012575366122353215
1.0,0.6772580247492376,0.9963337,0.012575366122353215
1.0,1.2734641600652186,0.49646205,0.012575366122353215
1.0,0.06635903470616471,0.5117957,0.012575366122353215
1.0,0.07547212661516223,0.99715865,0.012575366122353215
1.0,0.45951126295239114,0.9535529,0.012575366122353215
1.0,0.15125829117733108,0.82714134,0.012575366122353215
1.0,0.6471896744015548,0.8501021,0.012575366122353215
0.0,0.22107837920145676,0.015209812,0.012575366122353215
1.0,0.15705123018946435,0.50938135,0.012575366122353215
1.0,0.050543558724111586,0.97837776,0.012575366122353215
1.0,0.19105260760361842,0.9876001,0.012575366122353215
0.0,0.7844748577140637,0.31590652,0.012575366122353215
1.0,0.005012940142426508,0.99668294,0.012575366122353215
1.0,0.6462020304634348,0.5381556,0.10236900248078051
1.0,0.7613483276861501,0.636955,0.10236900248078051
1.0,0.42499044876610065,0.22841327,0.10236900248078051
1.0,0.18081086724187148,0.46375135,0.10236900248078051
1.0,0.17940459351902943,0.7036552,0.10236900248078051
1.0,0.31545585587340813,0.4555362,0.10236900248078051
1.0,0.560060709234032,0.6367333,0.10236900248078051
1.0,0.7114845283542772,0.5125165,0.10236900248078051
0.0,0.24709142278073354,0.025196409,0.10236900248078051
0.0,0.12254776312245237,0.28310794,0.10236900248078051
0.0,0.5435763329781786,0.040534895,0.10236900248078051
1.0,0.02684315975329136,0.9870226,0.10236900248078051
0.0,1.2771524387627449,0.10669684,0.10236900248078051
0.0,0.3139705868100924,0.04727186,0.10236900248078051
1.0,0.008651254537862633,0.7370754,-0.08108237482061109
0.0,0.6336189140394551,0.061365508,-0.08108237482061109
1.0,0.6450995739192482,0.6094286,-0.08108237482061109
1.0,0.1498162977385216,0.87864035,-0.08108237482061109
1.0,0.21806917896228872,0.6723435,-0.08108237482061109
1.0,0.6987547382709367,0.56239307,-0.08108237482061109
1.0,0.4957015429243642,0.7709132,-0.08108237482061109
0.0,0.8130775157609654,0.075912565,-0.08108237482061109
1.0,0.06453815145780781,0.94155806,-0.08108237482061109
0.0,0.08127114424823646,0.37407354,-0.08108237482061109
1.0,0.08882377799200956,0.9628906,-0.08108237482061109
1.0,0.0739977626784468,0.9816372,-0.08108237482061109
1.0,0.03095094101870486,0.8265346,-0.08108237482061109
1.0,0.028691073514169663,0.9968484,-0.08108237482061109
1.0,0.008391488300194238,0.6910244,0.027119680829049364
1.0,0.08235317548532761,0.74515504,0.027119680829049364
1.0,0.23628253454844206,0.38302118,0.027119680829049364
0.0,0.02753580293693185,0.3451561,0.027119680829049364
0.0,0.288084681849673,0.010564466,0.027119680829049364
1.0,0.09312146466702712,0.9917824,0.027119680829049364
0.0,0.6462917672200145,0.31693807,0.027119680829049364
1.0,0.8407437844788566,0.985328,0.027119680829049364
1.0,0.07652305219359713,0.9600733,0.027119680829049364
1.0,0.025296051215968268,0.9844275,0.027119680829049364
1.0,0.15024147933200424,0.9654285,0.027119680829049364
0.0,1.03157890707177,0.028901197,0.027119680829049364
0.0,0.49550957338756996,0.33067644,0.027119680829049364
0.0,0.5274546274086431,0.013078685,0.027119680829049364
1.0,0.21818859794138176,0.68373233,0.06591092955857514
1.0,0.03350210763152294,0.9949418,0.06591092955857514
1.0,0.15364263718068047,0.5732735,0.06591092955857514
1.0,0.045719291405021074,0.41143954,0.06591092955857514
1.0,0.0028352173509382616,0.99878424,0.06591092955857514
1.0,0.5379533562216406,0.95638543,0.06591092955857514
1.0,0.1422185664082014,0.546901,0.06591092955857514
1.0,1.353264902673579,0.5518946,0.06591092955857514
0.0,0.19854225951243323,0.02037227,0.06591092955857514
1.0,0.04335946160596046,0.611991,0.06591092955857514
0.0,0.5291131832825895,0.04132573,0.06591092955857514
1.0,0.020036067529189253,0.990415,0.06591092955857514
0.0,0.4615730477129194,0.46215668,0.06591092955857514
1.0,0.004088666323966694,0.998679,0.06591092955857514
0.0,0.07994307503581255,0.20919727,-0.04134325325235472
1.0,0.27383965731179594,0.9906399,-0.04134325325235472
1.0,0.6102603126990046,0.4496059,-0.04134325325235472
0.0,0.016612211316484972,0.14336,-0.04134325325235472
1.0,0.12660785162354773,0.9984749,-0.04134325325235472
0.0,0.34368090861146827,0.15155952,-0.04134325325235472
1.0,0.05966584775861723,0.7747741,-0.04134325325235472
1.0,0.9550715077600508,0.6247343,-0.04134325325235472
1.0,0.05439481569368176,0.9659164,-0.04134325325235472
1.0,0.09170839254558615,0.9647728,-0.04134325325235472
1.0,0.17255369856016942,0.9823261,-0.04134325325235472
1.0,0.04712482158152644,0.99191225,-0.04134325325235472
1.0,0.07906339491449538,0.8830216,-0.04134325325235472
1.0,0.04041848785506916,0.9981711,-0.04134325325235472
0.0,0.0456808969064961,0.71874297,-0.056973494231032706
1.0,0.2965691147812997,0.99187684,-0.056973494231032706
1.0,0.3062124237551057,0.5717017,-0.056973494231032706
0.0,0.10467494151429207,0.960407,-0.056973494231032706
1.0,0.15877924266370705,0.998531,-0.056973494231032706
0.0,0.09044829610804545,0.089477465,-0.056973494231032706
1.0,0.18288110555255094,0.6365778,-0.056973494231032706
1.0,0.9093284086737351,0.17834757,-0.056973494231032706
0.0,0.034464481290097417,0.030162621,-0.056973494231032706
1.0,0.1309916240349517,0.32456315,-0.056973494231032706
1.0,0.22262902817065075,0.9884072,-0.056973494231032706
1.0,0.10709601513836671,0.9912555,-0.056973494231032706
1.0,0.7979632814666084,0.40795907,-0.056973494231032706
1.0,0.016206403190278548,0.9984976,-0.056973494231032706
0.0,0.017917801742824098,0.38149506,-0.03185816054836882
0.0,0.8344130049220724,0.020327697,-0.03185816054836882
1.0,0.1612600534620417,0.33071512,-0.03185816054836882
0.0,0.4562954705195547,0.3902496,-0.03185816054836882
1.0,0.045536213170594204,0.68856275,-0.03185816054836882
1.0,0.4843526844260003,0.99628204,-0.03185816054836882
1.0,0.5443847369435295,0.88241214,-0.03185816054836882
1.0,0.8717119546341682,0.9864287,-0.03185816054836882
1.0,0.11618019224335252,0.9775733,-0.03185816054836882
1.0,0.030421002329748023,0.99054164,-0.03185816054836882
1.0,0.3936428298032123,0.85927194,-0.03185816054836882
1.0,1.2085714185558467,0.36788908,-0.03185816054836882
1.0,0.24330576496916007,0.6634023,-0.03185816054836882
1.0,0.057259566850705865,0.99671966,-0.03185816054836882
0.0,0.11411752915807086,0.63016295,0.03630599466233442
1.0,0.10547140670383583,0.9940731,0.03630599466233442
1.0,0.6138590797173706,0.4644786,0.03630599466233442
1.0,0.19252228146627337,0.93891466,0.03630599466233442
1.0,0.09093919771990278,0.99905723,0.03630599466233442
1.0,0.015983505258649812,0.8235048,0.03630599466233442
0.0,0.5522723873566809,0.47354957,0.03630599466233442
1.0,0.3663837944248715,0.8058805,0.03630599466233442
1.0,0.07805230453340646,0.96610314,0.03630599466233442
1.0,0.08525861260820278,0.43751892,0.03630599466233442
1.0,3.622987460997431,0.0801731,0.03630599466233442
0.0,0.5979692121496263,0.01840916,0.03630599466233442
0.0,0.5981881807893542,0.5076049,0.03630599466233442
1.0,0.0847263396819099,0.9977036,0.03630599466233442
1.0,0.06733718210321465,0.62108004,-0.07904955477842307
1.0,0.291704571748636,0.99183065,-0.07904955477842307
1.0,0.2702277420279864,0.5921053,-0.07904955477842307
1.0,0.09757913966506357,0.95962304,-0.07904955477842307
1.0,0.15050232277973644,0.99850345,-0.07904955477842307
1.0,0.473195967780735,0.9460372,-0.07904955477842307
1.0,0.5902849768820373,0.42095596,-0.07904955477842307
1.0,0.9025510812792009,0.74139863,-0.07904955477842307
0.0,0.29637736608930754,0.48612094,-0.07904955477842307
0.0,0.17471660015448948,0.24468163,-0.07904955477842307
1.0,0.2696189594685663,0.9912465,-0.07904955477842307
1.0,0.16267282326712734,0.9952218,-0.07904955477842307
1.0,0.0965540724551267,0.8481459,-0.07904955477842307
1.0,0.007442766053621248,0.9987073,-0.07904955477842307
1.0,0.06351835630740806,0.7383926,-0.035990886688699875
1.0,0.7087316921690329,0.89518654,-0.035990886688699875
1.0,0.6445813127656964,0.4863453,-0.035990886688699875
1.0,0.12896015626032264,0.9162791,-0.035990886688699875
1.0,0.34002510590549184,0.9676701,-0.035990886688699875
1.0,0.2863564252094359,0.8283323,-0.035990886688699875
1.0,0.3795988885260914,0.8737488,-0.035990886688699875
1.0,0.6786626178513488,0.89273816,-0.035990886688699875
1.0,0.034810653025390895,0.9379335,-0.035990886688699875
1.0,0.1702847055632859,0.36610863,-0.035990886688699875
1.0,0.03865727355952215,0.9627589,-0.035990886688699875
1.0,0.07196869522554904,0.98577255,-0.035990886688699875
1.0,0.10337256532720356,0.8410584,-0.035990886688699875
0.0,0.15606015153013797,0.05653087,-0.035990886688699875
1.0,0.06369747103759447,0.70211726,0.027042063946366657
1.0,0.6837288467283977,0.9061622,0.027042063946366657
1.0,1.2310617976296605,0.05576859,0.027042063946366657
1.0,0.02494553635272834,0.48598328,0.027042063946366657
1.0,0.09519764491868926,0.97225404,0.027042063946366657
0.0,0.1516444856554953,0.31854045,0.027042063946366657
1.0,0.38348723703734994,0.8921994,0.027042063946366657
0.0,0.7862942333561046,0.11205454,0.027042063946366657
1.0,0.058936776848720965,0.28971395,0.027042063946366657
1.0,0.0961710082497074,0.26982087,0.027042063946366657
1.0,0.024206202311096832,0.9577246,0.027042063946366657
1.0,0.18766710869604938,0.9794489,0.027042063946366657
0.0,0.7722568567216782,0.48578212,0.027042063946366657
1.0,0.1014263317537629,0.16310418,0.027042063946366657
1.0,0.0240293467259036,0.6957597,0.038560457492741396
1.0,0.3232751076579473,0.99341005,0.038560457492741396
1.0,0.3087532070616348,0.6782441,0.038560457492741396
1.0,0.1383658248425473,0.9423718,0.038560457492741396
1.0,0.17216583314468148,0.99784064,0.038560457492741396
0.0,0.4248887798386294,0.28445333,0.038560457492741396
1.0,0.6269486955624709,0.4762517,0.038560457492741396
1.0,0.8718977835112857,0.833627,0.038560457492741396
1.0,0.2584153830055908,0.63511693,0.038560457492741396
1.0,0.19803243978712998,0.55384815,0.038560457492741396
1.0,0.1382097855278504,0.9796448,0.038560457492741396
0.0,0.0644946913259468,0.03369545,0.038560457492741396
0.0,0.8103618883601649,0.44348335,0.038560457492741396
1.0,0.2988988040483423,0.12611175,0.038560457492741396
0.0,0.12024408158602008,0.30654874,-0.006624816129399136
1.0,0.03768898272308057,0.40967345,-0.006624816129399136
1.0,1.092157669694408,0.6285997,-0.006624816129399136
0.0,0.5337838524889192,0.039156362,-0.006624816129399136
0.0,0.009602854160709894,0.10237149,-0.006624816129399136
1.0,0.3477919676412137,0.8906876,-0.006624816129399136
1.0,0.07087774666712601,0.584935,-0.006624816129399136
0.0,1.7811158420946749,0.016132584,-0.006624816129399136
1.0,0.290673234683732,0.3926625,-0.006624816129399136
1.0,0.067747494452918,0.26958102,-0.006624816129399136
1.0,0.1981659191750315,0.9671426,-0.006624816129399136
1.0,0.0400283017577415,0.99411726,-0.006624816129399136
1.0,0.6100685226401027,0.37362608,-0.006624816129399136
1.0,0.018200881039666127,0.9986755,-0.006624816129399136
0.0,0.01356618346447939,0.124623895,0.001837816741372733
1.0,0.16411875039925938,0.9223535,0.001837816741372733
0.0,0.8202780139169041,0.34918138,0.001837816741372733
1.0,0.05121725648545378,0.8969308,0.001837816741372733
1.0,0.05551718383035572,0.9722047,0.001837816741372733
1.0,0.42913196737162784,0.51412815,0.001837816741372733
1.0,0.1718226129724796,0.8723872,0.001837816741372733
1.0,0.8679644005642017,0.8313717,0.001837816741372733
1.0,0.291608041406185,0.54472274,0.001837816741372733
1.0,0.2737488767522759,0.77240443,0.001837816741372733
1.0,0.2407713102867545,0.9810832,0.001837816741372733
1.0,0.1293833785609043,0.989865,0.001837816741372733
1.0,0.00821087263070121,0.86715055,0.001837816741372733
1.0,0.025486527718352688,0.9979315,0.001837816741372733
1.0,0.03646879841625662,0.56965166,0.049243145679460865
1.0,0.4398440630665006,0.7569435,0.049243145679460865
1.0,1.1317829790242986,0.93711096,0.049243145679460865
1.0,0.11784849282980196,0.97339004,0.049243145679460865
1.0,0.018986026307831416,0.8617592,0.049243145679460865
1.0,0.36644383189205154,0.98908603,0.049243145679460865
1.0,0.7127846456969514,0.08101341,0.049243145679460865
1.0,0.7794223628824164,0.93896097,0.049243145679460865
0.0,0.14472109128082003,0.15067726,0.049243145679460865
1.0,0.0817678370719572,0.58637714,0.049243145679460865
1.0,0.14360388074513486,0.98960936,0.049243145679460865
1.0,0.0022754978082621955,0.9894098,0.049243145679460865
0.0,0.6825444531859595,0.023481552,0.049243145679460865
0.0,0.19532019875584314,0.04808053,0.049243145679460865
0.0,0.02820641017476358,0.7331432,-0.012123359036836479
1.0,0.6140169989630341,0.502107,-0.012123359036836479
1.0,0.13943661553974465,0.58555776,-0.012123359036836479
0.0,0.15284395967091463,0.3501081,-0.012123359036836479
0.0,0.13240524164700718,0.09903407,-0.012123359036836479
0.0,0.0312768031525051,0.16845998,-0.012123359036836479
1.0,0.2766860897285921,0.6786517,-0.012123359036836479
1.0,0.5530331094326115,0.80673206,-0.012123359036836479
1.0,0.025847898793140964,0.9666563,-0.012123359036836479
1.0,0.1176528351424048,0.6709936,-0.012123359036836479
1.0,0.044504078690911004,0.9719775,-0.012123359036836479
1.0,0.06855256164943252,0.98769206,-0.012123359036836479
0.0,0.6933101966613443,0.10778473,-0.012123359036836479
1.0,0.009527981160286669,0.99521255,-0.012123359036836479
1.0,0.4245375220431076,0.6561281,-0.0434701860572988
1.0,0.30431083614715393,0.46249273,-0.0434701860572988
0.0,0.8226310267397415,0.48400822,-0.0434701860572988
1.0,0.00223826701146457,0.936516,-0.0434701860572988
0.0,0.09236599301999988,0.031698603,-0.0434701860572988
1.0,0.2321563075679643,0.82764375,-0.0434701860572988
1.0,0.015032222182059688,0.68527555,-0.0434701860572988
1.0,0.6821381234206425,0.8015808,-0.0434701860572988
1.0,0.033768290566459795,0.95837593,-0.0434701860572988
1.0,0.08202737691798064,0.87321955,-0.0434701860572988
1.0,0.16736822865833706,0.9773423,-0.0434701860572988
1.0,0.005626910900710606,0.99135244,-0.0434701860572988
1.0,0.572996217161104,0.4303846,-0.0434701860572988
0.0,0.4705440759452908,0.023128472,-0.0434701860572988
1.0,0.2842549778584229,0.33260924,-0.042064170029845804
1.0,0.6190727941325985,0.9791886,-0.042064170029845804
1.0,0.6604447442484568,0.52913654,-0.042064170029845804
1.0,0.2782421078652387,0.22731975,-0.042064170029845804
1.0,0.04677558194265457,0.9972771,-0.042064170029845804
1.0,0.33678419672886656,0.7802962,-0.042064170029845804
1.0,0.0950404695576123,0.35049832,-0.042064170029845804
1.0,0.6669989784048208,0.9026037,-0.042064170029845804
1.0,0.05773168126917557,0.9606709,-0.042064170029845804
1.0,0.08971409940957203,0.58263874,-0.042064170029845804
1.0,0.017600029291041454,0.9634788,-0.042064170029845804
1.0,0.10500950347307829,0.98869485,-0.042064170029845804
1.0,0.6671808806252688,0.42214888,-0.042064170029845804
1.0,0.014273999666521422,0.9963168,-0.042064170029845804
1.0,0.03388741670436807,0.74093723,-0.003263832547127199
1.0,0.5032272196463846,0.9835957,-0.003263832547127199
1.0,0.5299407574983274,0.58586806,-0.003263832547127199
1.0,0.08492379944269185,0.9494415,-0.003263832547127199
1.0,0.17264931048203458,0.99689305,-0.003263832547127199
1.0,0.27530595394038565,0.79069626,-0.003263832547127199
1.0,0.41530926271302954,0.7180833,-0.003263832547127199
1.0,0.8159403991094687,0.8669681,-0.003263832547127199
0.0,0.07472724081583881,0.050607257,-0.003263832547127199
1.0,0.08585018135811728,0.4058669,-0.003263832547127199
1.0,0.5777154560948362,0.0973563,-0.003263832547127199
0.0,0.026479607315262787,0.033475798,-0.003263832547127199
1.0,0.05053477437409849,0.8639896,-0.003263832547127199
1.0,0.03549863382942692,0.997964,-0.003263832547127199
1.0,0.11971115462940377,0.62223244,0.08940679311109201
1.0,0.6474619896853377,0.03875537,0.08940679311109201
1.0,0.7147110236514653,0.5209755,0.08940679311109201
1.0,0.17136756745792317,0.92419934,0.08940679311109201
0.0,0.012970228140753137,0.4774754,0.08940679311109201
0.0,0.04304056497370267,0.35293266,0.08940679311109201
1.0,0.6020499948368725,0.64899683,0.08940679311109201
0.0,0.9819872514530075,0.102706775,0.08940679311109201
0.0,0.13518319048170332,0.054685853,0.08940679311109201
1.0,0.12045315366702908,0.27130046,0.08940679311109201
1.0,0.190495909023941,0.9755554,0.08940679311109201
1.0,0.6317371353469654,0.10590413,0.08940679311109201
0.0,0.6788103214517253,0.20050742,0.08940679311109201
0.0,0.2704930635705413,0.025190061,0.08940679311109201
0.0,0.1520052487033867,0.59464574,-0.02992076548844952
1.0,0.2993079904217147,0.9726414,-0.02992076548844952
1.0,0.6422496472727973,0.40415886,-0.02992076548844952
1.0,0.023736995028531254,0.90956914,-0.02992076548844952
1.0,0.005231444352082639,0.99791116,-0.02992076548844952
1.0,0.4933487072874478,0.9163165,-0.02992076548844952
1.0,0.16528096661307862,0.6730004,-0.02992076548844952
1.0,1.0244494843097984,0.60969067,-0.02992076548844952
1.0,0.016291279122926265,0.9169592,-0.02992076548844952
1.0,0.04948721860918271,0.81259656,-0.02992076548844952
1.0,0.16636272534486674,0.96079546,-0.02992076548844952
1.0,0.020941559158254686,0.9910813,-0.02992076548844952
1.0,0.11641032886952012,0.8672359,-0.02992076548844952
0.0,0.10511823524093669,0.036998574,-0.02992076548844952
1.0,0.012472931694185584,0.64082617,-0.011498904546792588
1.0,0.30502863647791234,0.99013746,-0.011498904546792588
1.0,0.7034516460276549,0.5039065,-0.011498904546792588
0.0,0.019601696099682386,0.39746895,-0.011498904546792588
1.0,0.10597989787808057,0.9971788,-0.011498904546792588
1.0,0.3624448178696834,0.8540357,-0.011498904546792588
0.0,0.38166502660039187,0.2568383,-0.011498904546792588
1.0,0.8833348148339508,0.8193745,-0.011498904546792588
0.0,0.2325267722581871,0.015156109,-0.011498904546792588
1.0,0.19600652977337854,0.71810865,-0.011498904546792588
1.0,0.27910340096396447,0.9823714,-0.011498904546792588
1.0,0.015254608122475437,0.0211882,-0.011498904546792588
1.0,0.6728180220487231,0.40806267,-0.011498904546792588
1.0,0.006769302840455948,0.9984125,-0.011498904546792588
1.0,0.5169757700620773,0.52771944,-0.02237327957684726
1.0,0.0028898602108344638,0.9957806,-0.02237327957684726
0.0,1.2946501468012375,0.8932934,-0.02237327957684726
1.0,0.014179074624355211,0.96860373,-0.02237327957684726
1.0,0.032345850753537644,0.9990578,-0.02237327957684726
1.0,0.29862363779339884,0.96646947,-0.02237327957684726
1.0,0.041151558169262054,0.42954877,-0.02237327957684726
1.0,0.9160074870132877,0.18353485,-0.02237327957684726
0.0,0.01892023741584196,0.97766453,-0.02237327957684726
1.0,0.08740926555043071,0.72759485,-0.02237327957684726
0.0,1.27939453826048,0.06275679,-0.02237327957684726
1.0,0.0923392568212681,0.99517715,-0.02237327957684726
1.0,0.5067525433846559,0.51928204,-0.02237327957684726
1.0,0.0025565183527932536,0.99844414,-0.02237327957684726
1.0,0.030963257354015658,0.7125295,-0.011857069126753383
0.0,0.9291613339507995,0.011980775,-0.011857069126753383
0.0,0.47162974162815147,0.151112,-0.011857069126753383
1.0,0.09527549946839031,0.9406781,-0.011857069126753383
0.0,0.19758058270213993,0.22304879,-0.011857069126753383
1.0,0.3796096727522514,0.67065805,-0.011857069126753383
1.0,0.5700570505082878,0.40670034,-0.011857069126753383
0.0,0.8342538240446044,0.39982498,-0.011857069126753383
0.0,0.3030554498787666,0.06159094,-0.011857069126753383
0.0,0.11080505705982481,0.520649,-0.011857069126753383
1.0,0.14258373939676502,0.983417,-0.011857069126753383
1.0,0.15050367537257772,0.9901779,-0.011857069126753383
1.0,0.01840708084798908,0.8792769,-0.011857069126753383
1.0,0.018533598395596013,0.99681866,-0.011857069126753383
1.0,0.03679759461521987,0.7140667,-0.058801672609436306
1.0,0.7430556224862136,0.36176425,-0.058801672609436306
1.0,0.10037387569216748,0.64079744,-0.058801672609436306
0.0,0.05764904259373765,0.3658588,-0.058801672609436306
0.0,0.09139994990318552,0.026222216,-0.058801672609436306
1.0,0.35464399087500237,0.8520653,-0.058801672609436306
0.0,0.6125122021833789,0.16302273,-0.058801672609436306
1.0,0.6213922384518582,0.87297046,-0.058801672609436306
0.0,0.028950660749597307,0.9607012,-0.058801672609436306
1.0,0.07927841513672493,0.87260604,-0.058801672609436306
1.0,0.006513782946182102,0.9794948,-0.058801672609436306
1.0,0.008660855490688438,0.98951334,-0.058801672609436306
1.0,0.7054218419985894,0.30848914,-0.058801672609436306
1.0,0.01742983145917259,0.9964796,-0.058801672609436306
1.0,0.036469297067668535,0.66719013,-0.02471389756691339
0.0,0.32292076193006986,0.02046811,-0.02471389756691339
1.0,0.6164943501946355,0.38765746,-0.02471389756691339
1.0,0.04121898807644549,0.9099771,-0.02471389756691339
1.0,0.06582634638773266,0.7071233,-0.02471389756691339
1.0,0.24422636246246301,0.89610547,-0.02471389756691339
1.0,0.6112054844247745,0.5291111,-0.02471389756691339
1.0,0.7945384302885189,0.5725264,-0.02471389756691339
1.0,0.1284811736119581,0.267954,-0.02471389756691339
1.0,0.08422336485083701,0.7325008,-0.02471389756691339
1.0,0.8724958872826343,0.119055614,-0.02471389756691339
1.0,0.20604035598655362,0.98869646,-0.02471389756691339
1.0,0.15940303422319174,0.80093116,-0.02471389756691339
1.0,0.039253890062821054,0.9979996,-0.02471389756691339
1.0,0.3077150305724378,0.5792902,-0.08481714706448912
1.0,0.5621767142133235,0.9015708,-0.08481714706448912
1.0,0.4837408734222233,0.61859554,-0.08481714706448912
1.0,0.09320776607533042,0.2122921,-0.08481714706448912
1.0,0.049910435424369376,0.95798403,-0.08481714706448912
1.0,0.22767868510137845,0.995073,-0.08481714706448912
0.0,0.5353471368507142,0.21857774,-0.08481714706448912
1.0,0.8370706633711809,0.984909,-0.08481714706448912
1.0,0.011221970156464919,0.9761762,-0.08481714706448912
1.0,0.019590626183586694,0.99306375,-0.08481714706448912
1.0,0.11189824450551174,0.9243462,-0.08481714706448912
1.0,0.01481162663622766,0.9730014,-0.08481714706448912
1.0,0.15372094889303303,0.78441143,-0.08481714706448912
1.0,0.01565149946113154,0.9958633,-0.08481714706448912
1.0,0.02297864784255039,0.66149765,-0.04210265154907733
1.0,0.2983399563506963,0.9350611,-0.04210265154907733
1.0,0.6393458216819913,0.4063354,-0.04210265154907733
1.0,0.014681974073012211,0.95073986,-0.04210265154907733
0.0,0.35855357792128134,0.0033131076,-0.04210265154907733
0.0,0.1525499946259065,0.18649809,-0.04210265154907733
1.0,0.7684502832198188,0.446702,-0.04210265154907733
1.0,0.9297476414688064,0.3805328,-0.04210265154907733
0.0,0.14394459088842868,0.030187521,-0.04210265154907733
1.0,0.04767507314471832,0.70354414,-0.04210265154907733
1.0,0.18265456068850552,0.98539114,-0.04210265154907733
0.0,0.07568645748580727,0.015603219,-0.04210265154907733
1.0,0.11345755067092128,0.84710044,-0.04210265154907733
1.0,0.05020645306957325,0.9980763,-0.04210265154907733
1.0,0.12231881932556903,0.34279025,0.020196644168854916
1.0,0.28490796977988325,0.9885352,0.020196644168854916
0.0,0.9687202186375277,0.2244131,0.020196644168854916
1.0,0.11442873988326882,0.97355753,0.020196644168854916
1.0,0.1589179266366849,0.99857306,0.020196644168854916
0.0,0.02649650594325893,0.015367924,0.020196644168854916
1.0,0.043395521107094,0.7078783,0.020196644168854916
1.0,0.6749907262396889,0.8595537,0.020196644168854916
0.0,0.23056960731414167,0.012944096,0.020196644168854916
1.0,0.09302590127192356,0.9819921,0.020196644168854916
0.0,4.235449109628992,0.035392877,0.020196644168854916
1.0,0.5290635401238426,0.99255157,0.020196644168854916
0.0,0.5269698164057147,0.23052202,0.020196644168854916
1.0,0.008713289953507413,0.9987375,0.020196644168854916
1.0,0.06658827243562147,0.6029278,-0.05040248064301012
0.0,0.9725326367285112,0.6551361,-0.05040248064301012
1.0,0.37958198722326075,0.45002198,-0.05040248064301012
1.0,0.057895941433182156,0.97834504,-0.05040248064301012
0.0,0.3438877374129214,0.60955536,-0.05040248064301012
1.0,0.15046235190773777,0.9945738,-0.05040248064301012
0.0,0.40194825596902284,0.6219266,-0.05040248064301012
1.0,0.8609504226784971,0.9725375,-0.05040248064301012
0.0,0.13697880972183596,0.058948252,-0.05040248064301012
1.0,0.025857392419296334,0.9878967,-0.05040248064301012
1.0,0.2031502084046355,0.9609138,-0.05040248064301012
1.0,0.1297599889668259,0.9903859,-0.05040248064301012
1.0,0.06650859011229433,0.8820814,-0.05040248064301012
1.0,0.5395351639792957,0.7643115,-0.05040248064301012
1.0,0.1214933852577595,0.6124183,0.04135871233656241
1.0,0.8464687875040677,0.404078,0.04135871233656241
1.0,0.5740617251646373,0.12897216,0.04135871233656241
1.0,0.10982162595192586,0.95042276,0.04135871233656241
1.0,0.19541396062801522,0.6951783,0.04135871233656241
1.0,0.42205471784463283,0.74811375,0.04135871233656241
1.0,0.5850864409195118,0.4337285,0.04135871233656241
1.0,0.9108879271857933,0.3086352,0.04135871233656241
1.0,0.036407047701120174,0.20828365,0.04135871233656241
1.0,0.13433663627438638,0.22365074,0.04135871233656241
0.0,0.8931000589410106,0.043404628,0.04135871233656241
1.0,0.06689458411823714,0.98995656,0.04135871233656241
1.0,0.637633057876542,0.16732489,0.04135871233656241
1.0,0.07478883263366573,0.5637661,0.04135871233656241
1.0,0.04977485669705371,0.6181535,-0.045338020558993
1.0,0.02614447870089046,0.99530643,-0.045338020558993
1.0,1.165983102476856,0.3125061,-0.045338020558993
1.0,0.04890527202778247,0.9328056,-0.045338020558993
1.0,0.06396399721951584,0.99876094,-0.045338020558993
1.0,0.7731673565761066,0.7450743,-0.045338020558993
0.0,0.08367486923961048,0.72058165,-0.045338020558993
0.0,0.5178417715973369,0.02477517,-0.045338020558993
1.0,0.0005953290507504956,0.97592884,-0.045338020558993
1.0,0.05272695840714442,0.93710953,-0.045338020558993
1.0,0.1140167161697286,0.979626,-0.045338020558993
0.0,0.4578067348325151,0.06022059,-0.045338020558993
0.0,0.667743633078311,0.3564792,-0.045338020558993
1.0,0.009998678750344731,0.99815625,-0.045338020558993
1.0,0.04076328739984945,0.72678685,-0.03484233842864193
1.0,0.32313209946420907,0.977372,-0.03484233842864193
1.0,0.7588007146080902,0.41902068,-0.03484233842864193
1.0,0.003712854150483319,0.9356393,-0.03484233842864193
1.0,0.012249588944092974,0.9977738,-0.03484233842864193
0.0,0.09762503347992559,0.09853208,-0.03484233842864193
0.0,0.12254427175179568,0.6085193,-0.03484233842864193
0.0,0.558633850450797,0.0789041,-0.03484233842864193
1.0,0.03121863747889771,0.963955,-0.03484233842864193
1.0,0.12347402830824475,0.36523542,-0.03484233842864193
1.0,0.7558370490076468,0.10751437,-0.03484233842864193
0.0,0.46091015982710737,0.022038909,-0.03484233842864193
1.0,0.6449733289083709,0.3177431,-0.03484233842864193
1.0,0.02836014901009271,0.9984321,-0.03484233842864193
1.0,0.01872557323453512,0.53374493,-0.048829107978940245
1.0,0.02342018525410622,0.4750401,-0.048829107978940245
0.0,0.6345729350300422,0.41606802,-0.048829107978940245
1.0,0.03655954219413952,0.9536717,-0.048829107978940245
0.0,0.010826556069141999,0.06323262,-0.048829107978940245
0.0,0.3147846598172045,0.20228842,-0.048829107978940245
1.0,0.057488673548156406,0.60372484,-0.048829107978940245
1.0,0.8794377809655808,0.5328481,-0.048829107978940245
1.0,0.06275063220748725,0.9535114,-0.048829107978940245
1.0,0.25144341049824337,0.55339783,-0.048829107978940245
1.0,0.21780484627252297,0.9839739,-0.048829107978940245
1.0,0.10599138138182017,0.992935,-0.048829107978940245
1.0,0.030783273851082496,0.7639194,-0.048829107978940245
0.0,0.5061446433926556,0.013417993,-0.048829107978940245
0.0,0.0320144927423537,0.7072246,-0.11236784706379466
0.0,0.04623314117519495,0.10760303,-0.11236784706379466
1.0,0.6477616235643455,0.41784438,-0.11236784706379466
1.0,0.10171293964942808,0.9125259,-0.11236784706379466
1.0,0.13347359391996003,0.30108812,-0.11236784706379466
1.0,0.32054523424577275,0.8140729,-0.11236784706379466
1.0,0.45672944443392777,0.6362297,-0.11236784706379466
1.0,0.7317229489854762,0.863197,-0.11236784706379466
1.0,0.06836199047996643,0.9578206,-0.11236784706379466
1.0,0.11285335209027222,0.5325121,-0.11236784706379466
1.0,0.16480409391755046,0.9739533,-0.11236784706379466
1.0,0.08211902602555221,0.98802674,-0.11236784706379466
0.0,0.10299122733213997,0.8562282,-0.11236784706379466
1.0,0.028689048973022973,0.9974349,-0.11236784706379466
1.0,0.09105098250732477,0.63544756,-0.0032495588826282895
1.0,0.03222136302099538,0.99434495,-0.0032495588826282895
1.0,0.16822723976205808,0.35527578,-0.0032495588826282895
0.0,0.058504085953967055,0.00470575,-0.0032495588826282895
1.0,0.016113890586247428,0.9972197,-0.0032495588826282895
1.0,0.4504978924073622,0.9961248,-0.0032495588826282895
1.0,0.11834763485589331,0.6262348,-0.0032495588826282895
1.0,0.9055763236821632,0.9885222,-0.0032495588826282895
1.0,0.01770799674531399,0.97819114,-0.0032495588826282895
1.0,0.029996829541084572,0.99108666,-0.0032495588826282895
1.0,0.09068694929579332,0.96274114,-0.0032495588826282895
0.0,0.6606515230709158,0.12350667,-0.0032495588826282895
1.0,0.19711503873567288,0.77232516,-0.0032495588826282895
1.0,6.471272223962886e-05,0.99830866,-0.0032495588826282895
1.0,0.15456965252156793,0.37218815,0.10412998641727389
0.0,0.03592240529806558,0.07854006,0.10412998641727389
1.0,0.6402634176492707,0.5172696,0.10412998641727389
0.0,0.17171984008229513,0.31905004,0.10412998641727389
1.0,0.08798128336285102,0.3644731,0.10412998641727389
0.0,0.1432068024801795,0.15161669,0.10412998641727389
1.0,0.4542806131330856,0.68441755,0.10412998641727389
1.0,0.8548195817304606,0.17495124,0.10412998641727389
0.0,0.01819620559504949,0.042349346,0.10412998641727389
1.0,0.17270052926930543,0.6995089,0.10412998641727389
1.0,4.0392025160855844,0.13961032,0.10412998641727389
1.0,0.7334123564494701,0.9921049,0.10412998641727389
0.0,0.3864265323906681,0.21791688,0.10412998641727389
1.0,0.0015834714144206863,0.9986933,0.10412998641727389
1.0,0.05605244381976609,0.73424006,-0.053758534518016765
1.0,0.0007871097353344262,0.99446553,-0.053758534518016765
1.0,1.3225683387756821,0.93406034,-0.053758534518016765
1.0,0.08988916653833628,0.9723936,-0.053758534518016765
1.0,0.027433354515460005,0.9987173,-0.053758534518016765
1.0,0.48322888588108104,0.9871154,-0.053758534518016765
1.0,0.5685972539066673,0.67185116,-0.053758534518016765
1.0,0.9690085652659491,0.8369058,-0.053758534518016765
1.0,0.007238865691403603,0.9547451,-0.053758534518016765
0.0,0.1796375484627787,0.4521179,-0.053758534518016765
0.0,1.0392009942665905,0.042776242,-0.053758534518016765
1.0,0.026439265719140407,0.9933055,-0.053758534518016765
1.0,0.13643822837124864,0.55180544,-0.053758534518016765
1.0,0.014668643893541,0.9982718,-0.053758534518016765
1.0,0.21169090519066475,0.639894,0.010583033336807768
1.0,0.05402782725452075,0.9221477,0.010583033336807768
1.0,0.7247670896401086,0.47842762,0.010583033336807768
1.0,0.20609316353709556,0.8867089,0.010583033336807768
1.0,0.025239066590414038,0.9792321,0.010583033336807768
1.0,0.3068981501623614,0.83596754,0.010583033336807768
1.0,0.2302255979554311,0.6163582,0.010583033336807768
1.0,0.3815074825181599,0.7851793,0.010583033336807768
1.0,0.050829555000734994,0.9743351,0.010583033336807768
1.0,0.12498167750947783,0.4530971,0.010583033336807768
0.0,4.591367246519408,0.06644373,0.010583033336807768
1.0,0.8445355630541895,0.9866176,0.010583033336807768
0.0,0.46852368564743363,0.14137657,0.010583033336807768
1.0,0.015522777842528368,0.9972281,0.010583033336807768
1.0,0.17928782789202588,0.63264376,-0.04871176591287668
1.0,0.30759084971041956,0.99049205,-0.04871176591287668
1.0,0.4450215967588463,0.42102382,-0.04871176591287668
1.0,0.09759218279513969,0.4672124,-0.04871176591287668
1.0,0.037560226700820425,0.99722326,-0.04871176591287668
1.0,0.12144815859883389,0.74673605,-0.04871176591287668
1.0,0.38266416934333997,0.43884853,-0.04871176591287668
0.0,0.63329821371066,0.042061783,-0.04871176591287668
1.0,0.01331630484251507,0.95848215,-0.04871176591287668
1.0,0.03628715227948359,0.9195689,-0.04871176591287668
1.0,0.13572280609370443,0.971493,-0.04871176591287668
1.0,0.11807685729237127,0.98462534,-0.04871176591287668
1.0,0.516480367401808,0.20154695,-0.04871176591287668
1.0,0.004901110661877038,0.9981211,-0.04871176591287668
1.0,0.051426038216540716,0.6502141,-0.11018442647059606
1.0,0.28801550784322877,0.99096316,-0.11018442647059606
1.0,0.6111238302835871,0.42461228,-0.11018442647059606
1.0,0.08679310735064812,0.950173,-0.11018442647059606
1.0,0.06672509087050593,0.9988894,-0.11018442647059606
1.0,0.23287136279637477,0.065174304,-0.11018442647059606
1.0,0.007143571643847686,0.7386638,-0.11018442647059606
0.0,1.0709414988052381,0.58971244,-0.11018442647059606
1.0,0.04867917308376376,0.9668356,-0.11018442647059606
1.0,0.09266976341616766,0.9603672,-0.11018442647059606
1.0,0.16928193189106602,0.98816854,-0.11018442647059606
1.0,0.1274601401587063,0.9943844,-0.11018442647059606
1.0,0.10899349475344558,0.88158184,-0.11018442647059606
1.0,0.03521771052223516,0.99840814,-0.11018442647059606
0.0,0.057861785092141814,0.21681559,-0.05373074581846543
1.0,0.5214511989474447,0.8984113,-0.05373074581846543
1.0,0.6010462496263625,0.50955886,-0.05373074581846543
1.0,0.13093116849447728,0.83286154,-0.05373074581846543
1.0,0.29250122529139544,0.9703982,-0.05373074581846543
1.0,0.438478043253908,0.99563885,-0.05373074581846543
1.0,0.5108673718248204,0.85989267,-0.05373074581846543
1.0,0.7376879616532371,0.9822114,-0.05373074581846543
1.0,0.03496592340643053,0.97468865,-0.05373074581846543
1.0,0.03205069447498465,0.9899889,-0.05373074581846543
0.0,0.5903482704777492,0.14322324,-0.05373074581846543
1.0,0.12665470069929385,0.9715234,-0.05373074581846543
1.0,0.15658125001279224,0.75011873,-0.05373074581846543
1.0,0.026925260759216883,0.99559915,-0.05373074581846543
1.0,0.022606575830563375,0.7310442,-0.04888848874337254
1.0,0.5951850159749621,0.8557689,-0.04888848874337254
1.0,0.33616069176041885,0.3792075,-0.04888848874337254
1.0,0.04961350873184003,0.27148053,-0.04888848874337254
1.0,0.01845100350939898,0.9083165,-0.04888848874337254
1.0,0.14756852989579697,0.9912998,-0.04888848874337254
0.0,0.7161740779606446,0.17549576,-0.04888848874337254
1.0,0.9495854492975881,0.98201776,-0.04888848874337254
1.0,0.011024732241606477,0.96618,-0.04888848874337254
1.0,0.02989903000922452,0.98450166,-0.04888848874337254
0.0,0.06741489254877127,0.9511246,-0.04888848874337254
1.0,0.024146847996001444,0.9816636,-0.04888848874337254
1.0,0.1488289038592243,0.79043794,-0.04888848874337254
1.0,0.04002267966558538,0.9931385,-0.04888848874337254
1.0,0.05273930614984994,0.6490976,0.001680611186964609
1.0,0.24951759172301213,0.9222686,0.001680611186964609
1.0,0.25373870992007874,0.35411674,0.001680611186964609
1.0,0.16318791177417058,0.9248161,0.001680611186964609
0.0,0.3411784661452835,0.019312253,0.001680611186964609
0.0,0.5393292745376058,0.0043351124,0.001680611186964609
1.0,0.18040385639971884,0.68160224,0.001680611186964609
1.0,0.8314376200168845,0.8332525,0.001680611186964609
1.0,0.03257750373690961,0.9748984,0.001680611186964609
0.0,0.014265014709540474,0.013548243,0.001680611186964609
0.0,0.7883065203024646,0.10650701,0.001680611186964609
0.0,0.3033798252892675,0.020122867,0.001680611186964609
1.0,0.21452190438052884,0.8169017,0.001680611186964609
1.0,0.02751319021238483,0.99728847,0.001680611186964609
1.0,0.1279546080644664,0.5886844,-0.05322511916212802
1.0,0.27286589994419463,0.71878034,-0.05322511916212802
0.0,0.3272343066923604,0.58577365,-0.05322511916212802
1.0,0.04339049122909257,0.9309157,-0.05322511916212802
0.0,0.1675695516210505,0.0040295254,-0.05322511916212802
1.0,0.3802110775606627,0.94732517,-0.05322511916212802
1.0,0.5594939401427633,0.27337363,-0.05322511916212802
1.0,0.8736853855922816,0.71654403,-0.05322511916212802
1.0,0.27105425550527623,0.4334114,-0.05322511916212802
1.0,0.11190602277018852,0.47542226,-0.05322511916212802
1.0,0.2596550519228538,0.98927724,-0.05322511916212802
1.0,0.15192060189142856,0.9908669,-0.05322511916212802
1.0,0.015407989733825343,0.8408154,-0.05322511916212802
1.0,0.02626103614894929,0.9982768,-0.05322511916212802
1.0,0.04673739048144706,0.65730166,-0.06248363339664309
1.0,0.2797314299361336,0.9937144,-0.06248363339664309
0.0,1.2844688965260254,0.30068704,-0.06248363339664309
1.0,0.1173293667543364,0.95331734,-0.06248363339664309
1.0,0.13507482930431644,0.99218035,-0.06248363339664309
1.0,0.31010809521297455,0.42212555,-0.06248363339664309
1.0,0.047519473237493566,0.6954355,-0.06248363339664309
1.0,0.9901172659674997,0.1452957,-0.06248363339664309
1.0,0.1757451413970418,0.9711835,-0.06248363339664309
1.0,0.11647811322984013,0.76783806,-0.06248363339664309
1.0,0.7772623719306361,0.035131652,-0.06248363339664309
1.0,0.1396243618551571,0.9934822,-0.06248363339664309
1.0,0.0437259516049059,0.87656915,-0.06248363339664309
1.0,0.029228395342570487,0.99820006,-0.06248363339664309
1.0,0.03993764795141875,0.6785354,0.0024076699992960915
0.0,0.31181258075440255,0.016679987,0.0024076699992960915
1.0,1.0519841096726323,0.2247774,0.0024076699992960915
1.0,0.01821282832035981,0.93689287,0.0024076699992960915
1.0,0.16446797543187278,0.5293146,0.0024076699992960915
1.0,0.4633863768532907,0.9919968,0.0024076699992960915
1.0,0.008410126041135974,0.49914768,0.0024076699992960915
1.0,1.1894719381797378,0.9339838,0.0024076699992960915
1.0,0.03261475604403433,0.97814673,0.0024076699992960915
1.0,0.0005928280211896291,0.9421444,0.0024076699992960915
1.0,0.1328897799951251,0.9838869,0.0024076699992960915
0.0,1.1509004361127326,0.16546339,0.0024076699992960915
0.0,0.5792170220407813,0.15027599,0.0024076699992960915
1.0,0.03882650992272589,0.9983474,0.0024076699992960915
1.0,0.09816998444361767,0.6258138,0.009972472679985467
1.0,0.3001581685155303,0.9919342,0.009972472679985467
1.0,1.100257150832185,0.6045536,0.009972472679985467
0.0,0.24518231369965537,0.0047743972,0.009972472679985467
1.0,0.19493990876733291,0.99875,0.009972472679985467
1.0,0.5482884436259251,0.92300934,0.009972472679985467
1.0,0.5153097961956493,0.7110372,0.009972472679985467
1.0,0.8894713713441426,0.3454153,0.009972472679985467
1.0,0.04773700936957685,0.93907136,0.009972472679985467
1.0,0.202908405935247,0.50683445,0.009972472679985467
1.0,0.2163300822163037,0.9854057,0.009972472679985467
0.0,0.4868711629446259,0.015337448,0.009972472679985467
1.0,0.007679183903756095,0.75747555,0.009972472679985467
1.0,0.01752637103911508,0.99834824,0.009972472679985467
1.0,0.07426913297642783,0.5253987,0.08905379721354556
1.0,0.0058200742105127086,0.79280216,0.08905379721354556
1.0,1.0356820031903398,0.88692456,0.08905379721354556
0.0,0.23029623900483692,0.004735663,0.08905379721354556
0.0,0.109547843605086,0.008121512,0.08905379721354556
1.0,0.4804032389080036,0.9727102,0.08905379721354556
1.0,0.36900119753854627,0.4656446,0.08905379721354556
1.0,0.7321380276764482,0.88898647,0.08905379721354556
0.0,0.25025713622778195,0.020894974,0.08905379721354556
1.0,0.17019517993039063,0.4333485,0.08905379721354556
1.0,0.1572527359489492,0.98668146,0.08905379721354556
0.0,0.4295923099874432,0.022557024,0.08905379721354556
1.0,0.7145354497197609,0.6931159,0.08905379721354556
1.0,0.007355317511347188,0.99692494,0.08905379721354556
1.0,0.07044958320634215,0.46553984,-0.072036874548573
1.0,0.0276996628801559,0.9928744,-0.072036874548573
0.0,0.4450453811318991,0.1891724,-0.072036874548573
1.0,0.07244364255202261,0.9300888,-0.072036874548573
1.0,0.00027424057764854703,0.9980611,-0.072036874548573
0.0,0.2444796732822922,0.07856141,-0.072036874548573
1.0,0.029552767738290523,0.6855786,-0.072036874548573
1.0,1.0580352435154747,0.6608243,-0.072036874548573
1.0,0.057145399136626036,0.96762574,-0.072036874548573
1.0,0.09741617499127747,0.95305675,-0.072036874548573
1.0,0.17175671040051316,0.98633635,-0.072036874548573
1.0,0.08067379370458401,0.994464,-0.072036874548573
1.0,0.1240417794026886,0.872186,-0.072036874548573
1.0,0.034724216807653606,0.99837744,-0.072036874548573
0.0,0.030099850127874913,0.69659436,0.005876643509429957
1.0,0.5400377410872457,0.7610962,0.005876643509429957
0.0,1.2231313932420647,0.2731029,0.005876643509429957
1.0,0.07255761274028004,0.97689486,0.005876643509429957
1.0,0.19714975369493973,0.8884337,0.005876643509429957
1.0,0.2970584073912713,0.43937194,0.005876643509429957
1.0,0.5588497410654324,0.67683953,0.005876643509429957
1.0,0.7128322074653505,0.800014,0.005876643509429957
1.0,0.003933254874589305,0.9595991,0.005876643509429957
1.0,0.19577442088311428,0.5908205,0.005876643509429957
1.0,0.08219776778378346,0.9847503,0.005876643509429957
0.0,0.13368765013474593,0.03421538,0.005876643509429957
1.0,0.02446418182317929,0.718038,0.005876643509429957
1.0,0.021236365713579845,0.9982028,0.005876643509429957
1.0,0.031104870349625197,0.6944319,-0.03444605954499852
1.0,0.6466981282929386,0.9033444,-0.03444605954499852
1.0,0.5915653939281379,0.4961127,-0.03444605954499852
1.0,0.1518522717189121,0.890286,-0.03444605954499852
1.0,0.3223301907747468,0.9702058,-0.03444605954499852
0.0,0.16064104812809812,0.1313711,-0.03444605954499852
1.0,0.4660081691778592,0.76954603,-0.03444605954499852
1.0,1.1778259192611307,0.5100155,-0.03444605954499852
1.0,0.050841115973369135,0.95545006,-0.03444605954499852
1.0,0.0852831996264842,0.73750484,-0.03444605954499852
0.0,0.3999429441041733,0.03443795,-0.03444605954499852
1.0,0.10611214641342989,0.9824813,-0.03444605954499852
1.0,0.1580219275348438,0.8436614,-0.03444605954499852
1.0,0.021288861160822747,0.059805203,-0.03444605954499852
1.0,0.02905865328961839,0.6537092,-0.027716063683427272
1.0,0.5661710175682303,0.7876306,-0.027716063683427272
1.0,0.46651176916502174,0.43929547,-0.027716063683427272
1.0,0.09299459548834668,0.96787506,-0.027716063683427272
1.0,0.2962795396669289,0.8938044,-0.027716063683427272
0.0,0.2531180809050779,0.4209748,-0.027716063683427272
1.0,0.5862762804174939,0.71778834,-0.027716063683427272
0.0,0.7356344519499894,0.7515393,-0.027716063683427272
1.0,0.30592470466094135,0.5094838,-0.027716063683427272
1.0,0.20483950152206948,0.601395,-0.027716063683427272
1.0,0.21907258428025864,0.98164785,-0.027716063683427272
1.0,0.1122241574960357,0.99269086,-0.027716063683427272
1.0,0.1088305356568446,0.7675038,-0.027716063683427272
1.0,0.0013229901545456248,0.99804026,-0.027716063683427272
1.0,0.2744205048378337,0.35415882,-0.046405149993597794
1.0,0.5270364741710717,0.98079234,-0.046405149993597794
1.0,0.5679786690596584,0.6289467,-0.046405149993597794
1.0,0.023660917989453627,0.3816814,-0.046405149993597794
1.0,0.1374440154867065,0.9950252,-0.046405149993597794
1.0,0.5484577717057503,0.99482214,-0.046405149993597794
0.0,0.6151201722662512,0.25265473,-0.046405149993597794
1.0,0.8509592013799744,0.9823996,-0.046405149993597794
1.0,0.021882580157192775,0.96513623,-0.046405149993597794
1.0,0.0076561357802669315,0.9869674,-0.046405149993597794
1.0,0.04483360160558737,0.923391,-0.046405149993597794
1.0,0.7124461128070357,0.11674201,-0.046405149993597794
1.0,0.11693539538070427,0.7063661,-0.046405149993597794
0.0,0.2712555251076163,0.018283604,-0.046405149993597794
1.0,0.070245300238962,0.58713156,-0.06172006930467816
1.0,0.2978627021296408,0.989995,-0.06172006930467816
1.0,0.2538263486744411,0.66645914,-0.06172006930467816
1.0,0.05150635006491033,0.93936926,-0.06172006930467816
1.0,0.08783647381337058,0.99904567,-0.06172006930467816
1.0,0.301360569071594,0.99525166,-0.06172006930467816
1.0,0.13442338816733057,0.5754601,-0.06172006930467816
1.0,0.9338277042177017,0.98097014,-0.06172006930467816
1.0,0.051617278154708846,0.97759265,-0.06172006930467816
1.0,0.036924115272536605,0.994163,-0.06172006930467816
0.0,0.9828610738152553,0.13857552,-0.06172006930467816
1.0,0.19864552125475746,0.98827726,-0.06172006930467816
1.0,0.03759218693755858,0.86236066,-0.06172006930467816
1.0,0.037311211113084344,0.9983322,-0.06172006930467816
0.0,0.31483715867118145,0.52761054,-0.06863208837222928
0.0,0.5997266389544499,0.067170285,-0.06863208837222928
0.0,0.5100788083518151,0.52991074,-0.06863208837222928
1.0,0.08129722741934343,0.95047927,-0.06863208837222928
1.0,0.09548674548699258,0.5938607,-0.06863208837222928
1.0,0.3703046969883328,0.7138225,-0.06863208837222928
1.0,0.762086633382115,0.5823697,-0.06863208837222928
0.0,0.9515476658196269,0.118173644,-0.06863208837222928
1.0,0.0014391389522910548,0.9649231,-0.06863208837222928
1.0,0.07154010143846942,0.20748575,-0.06863208837222928
1.0,0.13181329934436734,0.9882544,-0.06863208837222928
1.0,0.10604271196393504,0.99220043,-0.06863208837222928
1.0,0.6463045495700723,0.4850638,-0.06863208837222928
1.0,0.007329755554501482,0.9974564,-0.06863208837222928
1.0,0.12174453761168792,0.3981754,0.01334306946023145
1.0,0.7580677143471581,0.83355707,0.01334306946023145
0.0,1.170226209126114,0.074147575,0.01334306946023145
1.0,0.011704876322130226,0.92037135,0.01334306946023145
1.0,0.28773516428152357,0.8731021,0.01334306946023145
1.0,0.4848074182660741,0.9831319,0.01334306946023145
1.0,0.6150317805939786,0.9019608,0.01334306946023145
1.0,1.0811981915020172,0.77020633,0.01334306946023145
1.0,0.20284758387742094,0.27048337,0.01334306946023145
0.0,0.020279207631845236,0.016918086,0.01334306946023145
1.0,0.06120983723953837,0.9136868,0.01334306946023145
1.0,0.07821479894883188,0.9802152,0.01334306946023145
1.0,0.05929995033543104,0.80448204,0.01334306946023145
1.0,0.007354937292256382,0.27184325,0.01334306946023145
1.0,0.01297205413889481,0.6678512,0.025881453867826143
1.0,0.3754571877756893,0.99055254,0.025881453867826143
0.0,0.7350849149300035,0.5145737,0.025881453867826143
1.0,0.27491515606186767,0.9386355,0.025881453867826143
1.0,0.03447277107942616,0.996852,0.025881453867826143
1.0,0.3135592652660069,0.9926602,0.025881453867826143
1.0,0.031050968835636003,0.6704616,0.025881453867826143
1.0,0.7957997780734939,0.9722384,0.025881453867826143
0.0,0.04791143370871685,0.027923811,0.025881453867826143
0.0,0.10886151006815627,0.0062994175,0.025881453867826143
0.0,3.6835001441921658,0.05185407,0.025881453867826143
0.0,0.4262616033679292,0.021023223,0.025881453867826143
1.0,0.4960100893367605,0.5820135,0.025881453867826143
1.0,0.037329208312530386,0.9983386,0.025881453867826143
0.0,0.014945018119411763,0.7469175,0.023165245546785562
0.0,0.9279356170429385,0.00709871,0.023165245546785562
1.0,0.7230589724214713,0.23543596,0.023165245546785562
0.0,0.38770782146577515,0.0036961597,0.023165245546785562
1.0,0.07228002542486078,0.84581465,0.023165245546785562
1.0,0.18762346837238877,0.72401774,0.023165245546785562
1.0,0.05398764041741959,0.5715073,0.023165245546785562
1.0,0.3862102125422431,0.79366326,0.023165245546785562
1.0,0.026055138368848364,0.95026565,0.023165245546785562
0.0,0.1887542947670169,0.44524547,0.023165245546785562
1.0,0.3634888362144959,0.97735786,0.023165245546785562
0.0,1.3148664568214325,0.025532171,0.023165245546785562
1.0,0.1963555445431182,0.80364823,0.023165245546785562
1.0,0.06047496092638921,0.99768984,0.023165245546785562
1.0,0.026591737330990992,0.5740672,-0.051119861169713676
1.0,0.49391644456178463,0.51763165,-0.051119861169713676
1.0,0.6478244742392849,0.61579823,-0.051119861169713676
1.0,0.31096202805991496,0.86501575,-0.051119861169713676
0.0,0.009881180371258508,0.3110467,-0.051119861169713676
1.0,0.3032408274447183,0.994655,-0.051119861169713676
1.0,0.5253404419766433,0.7367864,-0.051119861169713676
1.0,0.630597669377511,0.978954,-0.051119861169713676
1.0,0.0767066121323316,0.9785945,-0.051119861169713676
1.0,0.036133014432446646,0.9909944,-0.051119861169713676
0.0,4.122652595368343,0.15994573,-0.051119861169713676
1.0,0.7248881947895991,0.98138475,-0.051119861169713676
1.0,0.15355591984251063,0.816554,-0.051119861169713676
1.0,0.03631751373595906,0.99774987,-0.051119861169713676
1.0,0.018550398207970432,0.69348943,0.01092438033586185
1.0,0.006313026873652916,0.7025607,0.01092438033586185
1.0,0.6523109457843597,0.51736933,0.01092438033586185
1.0,0.0893731558863199,0.37522176,0.01092438033586185
0.0,0.16810770799729502,0.0061649093,0.01092438033586185
1.0,0.21525913855705756,0.33260417,0.01092438033586185
0.0,0.5414732369053556,0.31633294,0.01092438033586185
1.0,0.8089561501223362,0.775547,0.01092438033586185
0.0,0.022999341804676905,0.047208615,0.01092438033586185
1.0,0.17887708969522206,0.37654522,0.01092438033586185
1.0,0.18317097662001805,0.98586047,0.01092438033586185
1.0,0.03851554305874836,0.9899065,0.01092438033586185
0.0,0.8169036932567368,0.22973323,0.01092438033586185
1.0,0.04082364772457733,0.99740124,0.01092438033586185
1.0,0.009467173406146868,0.72812545,-0.09763325919969357
1.0,0.2875845873613318,0.9914683,-0.09763325919969357
0.0,0.2762527608480553,0.69710845,-0.09763325919969357
1.0,0.015661783175219348,0.9383371,-0.09763325919969357
1.0,0.058741686403231415,0.99811447,-0.09763325919969357
1.0,0.44460036358315097,0.99275184,-0.09763325919969357
1.0,0.017520008665740116,0.4458747,-0.09763325919969357
1.0,1.2215097550426577,0.9460475,-0.09763325919969357
1.0,0.008917367523718531,0.97446907,-0.09763325919969357
1.0,0.036694478405958984,0.9779294,-0.09763325919969357
0.0,0.4592611462966423,0.038619187,-0.09763325919969357
1.0,0.0004711426723530158,0.9913833,-0.09763325919969357
1.0,0.03336634512853468,0.8975696,-0.09763325919969357
1.0,0.05219808300181607,0.9985403,-0.09763325919969357
1.0,0.032317086039734856,0.7102168,-0.07607358319896418
1.0,0.5555459975875432,0.6462193,-0.07607358319896418
0.0,0.6084195878089796,0.5089749,-0.07607358319896418
1.0,0.041998146133101995,0.5046198,-0.07607358319896418
0.0,0.6188501679935371,0.05376133,-0.07607358319896418
1.0,0.4506910309356996,0.98939264,-0.07607358319896418
1.0,0.611369057191395,0.8445577,-0.07607358319896418
1.0,0.9279059225768148,0.8346624,-0.07607358319896418
1.0,0.03476615650222115,0.97299397,-0.07607358319896418
0.0,0.03610664091932017,0.008443279,-0.07607358319896418
1.0,0.04374264314031478,0.95146704,-0.07607358319896418
1.0,0.01691861431869689,0.97823197,-0.07607358319896418
1.0,0.2201199601959895,0.7985388,-0.07607358319896418
1.0,0.017534323914868033,0.9935942,-0.07607358319896418
1.0,0.04211452095485181,0.74029,-0.0506408333758126
1.0,0.627120707183049,0.91198665,-0.0506408333758126
1.0,0.6137365533344422,0.48255408,-0.0506408333758126
1.0,0.03329875883820608,0.43278575,-0.0506408333758126
1.0,0.23799326894225437,0.9758768,-0.0506408333758126
1.0,0.21018949832170447,0.056846656,-0.0506408333758126
1.0,0.3364708604749975,0.87016064,-0.0506408333758126
0.0,0.9217700564324234,0.6777998,-0.0506408333758126
1.0,0.03577959473913357,0.96552026,-0.0506408333758126
0.0,0.0791085505246071,0.749971,-0.0506408333758126
1.0,0.12486992600226274,0.96298945,-0.0506408333758126
1.0,0.0030352313179205577,0.9802419,-0.0506408333758126
1.0,0.10108001876520188,0.82175624,-0.0506408333758126
1.0,0.02937656739630663,0.99532795,-0.0506408333758126
1.0,0.15670385976618037,0.57988423,-0.031571011980605634
1.0,0.6529456205407463,0.9883515,-0.031571011980605634
1.0,1.1848591776704935,0.39842632,-0.031571011980605634
0.0,0.1291146741532188,0.37936836,-0.031571011980605634
1.0,0.10471935650629735,0.99859005,-0.031571011980605634
1.0,0.4092969743782776,0.8839794,-0.031571011980605634
1.0,0.5154555865721566,0.1427784,-0.031571011980605634
1.0,0.7132232097155211,0.20788327,-0.031571011980605634
1.0,0.010320205733662437,0.967771,-0.031571011980605634
0.0,0.10144824792757465,0.2927308,-0.031571011980605634
1.0,0.03986825315029468,0.9763258,-0.031571011980605634
1.0,0.0029519075902161855,0.99034435,-0.031571011980605634
1.0,0.5214732067380581,0.3063477,-0.031571011980605634
1.0,0.03925863816227471,0.99650663,-0.031571011980605634
0.0,0.1395038541690305,0.25155908,0.03511227222577207
1.0,0.4906601865125216,0.98988837,0.03511227222577207
1.0,0.6062635005894758,0.6294005,0.03511227222577207
0.0,0.015960344706681777,0.4494338,0.03511227222577207
1.0,0.12851927787693646,0.99378645,0.03511227222577207
1.0,0.4919487514238954,0.88343227,0.03511227222577207
1.0,0.12557987150271013,0.842893,0.03511227222577207
1.0,0.4722759656326165,0.80098826,0.03511227222577207
1.0,0.24287383977684224,0.3516886,0.03511227222577207
1.0,0.14862665709126824,0.7274922,0.03511227222577207
1.0,4.517710733730179,0.22973552,0.03511227222577207
1.0,0.7417015844236933,0.9865568,0.03511227222577207
1.0,0.06203261859430647,0.8422568,0.03511227222577207
1.0,0.00958001806398983,0.9967996,0.03511227222577207
1.0,0.0033675836514655,0.5813183,-0.01912259602498012
1.0,0.5475178082458444,0.98388886,-0.01912259602498012
0.0,0.8887110091214315,0.49270117,-0.01912259602498012
1.0,0.381248542220148,0.88946927,-0.01912259602498012
1.0,0.27229265807998126,0.99565864,-0.01912259602498012
1.0,0.8314629978294433,0.8379617,-0.01912259602498012
1.0,0.7291954749780385,0.86242104,-0.01912259602498012
0.0,0.6646413805593805,0.031599086,-0.01912259602498012
1.0,0.08874539342391229,0.9635464,-0.01912259602498012
0.0,0.07476238404525522,0.0947512,-0.01912259602498012
1.0,0.25654913831959336,0.92462116,-0.01912259602498012
1.0,1.239703518092816,0.16679943,-0.01912259602498012
1.0,0.5260452102756131,0.58844185,-0.01912259602498012
1.0,0.08095462176933899,0.9969183,-0.01912259602498012
1.0,0.0038052989642702838,0.6733479,0.034432149202346496
1.0,0.4920571660956034,0.78662246,0.034432149202346496
1.0,1.1304353232343909,0.8689244,0.034432149202346496
0.0,0.09023386076182544,0.14314023,0.034432149202346496
1.0,0.0851546120187665,0.89724106,0.034432149202346496
1.0,0.45422527523537326,0.98226523,0.034432149202346496
1.0,0.006615830877424127,0.6045616,0.034432149202346496
1.0,0.7738533276941372,0.9030459,0.034432149202346496
1.0,0.08860362629770062,0.9651129,0.034432149202346496
1.0,0.14494454469535512,0.5232495,0.034432149202346496
1.0,0.15146172632365787,0.988282,0.034432149202346496
0.0,0.555554945844043,0.015375047,0.034432149202346496
1.0,0.738096863757973,0.564308,0.034432149202346496
1.0,0.05292122165325073,0.99820256,0.034432149202346496
1.0,0.052188306851481354,0.65988714,-0.05345997973124861
1.0,0.5690706273031295,0.99203,-0.05345997973124861
0.0,0.5115784454619366,0.6029175,-0.05345997973124861
0.0,0.33484173368110565,0.20146579,-0.05345997973124861
1.0,0.13683635452836138,0.9966523,-0.05345997973124861
1.0,0.6210176528474145,0.91285145,-0.05345997973124861
1.0,0.54859039657547,0.72101104,-0.05345997973124861
0.0,0.6817799899999564,0.035767894,-0.05345997973124861
0.0,0.054252727669378546,0.26598495,-0.05345997973124861
1.0,0.01293379835128867,0.8125863,-0.05345997973124861
1.0,0.09866177087625108,0.9448965,-0.05345997973124861
1.0,0.03521500237176669,0.97189033,-0.05345997973124861
1.0,0.03196866344739262,0.752099,-0.05345997973124861
0.0,0.3321787308208514,0.11494378,-0.05345997973124861
1.0,0.02858231040772542,0.6859024,0.04214236500438373
1.0,0.7613324794005191,0.86339664,0.04214236500438373
1.0,0.42553809444761337,0.30039343,0.04214236500438373
1.0,0.22161235981179336,0.25401884,0.04214236500438373
1.0,0.5142223782175058,0.829569,0.04214236500438373
1.0,0.6622873005111912,0.93195593,0.04214236500438373
1.0,0.7226577308630504,0.8669937,0.04214236500438373
0.0,0.4324910670933299,0.013102149,0.04214236500438373
1.0,0.08385053099108644,0.946719,0.04214236500438373
1.0,0.03153201135116561,0.77641267,0.04214236500438373
1.0,0.36846143848879753,0.88302195,0.04214236500438373
1.0,1.2489352508667602,0.21885774,0.04214236500438373
1.0,0.6908427801687534,0.73490554,0.04214236500438373
0.0,0.09488419057581328,0.042781275,0.04214236500438373
0.0,0.10932022619666527,0.0037679365,-0.04077683430158824
0.0,0.8829700564874541,0.0011561508,-0.04077683430158824
1.0,0.2578299071534486,0.56299514,-0.04077683430158824
1.0,0.028434658601992176,0.9644355,-0.04077683430158824
1.0,0.029342868118557592,0.666905,-0.04077683430158824
1.0,0.3782120889149262,0.90229034,-0.04077683430158824
1.0,0.12276065894437956,0.20921768,-0.04077683430158824
1.0,0.676286790896843,0.8567177,-0.04077683430158824
1.0,0.02197657433554093,0.95842224,-0.04077683430158824
1.0,0.10058406838064028,0.51794934,-0.04077683430158824
1.0,0.1368462865503569,0.98436373,-0.04077683430158824
1.0,0.09347174919227724,0.9942694,-0.04077683430158824
1.0,0.09289968663047062,0.88047856,-0.04077683430158824
1.0,0.013583021074681676,0.9974848,-0.04077683430158824
0.0,0.20142032543327568,0.0027921984,0.09082013244431897
0.0,0.1275137789637047,0.4641482,0.09082013244431897
1.0,0.517624202975411,0.4650119,0.09082013244431897
1.0,0.1438834499357986,0.8748468,0.09082013244431897
0.0,0.25174171853255717,0.0938503,0.09082013244431897
1.0,0.10997063766436517,0.18418366,0.09082013244431897
1.0,0.3782156147909961,0.73335403,0.09082013244431897
1.0,0.27455187621093396,0.66997,0.09082013244431897
0.0,0.18454917465164777,0.027610151,0.09082013244431897
1.0,0.15758002501513418,0.49298748,0.09082013244431897
0.0,4.728962355585878,0.10764084,0.09082013244431897
1.0,0.7532626861045357,0.98471236,0.09082013244431897
0.0,0.5609738814652124,0.27444905,0.09082013244431897
1.0,0.0065773548607741565,0.99752516,0.09082013244431897
0.0,0.17163493375455605,0.05572697,-0.052283909856750466
1.0,0.5948236294856264,0.96290016,-0.052283909856750466
0.0,0.2131468635141746,0.6856505,-0.052283909856750466
1.0,0.047793204017771075,0.9353103,-0.052283909856750466
1.0,0.048963131541650294,0.9983119,-0.052283909856750466
1.0,0.3179342380617287,0.89620596,-0.052283909856750466
0.0,0.05612898336834858,0.41757536,-0.052283909856750466
0.0,0.677497600191183,0.09043308,-0.052283909856750466
1.0,0.0014891488951343265,0.96899736,-0.052283909856750466
1.0,0.10084339490051664,0.44544443,-0.052283909856750466
1.0,0.06295922605880475,0.98323107,-0.052283909856750466
0.0,0.18490600146580138,0.023930345,-0.052283909856750466
1.0,0.1308924818371335,0.8749434,-0.052283909856750466
1.0,0.0301631275558814,0.99779093,-0.052283909856750466
0.0,0.16680349287010565,0.29241928,-0.03635876443205488
1.0,0.24591988801837977,0.9946996,-0.03635876443205488
1.0,0.45679288839506393,0.31091774,-0.03635876443205488
1.0,0.11201763502272086,0.904715,-0.03635876443205488
1.0,0.0008682334177795274,0.9977477,-0.03635876443205488
1.0,0.20069255393851357,0.993439,-0.03635876443205488
1.0,0.12548446000688604,0.51917547,-0.03635876443205488
1.0,1.077534079694001,0.9373844,-0.03635876443205488
1.0,0.019257539635843826,0.97641444,-0.03635876443205488
0.0,0.09528029495569801,0.0056347973,-0.03635876443205488
1.0,0.13603634264168704,0.975598,-0.03635876443205488
1.0,0.023007623014073896,0.9875546,-0.03635876443205488
1.0,0.3616813543164927,0.38606775,-0.03635876443205488
1.0,0.04078493728184356,0.9978364,-0.03635876443205488
1.0,0.010696983804786665,0.66251945,-0.03281711591399866
1.0,0.3319510023176504,0.9934269,-0.03281711591399866
0.0,0.5172947888217437,0.3101731,-0.03281711591399866
1.0,0.13255270544840464,0.94335425,-0.03281711591399866
1.0,0.1651613192112792,0.9989754,-0.03281711591399866
1.0,0.47629806590230944,0.7762479,-0.03281711591399866
0.0,0.6341655230624076,0.6182964,-0.03281711591399866
1.0,0.9221128508532928,0.5536247,-0.03281711591399866
1.0,0.2747721800433045,0.58926064,-0.03281711591399866
1.0,0.06313866931206946,0.5388337,-0.03281711591399866
1.0,0.28813469696601646,0.9821504,-0.03281711591399866
1.0,0.15705261341193322,0.9943119,-0.03281711591399866
1.0,0.7155210125501283,0.4366233,-0.03281711591399866
1.0,0.34929560776071705,0.07172202,-0.03281711591399866
1.0,0.0033722342061058763,0.7299958,-0.01887655445165598
0.0,0.5944619734805803,0.06339061,-0.01887655445165598
1.0,0.7279719904883899,0.52880275,-0.01887655445165598
1.0,0.09210183002983997,0.4327318,-0.01887655445165598
1.0,0.2285074479477251,0.50667286,-0.01887655445165598
1.0,0.28048164683239507,0.4953271,-0.01887655445165598
1.0,0.3010742989951727,0.81182235,-0.01887655445165598
0.0,0.880953775297933,0.13331494,-0.01887655445165598
1.0,0.21954958341495118,0.4288144,-0.01887655445165598
1.0,0.1916352378956312,0.6793054,-0.01887655445165598
1.0,0.24519603672144477,0.9591367,-0.01887655445165598
1.0,0.1402663159643481,0.9877166,-0.01887655445165598
1.0,0.03554948775881276,0.8337053,-0.01887655445165598
1.0,0.014461969712174717,0.997224,-0.01887655445165598
0.0,0.05686632346193076,0.6558153,-0.013285733629524343
0.0,0.47818380257981297,0.4300467,-0.013285733629524343
0.0,0.19886822917634886,0.6776591,-0.013285733629524343
1.0,0.025599137205225556,0.97205734,-0.013285733629524343
0.0,0.20504795463952213,0.55046916,-0.013285733629524343
1.0,0.296408016015546,0.7795465,-0.013285733629524343
1.0,0.02439199930925327,0.55656046,-0.013285733629524343
1.0,0.7949308066715993,0.79319453,-0.013285733629524343
1.0,0.05364655008601226,0.9523891,-0.013285733629524343
0.0,0.19255314274987798,0.2941278,-0.013285733629524343
1.0,0.19536507339061107,0.98225915,-0.013285733629524343
1.0,0.07973494374598722,0.9940975,-0.013285733629524343
1.0,0.13493299259099686,0.87858295,-0.013285733629524343
1.0,0.0005417816795810911,0.9976598,-0.013285733629524343
0.0,0.04828285091535829,0.37629718,0.02916834298205173
1.0,0.14289830036111215,0.35069388,0.02916834298205173
1.0,0.22234250281716297,0.74231976,0.02916834298205173
1.0,0.051851103801924724,0.95747334,0.02916834298205173
0.0,0.28509947273685815,0.013719338,0.02916834298205173
1.0,0.2709794314518422,0.5946239,0.02916834298205173
0.0,0.4877184399204568,0.34859562,0.02916834298205173
0.0,1.3896968486346892,0.030378453,0.02916834298205173
0.0,0.27856592897518423,0.0444572,0.02916834298205173
1.0,0.1309801203958044,0.6537154,0.02916834298205173
1.0,0.18729032398432569,0.9783201,0.02916834298205173
1.0,0.022075929500041398,0.99189186,0.02916834298205173
1.0,0.07198170016119652,0.868777,0.02916834298205173
1.0,0.0006856034437024311,0.9982431,0.02916834298205173
0.0,0.04607236458084544,0.71983135,0.042652704572304856
0.0,1.12406022967042,0.15253393,0.042652704572304856
1.0,0.5913965360932049,0.54711837,0.042652704572304856
1.0,0.19983188145863032,0.96390903,0.042652704572304856
1.0,0.1989517225523961,0.71206886,0.042652704572304856
0.0,0.1697378959687074,0.120375745,0.042652704572304856
1.0,0.024922929169011412,0.7308148,0.042652704572304856
1.0,0.6472513033380426,0.66782457,0.042652704572304856
1.0,0.0818130282680399,0.97724104,0.042652704572304856
1.0,0.09500408193930343,0.97605646,0.042652704572304856
0.0,4.195675530486583,0.039793774,0.042652704572304856
1.0,0.7129868896068537,0.9929507,0.042652704572304856
1.0,0.1357612697651577,0.8881211,0.042652704572304856
1.0,0.022537182390733313,0.9980938,0.042652704572304856
0.0,0.006107183363604076,0.49103373,-0.02782428728335057
1.0,0.30277634895657385,0.9341292,-0.02782428728335057
1.0,0.18911578985531194,0.45324546,-0.02782428728335057
1.0,0.0066434421362675114,0.358452,-0.02782428728335057
0.0,0.40651130873233793,0.0067141294,-0.02782428728335057
1.0,0.07453019630846504,0.53355014,-0.02782428728335057
0.0,0.1677795368225573,0.2592154,-0.02782428728335057
0.0,0.8296259111675132,0.49059767,-0.02782428728335057
0.0,0.18628196157699722,0.009467961,-0.02782428728335057
1.0,0.09697773886189096,0.8240626,-0.02782428728335057
1.0,0.1819126538807814,0.9832893,-0.02782428728335057
1.0,0.002318170993690382,0.9866854,-0.02782428728335057
1.0,0.5056478121991966,0.2269196,-0.02782428728335057
1.0,0.016739406343345718,0.9972568,-0.02782428728335057
1.0,0.09558321936491751,0.6561129,-0.05314299567221176
1.0,0.04431889570177124,0.99342877,-0.05314299567221176
0.0,0.47671282261864734,0.6150436,-0.05314299567221176
0.0,0.3315809735455569,0.17381908,-0.05314299567221176
1.0,0.03511563755622066,0.9948443,-0.05314299567221176
1.0,0.35946997892877885,0.99117297,-0.05314299567221176
0.0,0.5056662800369981,0.43006706,-0.05314299567221176
1.0,0.8861230839063476,0.98030543,-0.05314299567221176
1.0,0.09313013204265079,0.15968442,-0.05314299567221176
1.0,0.030451838008258507,0.98641413,-0.05314299567221176
1.0,0.18744273100428388,0.9264779,-0.05314299567221176
1.0,0.013949873849086091,0.9781228,-0.05314299567221176
1.0,0.10472697005191525,0.7728861,-0.05314299567221176
1.0,0.20965330469530669,0.33303893,-0.05314299567221176
1.0,0.006443907393306818,0.17412838,-0.01106817706982599
1.0,0.30799298186114743,0.9855376,-0.01106817706982599
1.0,0.8797737290943622,0.43263182,-0.01106817706982599
1.0,0.022221023397079685,0.94682735,-0.01106817706982599
1.0,0.0567020535287674,0.99855095,-0.01106817706982599
1.0,0.47811973423120285,0.8675944,-0.01106817706982599
1.0,0.04420901544364346,0.7150309,-0.01106817706982599
1.0,0.9012732594718184,0.70738566,-0.01106817706982599
1.0,0.060181876672538735,0.95882636,-0.01106817706982599
1.0,0.12054174457473758,0.74687535,-0.01106817706982599
1.0,0.14886026161646362,0.985567,-0.01106817706982599
0.0,0.34696211763670726,0.05712597,-0.01106817706982599
0.0,0.4907334528611729,0.35076877,-0.01106817706982599
1.0,0.03512878837999327,0.9984048,-0.01106817706982599
0.0,0.014784799523543193,0.7514093,-0.047861391910534845
1.0,0.09028261827924348,0.92621887,-0.047861391910534845
1.0,0.6372650556544931,0.5910576,-0.047861391910534845
1.0,0.17968980677911162,0.88813967,-0.047861391910534845
1.0,0.09916570224924758,0.9882797,-0.047861391910534845
1.0,0.20893994940454874,0.9936155,-0.047861391910534845
0.0,1.099724415098789,0.01239797,-0.047861391910534845
1.0,0.5615605926715349,0.9811148,-0.047861391910534845
1.0,0.06007214188136973,0.97751164,-0.047861391910534845
1.0,0.03862814460780424,0.98935425,-0.047861391910534845
0.0,4.032265465152585,0.062259514,-0.047861391910534845
1.0,0.619442587691512,0.98505765,-0.047861391910534845
1.0,0.15014760171162642,0.8131185,-0.047861391910534845
1.0,0.04056656547142418,0.99739754,-0.047861391910534845
1.0,0.0987067959658776,0.73356175,-0.020861737982093786
0.0,0.5268436695827339,0.025810897,-0.020861737982093786
1.0,0.5710961713734042,0.4143802,-0.020861737982093786
1.0,0.16897627585714203,0.8896329,-0.020861737982093786
1.0,0.11130265091407256,0.81221575,-0.020861737982093786
1.0,0.4886726272462839,0.7996832,-0.020861737982093786
0.0,0.31205706083579576,0.1495486,-0.020861737982093786
1.0,0.7844926644445565,0.8136578,-0.020861737982093786
1.0,0.005771453942874901,0.95256376,-0.020861737982093786
0.0,0.08426601228030053,0.7522129,-0.020861737982093786
1.0,0.03050315220513351,0.9754986,-0.020861737982093786
0.0,0.3408935495466522,0.05248333,-0.020861737982093786
0.0,0.5387275179969424,0.33579874,-0.020861737982093786
1.0,0.2753754486584336,0.09931221,-0.020861737982093786
1.0,0.07346115104827386,0.4516053,-0.052582836171415126
1.0,0.5173360203787949,0.6792841,-0.052582836171415126
1.0,0.582744797285336,0.5184186,-0.052582836171415126
1.0,0.05707176161533041,0.9634508,-0.052582836171415126
1.0,0.3747715653325184,0.60954267,-0.052582836171415126
0.0,0.40178626035484755,0.6554665,-0.052582836171415126
0.0,0.5123842533791008,0.53299725,-0.052582836171415126
1.0,0.8895167162297405,0.0751636,-0.052582836171415126
1.0,0.0536298220564455,0.94163454,-0.052582836171415126
1.0,0.10024309170807143,0.11680968,-0.052582836171415126
1.0,0.25576557506290143,0.9797784,-0.052582836171415126
1.0,0.05932775835268811,0.99035954,-0.052582836171415126
1.0,0.04165753116311658,0.84490055,-0.052582836171415126
1.0,0.02530804987873952,0.9981944,-0.052582836171415126
0.0,0.08602189560777711,0.4789058,0.020763359258133662
1.0,0.5785024587583522,0.8168642,0.020763359258133662
1.0,0.30519231161363003,0.64863765,0.020763359258133662
1.0,0.07654251799118073,0.9793138,0.020763359258133662
1.0,0.2942470071622427,0.88504297,0.020763359258133662
1.0,0.22041456649062496,0.93108124,0.020763359258133662
1.0,0.5850579463290956,0.6831995,0.020763359258133662
1.0,0.41600520794437895,0.834153,0.020763359258133662
1.0,0.30161912882239683,0.46925274,0.020763359258133662
1.0,0.0898141547343993,0.43299153,0.020763359258133662
1.0,0.07970387040205178,0.98685014,0.020763359258133662
0.0,1.1907990951949272,0.012136995,0.020763359258133662
1.0,0.027960366552675878,0.78493154,0.020763359258133662
1.0,0.08844312701208396,0.9980202,0.020763359258133662
1.0,0.03960073886567977,0.63235086,-0.06115559791974817
1.0,0.30115149918564466,0.995182,-0.06115559791974817
0.0,0.2811405483240477,0.59255135,-0.06115559791974817
1.0,0.06992332402626314,0.9700614,-0.06115559791974817
1.0,0.16803647206734842,0.9893588,-0.06115559791974817
1.0,0.4965914478968572,0.93086976,-0.06115559791974817
1.0,0.0002393789318164912,0.45048732,-0.06115559791974817
1.0,0.8376618167230827,0.8137528,-0.06115559791974817
1.0,0.2841981917760232,0.45257628,-0.06115559791974817
1.0,0.1878195643730829,0.58915395,-0.06115559791974817
0.0,1.0053119434042987,0.03354014,-0.06115559791974817
1.0,0.15307004297356705,0.99481404,-0.06115559791974817
1.0,0.8158235173292795,0.41861024,-0.06115559791974817
1.0,5.027108678556935e-05,0.99862933,-0.06115559791974817
0.0,0.018261822575771233,0.73562837,-0.06554137005667887
1.0,0.29377606699886205,0.9913482,-0.06554137005667887
0.0,0.2697168323442956,0.62354296,-0.06554137005667887
0.0,0.3967369988006927,0.023340175,-0.06554137005667887
1.0,0.06698414017941862,0.99801743,-0.06554137005667887
1.0,0.26417917236284105,0.82114446,-0.06554137005667887
1.0,0.16799051647183005,0.7550844,-0.06554137005667887
1.0,0.882772430920226,0.78820336,-0.06554137005667887
1.0,0.0650936409983757,0.9345,-0.06554137005667887
0.0,0.11197885088944941,0.12079311,-0.06554137005667887
1.0,0.1927683723171489,0.97893596,-0.06554137005667887
1.0,0.016542236192734452,0.99040234,-0.06554137005667887
1.0,0.003044380699587112,0.872647,-0.06554137005667887
1.0,0.031198113074289477,0.99788827,-0.06554137005667887
1.0,0.24579564832904457,0.60482,-0.06835827528706256
1.0,0.12211454194506753,0.9111554,-0.06835827528706256
1.0,0.19449180445815883,0.63344085,-0.06835827528706256
1.0,0.23381107765155615,0.5817345,-0.06835827528706256
1.0,0.04220199498406372,0.97954845,-0.06835827528706256
1.0,0.21144672312159518,0.9939201,-0.06835827528706256
1.0,0.529103090683707,0.662421,-0.06835827528706256
1.0,1.0228577451285792,0.984309,-0.06835827528706256
1.0,0.020160261065151616,0.97687346,-0.06835827528706256
1.0,0.03834083430892533,0.9929832,-0.06835827528706256
1.0,0.40934543629114534,0.037770275,-0.06835827528706256
1.0,0.04952849574515675,0.9785065,-0.06835827528706256
1.0,0.3731684563681845,0.36449528,-0.06835827528706256
1.0,0.015350038195578468,0.99654657,-0.06835827528706256
1.0,0.004629039319758135,0.44213173,-0.08371401294762548
1.0,0.1733048795995964,0.9324555,-0.08371401294762548
1.0,0.23354447521623528,0.6095031,-0.08371401294762548
1.0,0.1061361349801311,0.8880398,-0.08371401294762548
1.0,0.10210037886175716,0.9867927,-0.08371401294762548
0.0,0.3067964952698809,0.005346653,-0.08371401294762548
0.0,0.02784790133941687,0.15740381,-0.08371401294762548
1.0,0.6684696957441996,0.52774686,-0.08371401294762548
1.0,0.027755481748762578,0.9560153,-0.08371401294762548
1.0,0.044562524078464616,0.6137183,-0.08371401294762548
1.0,0.18829805398438026,0.9816285,-0.08371401294762548
1.0,0.051333237408948344,0.987609,-0.08371401294762548
1.0,0.020541648039310006,0.845983,-0.08371401294762548
1.0,0.034825970697743465,0.9972945,-0.08371401294762548
1.0,0.023775808710151156,0.7267712,0.05283311311846939
1.0,0.7882959776359089,0.5731758,0.05283311311846939
0.0,0.8816787634027928,0.22808464,0.05283311311846939
1.0,0.034590748813098066,0.9169811,0.05283311311846939
1.0,0.1936405516635218,0.63643193,0.05283311311846939
0.0,0.03092959545223062,0.021315776,0.05283311311846939
0.0,0.2533658234352428,0.18891409,0.05283311311846939
1.0,0.8768259875340869,0.66011447,0.05283311311846939
0.0,0.235846528421051,0.02029713,0.05283311311846939
1.0,0.11440896524582012,0.9219707,0.05283311311846939
0.0,4.090345493958954,0.02603194,0.05283311311846939
1.0,0.5955899147916376,0.99141544,0.05283311311846939
1.0,0.07795193389250588,0.83377254,0.05283311311846939
1.0,0.01186588154820218,0.9977646,0.05283311311846939
0.0,0.02278384047793926,0.50018936,0.019176372736104952
1.0,0.0018539579765788935,0.98932284,0.019176372736104952
1.0,0.5327965291663065,0.57122505,0.019176372736104952
1.0,0.3270377837085339,0.41753536,0.019176372736104952
1.0,0.056391631744975135,0.9973544,0.019176372736104952
0.0,0.09102646077577241,0.0155617185,0.019176372736104952
1.0,0.09401057621469926,0.5485901,0.019176372736104952
1.0,1.2862377271505039,0.80728877,0.019176372736104952
1.0,0.02669104507344425,0.96599793,0.019176372736104952
1.0,0.11637545725263578,0.78082997,0.019176372736104952
0.0,0.3768867373458824,0.03961445,0.019176372736104952
0.0,0.4429606264939362,0.01905053,0.019176372736104952
0.0,0.5429162100470327,0.0961921,0.019176372736104952
1.0,0.018390799692097178,0.99826545,0.019176372736104952
1.0,0.01816063742267866,0.7094543,-0.05600018715038574
1.0,0.31645184011825406,0.9921293,-0.05600018715038574
1.0,0.6234729672269926,0.5579175,-0.05600018715038574
1.0,0.0918777597081344,0.28639144,-0.05600018715038574
1.0,0.0645415377434674,0.99820197,-0.05600018715038574
0.0,0.2343966554001274,0.40796065,-0.05600018715038574
1.0,0.18117943731977598,0.7951119,-0.05600018715038574
1.0,0.9125806270205742,0.82423514,-0.05600018715038574
1.0,0.048971015413503724,0.9373495,-0.05600018715038574
1.0,0.23037775583511466,0.77384186,-0.05600018715038574
1.0,0.20674896458774772,0.9819655,-0.05600018715038574
1.0,0.0987728403970297,0.9902317,-0.05600018715038574
1.0,0.010011153555926664,0.8741947,-0.05600018715038574
1.0,0.001254808827369083,0.99810034,-0.05600018715038574
1.0,0.03247311769066544,0.65610117,-0.05233899435516559
1.0,0.03784769920902275,0.99230593,-0.05233899435516559
1.0,1.2730090321767336,0.32114086,-0.05233899435516559
1.0,0.005281057384542556,0.9053967,-0.05233899435516559
1.0,0.0431353391076994,0.99758494,-0.05233899435516559
1.0,0.3059257501535176,0.130587,-0.05233899435516559
1.0,0.4806779728096124,0.41067535,-0.05233899435516559
1.0,0.8323234078856326,0.6299075,-0.05233899435516559
1.0,0.2814944585923703,0.44310254,-0.05233899435516559
0.0,0.21941736656601807,0.68890667,-0.05233899435516559
1.0,0.2303711442452838,0.9772764,-0.05233899435516559
1.0,0.17567186606121726,0.9889186,-0.05233899435516559
1.0,0.09568965901628854,0.82784843,-0.05233899435516559
1.0,0.01618414106445461,0.9983924,-0.05233899435516559
0.0,0.14084422978279726,0.0006084589,0.010082832625135651
1.0,0.35311692701847663,0.9833704,0.010082832625135651
1.0,0.06538426333842698,0.6945498,0.010082832625135651
1.0,0.011939943296349901,0.96745133,0.010082832625135651
1.0,0.03674255491260716,0.99603003,0.010082832625135651
1.0,0.28151855325472386,0.8712832,0.010082832625135651
1.0,0.4854211511158981,0.5400534,0.010082832625135651
0.0,0.38965861192777984,0.15232164,0.010082832625135651
1.0,0.010314575711418283,0.9672779,0.010082832625135651
1.0,0.08203542948625815,0.7054826,0.010082832625135651
0.0,3.969682337731883,0.024640594,0.010082832625135651
0.0,0.4609362932777546,0.024863008,0.010082832625135651
1.0,0.5357214353137595,0.36246458,0.010082832625135651
1.0,0.01728554062043495,0.99862516,0.010082832625135651
1.0,0.011272665731666343,0.7151688,-0.08722921516938276
1.0,0.3159760810683875,0.8566111,-0.08722921516938276
0.0,0.6807343542094091,0.49759868,-0.08722921516938276
0.0,0.3517591515330197,0.20225768,-0.08722921516938276
0.0,0.2850206555336674,0.007944779,-0.08722921516938276
1.0,0.002638871757809809,0.12994589,-0.08722921516938276
1.0,0.5802734976012632,0.637089,-0.08722921516938276
1.0,0.74090608724785,0.49430412,-0.08722921516938276
1.0,0.08158084766833491,0.9562275,-0.08722921516938276
1.0,0.12834607266168938,0.5652153,-0.08722921516938276
1.0,0.15813422362920468,0.9515677,-0.08722921516938276
1.0,0.03995812306138938,0.9888391,-0.08722921516938276
1.0,0.02174016166883329,0.8160635,-0.08722921516938276
1.0,0.002037107399235954,0.9979734,-0.08722921516938276
1.0,0.07938322834240333,0.6442869,-0.014280408947543566
1.0,0.8498300978762297,0.008606063,-0.014280408947543566
1.0,0.5541371629095356,0.44759506,-0.014280408947543566
1.0,0.10097861594333167,0.4109262,-0.014280408947543566
0.0,0.09099198250281082,0.55724275,-0.014280408947543566
1.0,0.3832403379459345,0.8236257,-0.014280408947543566
0.0,0.02862552981233716,0.22740328,-0.014280408947543566
1.0,0.7490807458366509,0.85084176,-0.014280408947543566
1.0,0.2487508299921621,0.3732455,-0.014280408947543566
1.0,0.187165065377057,0.4628421,-0.014280408947543566
1.0,0.06797938729830186,0.9816135,-0.014280408947543566
1.0,0.09502986064710779,0.99180686,-0.014280408947543566
1.0,0.000213145627450189,0.8540579,-0.014280408947543566
1.0,0.006986262988247268,0.9972446,-0.014280408947543566
0.0,0.08299763830692607,0.6592165,-0.04733622570864965
1.0,0.48567556269719797,0.9616809,-0.04733622570864965
1.0,0.668880724528613,0.61114264,-0.04733622570864965
1.0,0.3939045623091167,0.90434027,-0.04733622570864965
1.0,0.2523464472148194,0.9966893,-0.04733622570864965
1.0,0.3893981882777498,0.99531245,-0.04733622570864965
1.0,0.6596209130586684,0.8165888,-0.04733622570864965
1.0,0.6254027927941832,0.9834178,-0.04733622570864965
1.0,0.06910727898069814,0.97981215,-0.04733622570864965
1.0,0.030983941160110356,0.9916005,-0.04733622570864965
1.0,4.103167107458847,0.22189976,-0.04733622570864965
1.0,0.7295422401942173,0.97917145,-0.04733622570864965
1.0,0.157400129280062,0.7888964,-0.04733622570864965
1.0,0.03303726024517043,0.9974905,-0.04733622570864965
1.0,0.009239248812243679,0.7505574,-0.053437285008328006
1.0,0.6704247451902858,0.989139,-0.053437285008328006
1.0,1.2178884038100912,0.4552684,-0.053437285008328006
0.0,0.4399608860623187,0.04244632,-0.053437285008328006
1.0,0.031050588805593943,0.9969163,-0.053437285008328006
1.0,0.4335006980802128,0.9217031,-0.053437285008328006
1.0,0.006345007789606016,0.5863101,-0.053437285008328006
0.0,0.8128434264910226,0.2140893,-0.053437285008328006
0.0,0.25815626581898576,0.02453421,-0.053437285008328006
1.0,0.19177612349824708,0.53604823,-0.053437285008328006
1.0,0.09415852636990256,0.9762575,-0.053437285008328006
1.0,0.08725279175733947,0.9914829,-0.053437285008328006
1.0,0.04266072649162898,0.70909137,-0.053437285008328006
1.0,0.012978231195040013,0.997433,-0.053437285008328006
0.0,0.1772065048299366,0.2860903,-0.05721408568134112
1.0,0.010163333835470675,0.7760876,-0.05721408568134112
1.0,0.6965601224110287,0.24693346,-0.05721408568134112
1.0,0.253156172884337,0.030681979,-0.05721408568134112
0.0,0.27102214698476296,0.003907489,-0.05721408568134112
1.0,0.42337156108436097,0.7853918,-0.05721408568134112
1.0,0.04933752687832199,0.70434076,-0.05721408568134112
1.0,0.7065172862188234,0.83752924,-0.05721408568134112
1.0,0.08495196423628841,0.9530202,-0.05721408568134112
1.0,0.11328083421778182,0.86986697,-0.05721408568134112
1.0,0.20122224609151976,0.97961044,-0.05721408568134112
1.0,0.0025596071175298433,0.9929854,-0.05721408568134112
1.0,0.04498203123970662,0.85231876,-0.05721408568134112
1.0,0.022596672058760713,0.99728763,-0.05721408568134112
1.0,0.11495653960283006,0.69946456,-0.04912323811578462
1.0,0.03186607428673522,0.70141643,-0.04912323811578462
1.0,0.517222062588466,0.5855017,-0.04912323811578462
0.0,0.01409147206193946,0.16310723,-0.04912323811578462
0.0,0.29588286612401127,0.014533626,-0.04912323811578462
1.0,0.22794761008865194,0.79712147,-0.04912323811578462
0.0,0.0008341016460201277,0.755101,-0.04912323811578462
0.0,0.5895257726129661,0.029267132,-0.04912323811578462
1.0,0.04836668813556605,0.97040087,-0.04912323811578462
1.0,0.037222365979451284,0.9731486,-0.04912323811578462
1.0,0.17992747392245703,0.9703755,-0.04912323811578462
1.0,0.07517119803202583,0.9841648,-0.04912323811578462
1.0,0.6708394063116727,0.4501226,-0.04912323811578462
1.0,0.025125158626890076,0.99695194,-0.04912323811578462
1.0,0.17553669189414722,0.595593,-0.034622439889745005
1.0,0.3098694059111472,0.98917097,-0.034622439889745005
1.0,1.1720746944561755,0.8203486,-0.034622439889745005
0.0,0.5648733514889634,0.042981092,-0.034622439889745005
1.0,0.07359243394077396,0.9982691,-0.034622439889745005
1.0,0.3771117482121764,0.97569066,-0.034622439889745005
0.0,0.10029438649939615,0.44653538,-0.034622439889745005
1.0,0.720452226379484,0.7902685,-0.034622439889745005
1.0,0.040699653915001265,0.95840955,-0.034622439889745005
1.0,0.08683588255200135,0.7849061,-0.034622439889745005
1.0,0.16698394984201057,0.9852051,-0.034622439889745005
1.0,0.07767715594178586,0.9918148,-0.034622439889745005
0.0,0.4877521741677809,0.18454999,-0.034622439889745005
0.0,0.26251060506862484,0.014855902,-0.034622439889745005
0.0,0.178407971937356,0.70344996,0.04760569809814952
1.0,0.1074666641050077,0.98214644,0.04760569809814952
1.0,0.5835110214613672,0.6065689,0.04760569809814952
0.0,0.30622664222257306,0.1502956,0.04760569809814952
1.0,0.07552234090162407,0.9968401,0.04760569809814952
1.0,0.42479047376494594,0.9941156,0.04760569809814952
1.0,0.1313372523447109,0.7126705,0.04760569809814952
1.0,0.6826848057313426,0.9875338,0.04760569809814952
1.0,0.1065740157867796,0.96970606,0.04760569809814952
1.0,0.027716013947713232,0.98100865,0.04760569809814952
0.0,3.2555005237709005,0.13880962,0.04760569809814952
0.0,0.8036803916368755,0.23461068,0.04760569809814952
1.0,0.43586867565396786,0.6866687,0.04760569809814952
0.0,0.27174370342936,0.026438113,0.04760569809814952
1.0,0.04683158572029181,0.59107625,0.08568875704873513
1.0,0.0486084131938336,0.6863287,0.08568875704873513
1.0,1.2472900130736437,0.36692318,0.08568875704873513
1.0,0.005029000404036341,0.3498941,0.08568875704873513
0.0,0.2320774176228631,0.08029155,0.08568875704873513
1.0,0.5278464618640701,0.471678,0.08568875704873513
1.0,0.01713731588977809,0.6080247,0.08568875704873513
0.0,0.6777565493230328,0.063500255,0.08568875704873513
0.0,0.3138503175895648,0.046997346,0.08568875704873513
1.0,0.058819488770367044,0.32005402,0.08568875704873513
1.0,0.2562393274232798,0.9620865,0.08568875704873513
1.0,0.11489734394993346,0.9848876,0.08568875704873513
1.0,0.13425061052087933,0.8393167,0.08568875704873513
0.0,0.1146303844050284,0.12624972,0.08568875704873513
1.0,0.002397008769504613,0.61166996,-0.02075242602442917
0.0,0.7842088038543176,0.0039622025,-0.02075242602442917
0.0,0.818646628903568,0.16505058,-0.02075242602442917
1.0,0.4945230354387523,0.12589544,-0.02075242602442917
1.0,0.11229648537244648,0.6564363,-0.02075242602442917
1.0,0.13566951853155212,0.9846581,-0.02075242602442917
0.0,0.4894797202404049,0.3988696,-0.02075242602442917
1.0,1.0338084946703865,0.9651823,-0.02075242602442917
1.0,0.08271878293002632,0.943419,-0.02075242602442917
1.0,0.013411537533748217,0.96804684,-0.02075242602442917
0.0,0.1355845138706186,0.94198996,-0.02075242602442917
1.0,0.07437140117525856,0.9886968,-0.02075242602442917
1.0,0.4038635895380272,0.32432556,-0.02075242602442917
0.0,0.4358224788840954,0.052974153,-0.02075242602442917
1.0,0.0474451313296233,0.6288677,-0.016898156559960298
1.0,0.22816515631720496,0.9794622,-0.016898156559960298
1.0,1.1164334504634883,0.15363713,-0.016898156559960298
0.0,0.24963982816279634,0.2700945,-0.016898156559960298
1.0,0.0664680451314458,0.99848086,-0.016898156559960298
1.0,0.24310623923959238,0.9907755,-0.016898156559960298
1.0,0.46357271583554605,0.35790727,-0.016898156559960298
1.0,1.3560717483487756,0.96851987,-0.016898156559960298
0.0,0.2425266450832465,0.013630621,-0.016898156559960298
1.0,0.02836273815227958,0.99146616,-0.016898156559960298
1.0,0.21420290039774606,0.96364504,-0.016898156559960298
1.0,0.0005667234705692324,0.989829,-0.016898156559960298
1.0,0.011084381195823542,0.8608638,-0.016898156559960298
1.0,0.02232141119698202,0.9983164,-0.016898156559960298
1.0,0.06029239930073531,0.568224,0.016741411780561988
1.0,0.5472560907411662,0.8934919,0.016741411780561988
1.0,0.6447475033332145,0.6478802,0.016741411780561988
0.0,0.33529533261361005,0.20002492,0.016741411780561988
1.0,0.18810825904367212,0.9731434,0.016741411780561988
1.0,0.4680743205103315,0.9941929,0.016741411780561988
1.0,0.4355978203985435,0.8797845,0.016741411780561988
1.0,0.7779025107355422,0.98329425,0.016741411780561988
0.0,0.08615072127781596,0.012577965,0.016741411780561988
1.0,0.041417663196066185,0.98993826,0.016741411780561988
1.0,3.4430622056487454,0.1371134,0.016741411780561988
0.0,0.48687256050932737,0.018838184,0.016741411780561988
1.0,0.43936833103510203,0.6095463,0.016741411780561988
1.0,0.04183288432541569,0.9927806,0.016741411780561988
1.0,0.11864286323631502,0.662529,-0.05523864150799246
1.0,0.26245037619295747,0.9893588,-0.05523864150799246
1.0,1.2156435430312145,0.7178919,-0.05523864150799246
1.0,0.0956145510409948,0.9746739,-0.05523864150799246
1.0,0.18263731844420192,0.99881387,-0.05523864150799246
1.0,0.39147729683865523,0.9164239,-0.05523864150799246
0.0,0.4595536517456656,0.5798146,-0.05523864150799246
0.0,1.5457346210863367,0.011895883,-0.05523864150799246
1.0,0.28425018729897183,0.55689836,-0.05523864150799246
1.0,0.07307472400095222,0.4425392,-0.05523864150799246
1.0,0.1910875151442982,0.98365927,-0.05523864150799246
1.0,0.02340509171366756,0.99512297,-0.05523864150799246
1.0,0.0313279362285141,0.86198246,-0.05523864150799246
1.0,0.028670548039562527,0.99859685,-0.05523864150799246
1.0,0.11260903005787315,0.631235,-0.08936980103150222
1.0,0.29068467335593384,0.9926987,-0.08936980103150222
1.0,0.2496671013427122,0.65152556,-0.08936980103150222
1.0,0.09965223984504985,0.9499027,-0.08936980103150222
1.0,0.14055894523286946,0.9950641,-0.08936980103150222
1.0,0.4528463306449398,0.90548825,-0.08936980103150222
1.0,0.2359300589604999,0.78156286,-0.08936980103150222
1.0,0.8237689458177917,0.8282086,-0.08936980103150222
1.0,0.09664922042459119,0.943964,-0.08936980103150222
1.0,0.20318780631177205,0.55857104,-0.08936980103150222
0.0,0.9108562660084092,0.036337446,-0.08936980103150222
1.0,0.10013324752983217,0.9935622,-0.08936980103150222
1.0,0.06479654419913844,0.8809544,-0.08936980103150222
1.0,0.007883018720919123,0.99831796,-0.08936980103150222
0.0,0.1271630338712226,0.5503749,0.044020602389636676
0.0,0.5056277862568304,0.55377406,0.044020602389636676
1.0,0.9009096295754281,0.9056966,0.044020602389636676
1.0,0.027793373677418375,0.9785307,0.044020602389636676
1.0,0.15413633859745451,0.5811122,0.044020602389636676
1.0,0.358915861295798,0.9852024,0.044020602389636676
1.0,0.5797626303394091,0.6939389,0.044020602389636676
1.0,0.39037855637374896,0.85277885,0.044020602389636676
0.0,0.05667371988014782,0.028583052,0.044020602389636676
0.0,0.16477725622606496,0.44842052,0.044020602389636676
0.0,5.030125570984143,0.0059726476,0.044020602389636676
1.0,0.6899397989618726,0.9900692,0.044020602389636676
0.0,0.06206711760262654,0.5758608,0.044020602389636676
1.0,0.023734612707580757,0.99807537,0.044020602389636676
1.0,0.03695496227447809,0.6865222,0.01888359086065372
0.0,1.097791501130605,0.3564944,0.01888359086065372
1.0,0.40815322300344836,0.43352178,0.01888359086065372
1.0,0.01795579377873992,0.9569134,0.01888359086065372
0.0,0.38227686188104637,0.6878478,0.01888359086065372
1.0,0.23841715541379202,0.904802,0.01888359086065372
1.0,0.5678786920139363,0.78889924,0.01888359086065372
1.0,1.3592156120115493,0.61340284,0.01888359086065372
0.0,0.22660859829318347,0.039502263,0.01888359086065372
1.0,0.036401836688145096,0.7341114,0.01888359086065372
1.0,0.17843067255157563,0.9731978,0.01888359086065372
1.0,0.034524621194989426,0.9906268,0.01888359086065372
1.0,0.5369491299557453,0.5498778,0.01888359086065372
1.0,0.0262290673454044,0.9969512,0.01888359086065372
0.0,0.19306367121040413,0.5560989,-0.04041673508189708
1.0,0.11583904437089365,0.89719635,-0.04041673508189708
1.0,0.5833626482347433,0.5852374,-0.04041673508189708
1.0,0.05809383043442854,0.94071954,-0.04041673508189708
1.0,0.04151200236570853,0.9843156,-0.04041673508189708
0.0,0.05083867030117431,0.01033934,-0.04041673508189708
1.0,0.03185225124825037,0.6086588,-0.04041673508189708
1.0,1.0253926529254285,0.81043744,-0.04041673508189708
0.0,0.18570649301651504,0.019523073,-0.04041673508189708
1.0,0.1036303846774538,0.8755007,-0.04041673508189708
1.0,0.2127369031156946,0.97456294,-0.04041673508189708
0.0,0.18333249536211982,0.017588366,-0.04041673508189708
1.0,0.010298563866301704,0.83432126,-0.04041673508189708
1.0,0.023425175798938828,0.9977831,-0.04041673508189708
0.0,0.14239422759950568,0.36370176,0.01712258094249297
1.0,0.029039409300416756,0.9933107,0.01712258094249297
1.0,1.0235909033474109,0.309301,0.01712258094249297
0.0,0.32507371891383263,0.34011513,0.01712258094249297
1.0,0.1105000570028036,0.9980653,0.01712258094249297
0.0,0.3447847358456077,0.020433856,0.01712258094249297
1.0,0.03364169282423337,0.77843016,0.01712258094249297
1.0,1.731908612008893,0.13156027,0.01712258094249297
1.0,0.0003658120845590484,0.9580711,0.01712258094249297
0.0,0.024974740393183405,0.11972941,0.01712258094249297
0.0,0.3439359133819604,0.034492474,0.01712258094249297
1.0,0.0022377382996070215,0.987839,0.01712258094249297
1.0,0.02783672107443827,0.795145,0.01712258094249297
1.0,0.0649325141314403,0.9980427,0.01712258094249297
0.0,0.05965332579394498,0.53804046,0.004404402870462287
1.0,0.5257558570273374,0.70686173,0.004404402870462287
1.0,0.3458300624672025,0.32283795,0.004404402870462287
1.0,0.0463898093393101,0.9352373,0.004404402870462287
1.0,0.3099479730333793,0.8219842,0.004404402870462287
1.0,0.13044867182258937,0.9636002,0.004404402870462287
1.0,0.03212716743226073,0.6850826,0.004404402870462287
0.0,0.8245864588269695,0.0732735,0.004404402870462287
1.0,0.04443196290928759,0.96134907,0.004404402870462287
1.0,0.04094049573701023,0.8493862,0.004404402870462287
1.0,0.1444749667452948,0.9725351,0.004404402870462287
1.0,0.019255930566180357,0.9902693,0.004404402870462287
1.0,0.4137490209288295,0.40589768,0.004404402870462287
1.0,0.04426273218322108,0.99831116,0.004404402870462287
1.0,0.020447870463607767,0.35874858,-0.044027355802994605
1.0,0.023128042650126673,0.99576485,-0.044027355802994605
1.0,0.5053171797905733,0.12811801,-0.044027355802994605
1.0,0.036075744348964614,0.9591906,-0.044027355802994605
1.0,0.006568014614618341,0.99910897,-0.044027355802994605
1.0,0.4478198339550713,0.9287365,-0.044027355802994605
1.0,0.5810201387353837,0.7246712,-0.044027355802994605
1.0,0.9353937138290187,0.75489944,-0.044027355802994605
1.0,0.03558725546262731,0.96309537,-0.044027355802994605
1.0,0.052179193278240166,0.36863512,-0.044027355802994605
0.0,1.0546224273750022,0.04882002,-0.044027355802994605
1.0,0.18137277037036725,0.994097,-0.044027355802994605
1.0,0.59089512033359,0.49937445,-0.044027355802994605
1.0,0.012182412857250594,0.9982047,-0.044027355802994605
0.0,0.019853353509305643,0.71917516,-0.1037550921408032
1.0,0.2790156185232272,0.9849738,-0.1037550921408032
1.0,0.5147518097755996,0.57576585,-0.1037550921408032
1.0,0.09183146924377741,0.95332575,-0.1037550921408032
1.0,0.047636640910250515,0.99871063,-0.1037550921408032
1.0,0.2674938827553225,0.99621046,-0.1037550921408032
1.0,0.007833478145481406,0.8324749,-0.1037550921408032
1.0,0.963667329176372,0.9866573,-0.1037550921408032
0.0,0.14804235544796443,0.012247359,-0.1037550921408032
1.0,0.03675379859325383,0.9928925,-0.1037550921408032
1.0,0.22097123340335909,0.9830322,-0.1037550921408032
1.0,0.04970815856729361,0.9895522,-0.1037550921408032
1.0,0.0936810639758813,0.8454877,-0.1037550921408032
1.0,0.033895397858053074,0.99843854,-0.1037550921408032
1.0,0.07484709054095548,0.6789878,-0.07633628727817598
1.0,0.5795748340149693,0.98490703,-0.07633628727817598
1.0,0.07976789990739794,0.6279618,-0.07633628727817598
1.0,0.12499359937322281,0.9531727,-0.07633628727817598
1.0,0.21176389106051732,0.99831164,-0.07633628727817598
0.0,0.043453076449598955,0.016920917,-0.07633628727817598
1.0,0.06158393848364776,0.6813703,-0.07633628727817598
1.0,1.0451570612491439,0.81549764,-0.07633628727817598
1.0,0.037320286897046244,0.9801327,-0.07633628727817598
1.0,0.09321321462309978,0.9008835,-0.07633628727817598
1.0,0.0641798646001963,0.962389,-0.07633628727817598
1.0,0.04429899639883432,0.98839873,-0.07633628727817598
1.0,0.559896902347304,0.5791313,-0.07633628727817598
1.0,0.03066781679534451,0.99757,-0.07633628727817598
1.0,0.0311666351703147,0.6930083,-0.07575465922453278
1.0,0.29880733771701673,0.86601347,-0.07575465922453278
1.0,0.14612551538597895,0.5762239,-0.07575465922453278
1.0,0.0067570929661598875,0.95716757,-0.07575465922453278
0.0,0.17505829957242208,0.0053406204,-0.07575465922453278
1.0,0.415074999681685,0.9372869,-0.07575465922453278
1.0,0.016672512757907355,0.49207366,-0.07575465922453278
1.0,0.7821784613361713,0.66747534,-0.07575465922453278
1.0,0.045751855616440115,0.9643092,-0.07575465922453278
1.0,0.17407195684331336,0.08849231,-0.07575465922453278
1.0,0.18974302482112965,0.99292445,-0.07575465922453278
1.0,0.0015840028123600286,0.9940171,-0.07575465922453278
1.0,0.684863985465769,0.2217192,-0.07575465922453278
1.0,0.0015773458823219923,0.99806875,-0.07575465922453278
0.0,0.0355272620677825,0.4536473,-0.012484277129092836
1.0,0.004375487784402024,0.9951367,-0.012484277129092836
1.0,1.3285219131088477,0.93767655,-0.012484277129092836
0.0,0.04018853097224151,0.12877789,-0.012484277129092836
1.0,0.018395702691172765,0.998552,-0.012484277129092836
1.0,0.4150347350221255,0.9871236,-0.012484277129092836
1.0,0.09944307245897752,0.48238254,-0.012484277129092836
1.0,0.7437027909855505,0.9011509,-0.012484277129092836
1.0,0.03149976950096685,0.9653525,-0.012484277129092836
0.0,0.1011149114199653,0.79947734,-0.012484277129092836
1.0,0.18325030047518923,0.9931229,-0.012484277129092836
1.0,0.15417034159845755,0.99497,-0.012484277129092836
1.0,0.8055222071919501,0.4836662,-0.012484277129092836
1.0,0.0059907215988171825,0.9979965,-0.012484277129092836
1.0,0.029403056914041714,0.64138097,-0.0025505414520573533
1.0,0.5293527176208681,0.7114307,-0.0025505414520573533
0.0,1.1102545954975567,0.62634104,-0.0025505414520573533
0.0,0.1555060632223997,0.1467594,-0.0025505414520573533
1.0,0.15478628403703498,0.87297654,-0.0025505414520573533
1.0,0.3713723441079071,0.92565656,-0.0025505414520573533
1.0,0.5471863307155734,0.5257307,-0.0025505414520573533
1.0,0.6334598778419435,0.18453789,-0.0025505414520573533
1.0,0.048730084368619773,0.9219973,-0.0025505414520573533
1.0,0.09941610647033541,0.8329774,-0.0025505414520573533
1.0,0.15972852868825976,0.97214544,-0.0025505414520573533
1.0,0.1438203470521694,0.99296874,-0.0025505414520573533
1.0,0.11325263084194193,0.7309778,-0.0025505414520573533
1.0,0.19519884691418485,0.70267445,-0.0025505414520573533
1.0,0.02018108712136195,0.65853757,0.022736685232150555
1.0,0.3639844529925246,0.99360484,0.022736685232150555
0.0,0.32651389633165484,0.417493,0.022736685232150555
0.0,0.3250832839250214,0.1778625,0.022736685232150555
1.0,0.009626880722349167,0.9973978,0.022736685232150555
1.0,0.3147824503508741,0.9922881,0.022736685232150555
1.0,0.17766455052520813,0.50507116,0.022736685232150555
1.0,0.6491877088507244,0.924581,0.022736685232150555
1.0,0.11851474571518082,0.9699783,0.022736685232150555
0.0,0.07572998097859455,0.0073828516,0.022736685232150555
1.0,3.828450243549974,0.069515094,0.022736685232150555
1.0,0.7006618993553504,0.98642784,0.022736685232150555
1.0,0.15594562066810638,0.82949287,0.022736685232150555
1.0,0.0011137130027349383,0.9973677,0.022736685232150555
1.0,0.06219117309095119,0.64832455,-0.03291947510671628
0.0,0.6584180853913382,0.14306372,-0.03291947510671628
1.0,1.1905593835264898,0.5371922,-0.03291947510671628
1.0,0.055589330228633084,0.58739454,-0.03291947510671628
1.0,0.008683588786499092,0.42381227,-0.03291947510671628
1.0,0.30832895427550083,0.92938924,-0.03291947510671628
1.0,0.3066667988957602,0.22854431,-0.03291947510671628
0.0,0.39180238809831675,0.8280135,-0.03291947510671628
1.0,0.03330730993107134,0.95980483,-0.03291947510671628
0.0,0.1706490888934934,0.3697232,-0.03291947510671628
1.0,0.021019878195244503,0.9805705,-0.03291947510671628
0.0,0.20463430729765725,0.012761518,-0.03291947510671628
1.0,0.049238008292872254,0.7763312,-0.03291947510671628
1.0,0.01404329379468009,0.9970517,-0.03291947510671628
1.0,0.06844312772624224,0.45068505,-0.05275048335803112
1.0,0.1742336892815428,0.892951,-0.05275048335803112
1.0,1.3009751564929686,0.61406493,-0.05275048335803112
1.0,0.05689860444113192,0.9397191,-0.05275048335803112
1.0,0.06171933358573055,0.9833589,-0.05275048335803112
1.0,0.393913760974639,0.9588026,-0.05275048335803112
1.0,0.39382248757867777,0.5442098,-0.05275048335803112
1.0,0.6333126751561268,0.8294219,-0.05275048335803112
1.0,0.023070228645011383,0.95031184,-0.05275048335803112
1.0,0.09823419403959519,0.5237611,-0.05275048335803112
1.0,0.1567507418646112,0.9691869,-0.05275048335803112
1.0,0.12976437368568286,0.9876387,-0.05275048335803112
1.0,0.008989910203495136,0.8280539,-0.05275048335803112
0.0,0.5141087595036489,0.05386036,-0.05275048335803112
1.0,0.04883494805980526,0.71758986,-0.06737478983563
1.0,0.31370487099316424,0.9950854,-0.06737478983563
1.0,0.5403925425373232,0.4773658,-0.06737478983563
1.0,0.07596185884582249,0.9603294,-0.06737478983563
1.0,0.1815681148826855,0.9983576,-0.06737478983563
1.0,0.37647544743347594,0.7335726,-0.06737478983563
1.0,0.5697522320074128,0.7638492,-0.06737478983563
1.0,0.9519670586928312,0.22583148,-0.06737478983563
1.0,0.29766180595652203,0.5121497,-0.06737478983563
1.0,0.16291141764854403,0.73080933,-0.06737478983563
1.0,0.27680898403615706,0.9893807,-0.06737478983563
1.0,0.14975635226789613,0.99402326,-0.06737478983563
1.0,0.7086795803111724,0.51054436,-0.06737478983563
1.0,0.009800938419206975,0.9986255,-0.06737478983563
0.0,0.38063834778299105,0.0060670585,-0.04870502999537185
1.0,0.6299394314767847,0.9927434,-0.04870502999537185
1.0,1.3867585656926023,0.9264023,-0.04870502999537185
1.0,0.004239647884908729,0.94367653,-0.04870502999537185
1.0,0.1080568745869123,0.997614,-0.04870502999537185
1.0,0.37988522046239487,0.98772824,-0.04870502999537185
1.0,0.3196262260336364,0.77078784,-0.04870502999537185
1.0,0.7675660812073786,0.90035254,-0.04870502999537185
1.0,0.0039120793145734105,0.9754843,-0.04870502999537185
1.0,0.08556702264950233,0.50979686,-0.04870502999537185
1.0,0.05476597147732053,0.98645055,-0.04870502999537185
1.0,0.1777440175645085,0.9889848,-0.04870502999537185
1.0,0.6243765806639231,0.58124924,-0.04870502999537185
1.0,0.013519523951383276,0.9972778,-0.04870502999537185
1.0,0.18453677020457432,0.5757848,-0.03499996389837623
1.0,0.739019670964941,0.76041955,-0.03499996389837623
1.0,0.45750866048605987,0.4425375,-0.03499996389837623
1.0,0.07789662150416249,0.9703124,-0.03499996389837623
0.0,0.3346346331117212,0.42004037,-0.03499996389837623
1.0,0.13050196275564707,0.9936806,-0.03499996389837623
1.0,0.38830948114871294,0.62651026,-0.03499996389837623
1.0,0.934377044972851,0.9745095,-0.03499996389837623
1.0,0.007813015543382453,0.9533591,-0.03499996389837623
1.0,0.030816477391636156,0.989916,-0.03499996389837623
0.0,0.47818721730094293,0.047450233,-0.03499996389837623
1.0,0.0016050526573915874,0.99050784,-0.03499996389837623
1.0,0.07035005541551911,0.8962801,-0.03499996389837623
1.0,0.6055064514657734,0.7220023,-0.03499996389837623
0.0,0.003233316376873122,0.7093025,-0.01719484768507268
1.0,0.5467675154162428,0.9932765,-0.01719484768507268
0.0,0.26638699559510803,0.2957925,-0.01719484768507268
1.0,0.07648789281423482,0.64104587,-0.01719484768507268
1.0,0.12679594910335504,0.99756026,-0.01719484768507268
1.0,0.4638233254198123,0.99175656,-0.01719484768507268
1.0,0.3076070588513023,0.16927247,-0.01719484768507268
1.0,0.9278173945955299,0.97824544,-0.01719484768507268
1.0,0.02673793713618296,0.27790475,-0.01719484768507268
1.0,0.030870630015000906,0.9902863,-0.01719484768507268
1.0,0.12531251315769928,0.9512415,-0.01719484768507268
1.0,0.048381558701468,0.9691353,-0.01719484768507268
1.0,0.1758195217735395,0.77487135,-0.01719484768507268
1.0,0.045487973535973295,0.60830086,-0.01719484768507268
1.0,0.04026506388908295,0.6967801,-0.02766066655160615
0.0,0.5480365685849818,0.025346026,-0.02766066655160615
1.0,0.5322174255934303,0.45572448,-0.02766066655160615
1.0,0.0017317834293469373,0.93380195,-0.02766066655160615
1.0,0.11794719955458081,0.80679125,-0.02766066655160615
1.0,0.23644762168849287,0.91026115,-0.02766066655160615
1.0,0.5319180575586544,0.77201426,-0.02766066655160615
1.0,1.335766142266079,0.6158638,-0.02766066655160615
1.0,0.055539411001753074,0.91563773,-0.02766066655160615
1.0,0.02668126633675653,0.7807733,-0.02766066655160615
1.0,0.142331812186248,0.96800786,-0.02766066655160615
1.0,0.00035441965888208775,0.9928127,-0.02766066655160615
1.0,0.5473952111953002,0.30544963,-0.02766066655160615
0.0,0.38516401823254204,0.03685988,-0.02766066655160615
1.0,0.03569192085814004,0.68972147,-0.013617499469951888
0.0,0.8820014840483692,0.06566881,-0.013617499469951888
1.0,0.5350837404350147,0.5834192,-0.013617499469951888
1.0,0.033637770818695054,0.9196702,-0.013617499469951888
0.0,0.2735683731578601,0.07014099,-0.013617499469951888
1.0,0.2934269318855172,0.8380278,-0.013617499469951888
1.0,0.4814367028113516,0.72068286,-0.013617499469951888
1.0,0.7407579508972824,0.8047339,-0.013617499469951888
0.0,0.2618849718817147,0.020986052,-0.013617499469951888
1.0,0.1937070019982021,0.46285424,-0.013617499469951888
1.0,0.08114121755570412,0.96981287,-0.013617499469951888
1.0,0.06036131995068561,0.98634964,-0.013617499469951888
1.0,0.026778206634390036,0.86772597,-0.013617499469951888
1.0,0.009588118553691427,0.9966846,-0.013617499469951888
0.0,0.013486397003391232,0.63229793,0.03633382948152697
1.0,0.683845200879278,0.7216095,0.03633382948152697
1.0,0.5098356021631633,0.427605,0.03633382948152697
1.0,0.07623298538997098,0.30628166,0.03633382948152697
1.0,0.16765980915452566,0.5286752,0.03633382948152697
1.0,0.19182558286255638,0.29748893,0.03633382948152697
1.0,0.5423015747317245,0.57581675,0.03633382948152697
0.0,0.8393647424412138,0.32417873,0.03633382948152697
1.0,0.06272477199902421,0.94097006,0.03633382948152697
0.0,0.12061915141575387,0.4448938,0.03633382948152697
1.0,0.1603745508514877,0.9733523,0.03633382948152697
1.0,0.10468335497072831,0.9886314,0.03633382948152697
1.0,0.030661553292867884,0.7722051,0.03633382948152697
1.0,0.09461614078100357,0.12052335,0.03633382948152697
1.0,0.018143609023162845,0.6890232,-0.004825158077469194
1.0,0.04759684483609815,0.993765,-0.004825158077469194
1.0,0.2370518675434044,0.6949436,-0.004825158077469194
1.0,0.017327469924215046,0.96197546,-0.004825158077469194
1.0,0.03362675225765261,0.9984201,-0.004825158077469194
0.0,0.20603355064598478,0.22471014,-0.004825158077469194
1.0,0.014685783258685666,0.7229827,-0.004825158077469194
1.0,0.8139681839235249,0.7662342,-0.004825158077469194
0.0,0.25712214995064236,0.021236656,-0.004825158077469194
1.0,0.13108660082569645,0.86183745,-0.004825158077469194
1.0,0.15969348235756947,0.98817,-0.004825158077469194
0.0,0.26430194963100195,0.05240537,-0.004825158077469194
1.0,0.06484622148482078,0.88481665,-0.004825158077469194
1.0,0.03051701941624881,0.998444,-0.004825158077469194
1.0,0.10120698116944539,0.40833604,0.010342215760112405
1.0,0.6246489014202794,0.24302883,0.010342215760112405
1.0,0.6248741747466271,0.48564893,0.010342215760112405
1.0,0.13585274972939082,0.50295216,0.010342215760112405
0.0,0.07464894415185297,0.06157509,0.010342215760112405
1.0,0.6040740362871869,0.92531055,0.010342215760112405
1.0,0.4193371014637343,0.7704325,0.010342215760112405
1.0,1.1739265405395618,0.5419444,0.010342215760112405
0.0,0.04196702657829269,0.27037704,0.010342215760112405
1.0,0.057585463727060755,0.6899846,0.010342215760112405
1.0,0.14603905294040523,0.9241134,0.010342215760112405
1.0,0.010268370568240308,0.982533,0.010342215760112405
1.0,0.1419311059598328,0.80479866,0.010342215760112405
0.0,0.34735957052454636,0.18088537,0.010342215760112405
1.0,0.13500304281308068,0.65272737,-0.06564451605212684
1.0,0.6197091042510817,0.96648884,-0.06564451605212684
1.0,0.1630420356011406,0.59635174,-0.06564451605212684
1.0,0.08020945719709963,0.9337355,-0.06564451605212684
1.0,0.17480946376369672,0.99810827,-0.06564451605212684
0.0,0.285361686804839,0.66981864,-0.06564451605212684
0.0,0.5954531992844215,0.08825236,-0.06564451605212684
1.0,0.8552870589289551,0.545455,-0.06564451605212684
0.0,0.009061256659303173,0.9604968,-0.06564451605212684
1.0,0.15701975427200712,0.4134266,-0.06564451605212684
1.0,0.11705248134639372,0.9838124,-0.06564451605212684
1.0,0.10875648407829916,0.9903369,-0.06564451605212684
1.0,0.04507773991559944,0.81737983,-0.06564451605212684
1.0,0.01407395078641441,0.9968443,-0.06564451605212684
1.0,0.08321642981328763,0.6419534,0.02001200765339084
1.0,0.563569458676944,0.9216156,0.02001200765339084
0.0,0.8053794287472817,0.52212346,0.02001200765339084
1.0,0.29384809204981943,0.8710805,0.02001200765339084
1.0,0.17209837530939417,0.9646256,0.02001200765339084
0.0,0.17176430109427193,0.025727462,0.02001200765339084
0.0,0.04508138318255335,0.76688063,0.02001200765339084
1.0,0.723238349048332,0.9245617,0.02001200765339084
1.0,0.055838182897821026,0.97869396,0.02001200765339084
1.0,0.10382755967614,0.9200919,0.02001200765339084
1.0,3.633247526903936,0.41872332,0.02001200765339084
0.0,0.33887190349134266,0.01308563,0.02001200765339084
0.0,0.4851030053048632,0.74032533,0.02001200765339084
1.0,0.03071565880921622,0.9955699,0.02001200765339084
1.0,0.023076017170330223,0.75134474,-0.06897237834287168
1.0,0.040836257463196926,0.98437935,-0.06897237834287168
1.0,0.6423090969972608,0.56688374,-0.06897237834287168
0.0,0.024857786684480028,0.2933074,-0.06897237834287168
1.0,0.014344436158983755,0.99775934,-0.06897237834287168
1.0,0.4162349357442665,0.99351937,-0.06897237834287168
1.0,0.5773622166063972,0.6228201,-0.06897237834287168
1.0,1.0108590021160446,0.9864906,-0.06897237834287168
1.0,0.030219410178319313,0.9786599,-0.06897237834287168
1.0,0.041447880662483096,0.99117446,-0.06897237834287168
0.0,0.29966991462541254,0.032028876,-0.06897237834287168
1.0,0.026165900603835793,0.98163134,-0.06897237834287168
1.0,0.34785917366676355,0.46395746,-0.06897237834287168
1.0,0.008775604007526087,0.99792165,-0.06897237834287168
1.0,0.17180222550798152,0.6794267,-0.018227877644107104
1.0,0.459449618790581,0.9841448,-0.018227877644107104
1.0,0.6882547202788356,0.5049295,-0.018227877644107104
1.0,0.003545942419791644,0.54027104,-0.018227877644107104
1.0,0.15573985272957705,0.9983714,-0.018227877644107104
1.0,0.4371518111109145,0.98953944,-0.018227877644107104
1.0,0.3801088940086885,0.7793615,-0.018227877644107104
1.0,0.5777742125875103,0.8485352,-0.018227877644107104
1.0,0.051442243125434856,0.9747932,-0.018227877644107104
0.0,0.06713495519430451,0.0077310414,-0.018227877644107104
0.0,3.956378638869349,0.16005701,-0.018227877644107104
1.0,0.7200528636031,0.9791727,-0.018227877644107104
1.0,0.2014493036183342,0.7601231,-0.018227877644107104
1.0,0.006908154357067864,0.9955146,-0.018227877644107104
0.0,0.5133847764225128,0.00021936171,0.014527342067992666
1.0,0.25283783191949527,0.9922456,0.014527342067992666
1.0,0.6193363530678411,0.19981964,0.014527342067992666
0.0,0.11079998770318014,0.86863464,0.014527342067992666
1.0,0.028219367034806306,0.9984987,0.014527342067992666
1.0,0.28686058267817677,0.8671206,0.014527342067992666
0.0,0.05425736499397115,0.12269995,0.014527342067992666
1.0,0.8912649116495229,0.66653067,0.014527342067992666
1.0,0.025050420492006963,0.94015384,0.014527342067992666
0.0,0.12523622725616854,0.28080562,0.014527342067992666
1.0,0.12121965592319302,0.989023,0.014527342067992666
1.0,0.006740751150640996,0.9924722,0.014527342067992666
1.0,0.9794250305806391,0.04699081,0.014527342067992666
0.0,0.12362479497543939,0.029127872,0.014527342067992666
1.0,0.0286237409528961,0.7090805,0.059236492348288095
0.0,0.8730596996477963,0.010369655,0.059236492348288095
1.0,1.0594971721645332,0.27310315,0.059236492348288095
1.0,0.04133406625439855,0.9399915,0.059236492348288095
1.0,0.005808566650651251,0.8536079,0.059236492348288095
1.0,0.5050934899786097,0.92773277,0.059236492348288095
1.0,0.07908660015775264,0.596078,0.059236492348288095
1.0,1.2520988503646635,0.07566324,0.059236492348288095
0.0,0.06338594046963199,0.025783965,0.059236492348288095
0.0,0.033400830214085034,0.30596164,0.059236492348288095
1.0,0.315560305129982,0.9641285,0.059236492348288095
0.0,1.189084811417104,0.0299491,0.059236492348288095
1.0,0.031139102579940847,0.8025304,0.059236492348288095
1.0,0.01989926544131943,0.9977055,0.059236492348288095
0.0,0.08480368575405187,0.38489607,-0.020576946937231888
1.0,0.3041615249923029,0.9876204,-0.020576946937231888
1.0,0.7186579700017782,0.43240577,-0.020576946937231888
1.0,0.0219789591018579,0.94923884,-0.020576946937231888
1.0,0.10761662155169398,0.99836963,-0.020576946937231888
1.0,0.3195932714785139,0.6321577,-0.020576946937231888
1.0,0.06370556059046217,0.5150984,-0.020576946937231888
0.0,0.8882129266678509,0.074830286,-0.020576946937231888
1.0,0.012531247292142438,0.95416766,-0.020576946937231888
0.0,0.11885086961390705,0.24551901,-0.020576946937231888
1.0,0.2119911638905913,0.9791495,-0.020576946937231888
1.0,0.14641653058415957,0.9930782,-0.020576946937231888
0.0,0.7419335319243059,0.16054657,-0.020576946937231888
0.0,0.0396953702356185,0.020631801,-0.020576946937231888
1.0,0.0383435651184591,0.2792956,-0.0013312196611052207
1.0,0.4031316481478181,0.6669766,-0.0013312196611052207
1.0,0.1642796812183003,0.67651504,-0.0013312196611052207
1.0,0.008405119089645696,0.9517326,-0.0013312196611052207
1.0,0.25977577547593317,0.57385486,-0.0013312196611052207
0.0,0.35310160123153334,0.30370426,-0.0013312196611052207
1.0,0.10083761571884516,0.47984412,-0.0013312196611052207
1.0,1.2101016995505889,0.37142584,-0.0013312196611052207
1.0,0.2369636137122911,0.3016093,-0.0013312196611052207
1.0,0.07439717251570722,0.9144192,-0.0013312196611052207
1.0,0.17908530935862668,0.983205,-0.0013312196611052207
1.0,0.08221582550758928,0.9931132,-0.0013312196611052207
1.0,0.6030798383628394,0.3512702,-0.0013312196611052207
1.0,0.07801324873595704,0.9979857,-0.0013312196611052207
0.0,0.1252312694347147,0.5717841,0.005451027509198791
1.0,0.04314413698743394,0.99460053,0.005451027509198791
1.0,1.238433867626581,0.7920278,0.005451027509198791
0.0,0.03530011420956092,0.3762963,0.005451027509198791
1.0,0.04469001103122514,0.9983311,0.005451027509198791
1.0,0.47728453186960895,0.96989036,0.005451027509198791
1.0,0.241434341834358,0.7881572,0.005451027509198791
1.0,0.791510138897874,0.8133853,0.005451027509198791
0.0,0.2141543942031182,0.37800136,0.005451027509198791
1.0,0.17702572711897557,0.6258329,0.005451027509198791
1.0,0.19818733898117843,0.99053323,0.005451027509198791
1.0,0.05019983247823904,0.99225193,0.005451027509198791
0.0,0.562331642920462,0.065987326,0.005451027509198791
1.0,0.018390366451476528,0.99824274,0.005451027509198791
1.0,0.00896870216250531,0.7067762,-0.042655164272684065
0.0,0.32178048629232947,0.8684347,-0.042655164272684065
0.0,0.24570684688861893,0.57489735,-0.042655164272684065
1.0,0.056241863826116886,0.4323211,-0.042655164272684065
0.0,0.29268542268023434,0.0026752749,-0.042655164272684065
1.0,0.3327207349672919,0.9955407,-0.042655164272684065
1.0,0.14568327647892138,0.5751577,-0.042655164272684065
1.0,1.0335039960347805,0.98542166,-0.042655164272684065
1.0,0.029478113651403324,0.9801586,-0.042655164272684065
1.0,0.03668857236771341,0.9910585,-0.042655164272684065
1.0,0.04193162141403413,0.9661619,-0.042655164272684065
1.0,0.7000283615416224,0.1389512,-0.042655164272684065
1.0,0.020699630286143956,0.8037003,-0.042655164272684065
1.0,0.02737824724564968,0.99813133,-0.042655164272684065
0.0,0.083799380843477,0.52090555,-0.10252299885575755
1.0,0.29577015492580183,0.99167514,-0.10252299885575755
1.0,0.2785503831577319,0.57251716,-0.10252299885575755
1.0,0.04639263092920694,0.96361136,-0.10252299885575755
1.0,0.136245228427297,0.99886286,-0.10252299885575755
1.0,0.42306985720223145,0.95452607,-0.10252299885575755
1.0,0.01174641626930443,0.6823536,-0.10252299885575755
1.0,0.8901228876642957,0.7357056,-0.10252299885575755
1.0,0.05395893078456755,0.9438359,-0.10252299885575755
1.0,0.11262171938068988,0.8778575,-0.10252299885575755
1.0,0.2200485157977187,0.9921767,-0.10252299885575755
1.0,0.11428771036797944,0.9946238,-0.10252299885575755
1.0,0.02726244133623499,0.88009924,-0.10252299885575755
1.0,0.03406674334063118,0.99830425,-0.10252299885575755
1.0,0.06515585906089333,0.54151475,-0.03161821332871445
1.0,0.2883927746440431,0.98383844,-0.03161821332871445
1.0,1.3343547932910045,0.7229922,-0.03161821332871445
1.0,0.0835857406157427,0.96265507,-0.03161821332871445
1.0,0.13552967660099793,0.99900705,-0.03161821332871445
1.0,0.43969396569888813,0.9685854,-0.03161821332871445
1.0,0.21462885136518461,0.2345328,-0.03161821332871445
1.0,0.636320582158305,0.81305003,-0.03161821332871445
0.0,0.29680300097345347,0.019078946,-0.03161821332871445
1.0,0.10546742131364971,0.4966229,-0.03161821332871445
1.0,0.2042083787604472,0.9876342,-0.03161821332871445
1.0,0.16387485348736983,0.9942629,-0.03161821332871445
1.0,0.04213790792912642,0.86274093,-0.03161821332871445
1.0,0.02358904241130038,0.998192,-0.03161821332871445
1.0,0.011198253496116226,0.7174441,-0.07336768634403734
1.0,0.12859248169654125,0.9276996,-0.07336768634403734
1.0,0.5359347212982678,0.6147534,-0.07336768634403734
1.0,0.13894971947509088,0.8615295,-0.07336768634403734
1.0,0.01632596147919081,0.9787241,-0.07336768634403734
1.0,0.34910558767713046,0.9939301,-0.07336768634403734
1.0,0.44395038008018955,0.5961423,-0.07336768634403734
1.0,0.854676804386207,0.9800056,-0.07336768634403734
1.0,0.054165012029927594,0.98070884,-0.07336768634403734
1.0,0.03928527481787411,0.9898685,-0.07336768634403734
1.0,0.1980687953106425,0.9587899,-0.07336768634403734
1.0,0.006005137857704669,0.9823919,-0.07336768634403734
0.0,0.2905487156598664,0.24348196,-0.07336768634403734
1.0,0.0345932958806941,0.9974043,-0.07336768634403734
1.0,0.08198688933369362,0.6337729,-0.06875960225666511
1.0,0.30562193814384225,0.99217516,-0.06875960225666511
1.0,0.5179137096761653,0.5728258,-0.06875960225666511
1.0,0.17061610537043026,0.069778614,-0.06875960225666511
1.0,0.06765077302420658,0.9977082,-0.06875960225666511
1.0,0.22767779901800553,0.80888623,-0.06875960225666511
1.0,0.5952956499286923,0.47177604,-0.06875960225666511
0.0,0.7490356636703753,0.09648324,-0.06875960225666511
1.0,0.20997788855985117,0.33403876,-0.06875960225666511
0.0,0.13320301624435477,0.22199109,-0.06875960225666511
1.0,0.2100566749071024,0.9649121,-0.06875960225666511
1.0,0.1222494021862636,0.98985696,-0.06875960225666511
1.0,0.6025153995086292,0.26710144,-0.06875960225666511
1.0,0.051747943439298484,0.9977927,-0.06875960225666511
1.0,0.031517895184130035,0.732006,-0.024714154164200308
1.0,0.020560454675850125,0.9919299,-0.024714154164200308
1.0,1.2575668121456873,0.8193034,-0.024714154164200308
1.0,0.1000776765696626,0.94952446,-0.024714154164200308
1.0,0.06959863593862743,0.99741626,-0.024714154164200308
1.0,0.38435849527174165,0.94808716,-0.024714154164200308
0.0,0.2294870221612606,0.43080503,-0.024714154164200308
0.0,0.748302673248271,0.18698625,-0.024714154164200308
1.0,0.008706604595067757,0.9707607,-0.024714154164200308
1.0,0.0856788188361284,0.6574912,-0.024714154164200308
1.0,0.16304358046001594,0.9891506,-0.024714154164200308
1.0,0.010622783403865474,0.99375844,-0.024714154164200308
0.0,0.6102400752195093,0.055871025,-0.024714154164200308
1.0,0.024813823773409155,0.9977397,-0.024714154164200308
1.0,0.047182533056567534,0.6423621,-0.07499550824174395
1.0,0.5277634726142051,0.98830986,-0.07499550824174395
0.0,0.47963088499003353,0.6203734,-0.07499550824174395
0.0,0.019277127377864325,0.21339737,-0.07499550824174395
1.0,0.15756568579830318,0.9982988,-0.07499550824174395
1.0,0.4492304824239235,0.9947572,-0.07499550824174395
1.0,0.05388321873272018,0.6171841,-0.07499550824174395
1.0,0.8291115403923652,0.98667634,-0.07499550824174395
1.0,0.026937048552063064,0.9773705,-0.07499550824174395
1.0,0.025973757238828162,0.99077624,-0.07499550824174395
1.0,0.13706017033227127,0.95496994,-0.07499550824174395
1.0,0.03234405956834662,0.98460555,-0.07499550824174395
1.0,0.14272424549517845,0.77658755,-0.07499550824174395
1.0,0.032245514538221935,0.9972404,-0.07499550824174395
1.0,0.013499160831211103,0.7514472,-0.0595050226111582
1.0,0.13581076854254986,0.92432886,-0.0595050226111582
1.0,0.6574161162489147,0.4388042,-0.0595050226111582
1.0,0.041024845435031924,0.91498476,-0.0595050226111582
1.0,0.034361047361305734,0.97882336,-0.0595050226111582
1.0,0.37486727297855427,0.82007855,-0.0595050226111582
1.0,0.5828309178075488,0.16796206,-0.0595050226111582
1.0,0.6619152854673083,0.85831004,-0.0595050226111582
1.0,0.04602159340409627,0.96153146,-0.0595050226111582
0.0,0.13300305064075435,0.26687783,-0.0595050226111582
1.0,0.1411289896235442,0.9801375,-0.0595050226111582
1.0,0.04344969523400757,0.9913332,-0.0595050226111582
0.0,0.6552818638525872,0.09144178,-0.0595050226111582
1.0,0.01518731015721558,0.997486,-0.0595050226111582
1.0,0.03239792477951087,0.6967232,-0.041805803210829606
1.0,0.2862607307648135,0.22255975,-0.041805803210829606
1.0,0.5483499207471957,0.32891914,-0.041805803210829606
0.0,0.31881167474408617,0.18262692,-0.041805803210829606
0.0,0.09411390612438623,0.10196182,-0.041805803210829606
1.0,0.16179147133755095,0.7415023,-0.041805803210829606
1.0,0.5433147445718316,0.7015166,-0.041805803210829606
0.0,0.7461801359022137,0.13413101,-0.041805803210829606
1.0,0.03568409809646723,0.9633043,-0.041805803210829606
1.0,0.16066294324052116,0.47530496,-0.041805803210829606
1.0,0.18628546096487555,0.9544471,-0.041805803210829606
1.0,0.03346473351688586,0.9903362,-0.041805803210829606
0.0,0.011775999654074205,0.81446916,-0.041805803210829606
1.0,0.0160473892591847,0.99769574,-0.041805803210829606
1.0,0.13534802509273444,0.57363534,0.032326830976920795
1.0,0.29352500349827976,0.98734736,0.032326830976920795
1.0,0.5654649880928277,0.3503281,0.032326830976920795
1.0,0.02076110615778905,0.22944203,0.032326830976920795
1.0,0.14434511682353504,0.97825557,0.032326830976920795
0.0,0.3576883391223608,0.7685354,0.032326830976920795
0.0,0.4970035341573415,0.4190211,0.032326830976920795
0.0,0.7293746031925002,0.74970573,0.032326830976920795
0.0,0.033600392692132164,0.1665018,0.032326830976920795
1.0,0.10713543113354322,0.65794,0.032326830976920795
1.0,0.1955969591178107,0.9799667,0.032326830976920795
1.0,0.12512913797242448,0.9919723,0.032326830976920795
0.0,0.7581433331066038,0.19084641,0.032326830976920795
0.0,0.09766182962899449,0.055072848,0.032326830976920795
1.0,0.026897602080088394,0.4856546,-0.09214303575278887
1.0,0.026176129710585194,0.99441,-0.09214303575278887
1.0,0.07310874277531011,0.71247286,-0.09214303575278887
1.0,0.06358431370693912,0.9339865,-0.09214303575278887
1.0,0.08517895882433346,0.9987471,-0.09214303575278887
1.0,0.39263978994597587,0.730826,-0.09214303575278887
1.0,0.6683677098740053,0.3791981,-0.09214303575278887
0.0,0.604983302815614,0.04083164,-0.09214303575278887
1.0,0.03846031153731325,0.96436,-0.09214303575278887
1.0,0.03084197577018772,0.943002,-0.09214303575278887
1.0,0.17175692333931736,0.9766615,-0.09214303575278887
1.0,0.06471647871988197,0.9892993,-0.09214303575278887
1.0,0.5846202701778619,0.27875158,-0.09214303575278887
1.0,0.051834516374170025,0.99840826,-0.09214303575278887
0.0,0.036072249238469155,0.7377916,-0.02601089206593643
1.0,0.005879565933570807,0.3887909,-0.02601089206593643
1.0,0.26303903462779366,0.58253145,-0.02601089206593643
1.0,0.09838191966972573,0.93515325,-0.02601089206593643
0.0,0.03751869088350347,0.019732289,-0.02601089206593643
0.0,0.12421978348198096,0.09954151,-0.02601089206593643
1.0,0.2405834606483731,0.75700116,-0.02601089206593643
1.0,0.9778575997145379,0.45362738,-0.02601089206593643
1.0,0.05971788078034466,0.95752823,-0.02601089206593643
0.0,0.13089340564557778,0.16215318,-0.02601089206593643
0.0,0.8452934724637154,0.03218079,-0.02601089206593643
1.0,0.08618553096613274,0.9924729,-0.02601089206593643
1.0,0.8365426312592772,0.15149505,-0.02601089206593643
1.0,0.019277926921714567,0.99832493,-0.02601089206593643
1.0,0.04316675810197319,0.72653085,-0.023321224457381995
1.0,0.5672466358450977,0.95045936,-0.023321224457381995
1.0,0.1584337345419902,0.6497327,-0.023321224457381995
1.0,0.13620305504866467,0.9328248,-0.023321224457381995
1.0,0.14078800613280337,0.99851674,-0.023321224457381995
0.0,0.2742832803903117,0.21510002,-0.023321224457381995
0.0,0.980427922962913,0.013681452,-0.023321224457381995
1.0,1.1824231343598413,0.3213511,-0.023321224457381995
0.0,0.016314037040358803,0.0116043445,-0.023321224457381995
1.0,0.06765309969160624,0.69549876,-0.023321224457381995
1.0,0.09609151889349556,0.9781713,-0.023321224457381995
0.0,0.2686254361224242,0.0136253275,-0.023321224457381995
1.0,0.022473132512117536,0.8490004,-0.023321224457381995
1.0,0.028442051755934693,0.99759895,-0.023321224457381995
0.0,0.24274249797553307,0.08398326,-0.048100890759097514
1.0,0.6832499436922075,0.5671522,-0.048100890759097514
1.0,0.19605741912792068,0.6179528,-0.048100890759097514
1.0,0.015521192650933557,0.9653696,-0.048100890759097514
0.0,0.3690472853177136,0.011340364,-0.048100890759097514
1.0,0.5457321941027536,0.83287054,-0.048100890759097514
0.0,0.5134587887636937,0.22235733,-0.048100890759097514
1.0,0.37156659236917566,0.040419027,-0.048100890759097514
1.0,0.029680739416143232,0.95881397,-0.048100890759097514
1.0,0.056987723117064015,0.89814186,-0.048100890759097514
1.0,0.03946052144196069,0.9566674,-0.048100890759097514
1.0,0.17528567646485535,0.98394865,-0.048100890759097514
1.0,0.5596521404849853,0.5246565,-0.048100890759097514
1.0,0.058825140661463285,0.9968765,-0.048100890759097514
1.0,0.02360910763081507,0.5837419,0.05148268424235036
1.0,0.5353690955373841,0.40222448,0.05148268424235036
0.0,0.3498497585846644,0.40575978,0.05148268424235036
1.0,0.13650706499129703,0.9382761,0.05148268424235036
0.0,0.25565677222852334,0.09266512,0.05148268424235036
0.0,0.35487694033126566,0.65230125,0.05148268424235036
1.0,0.6812450926715561,0.21456021,0.05148268424235036
1.0,0.7864134280204527,0.23591365,0.05148268424235036
1.0,0.05847962159893201,0.93296134,0.05148268424235036
1.0,0.16908778876575734,0.7099669,0.05148268424235036
1.0,0.07166234921537405,0.9790318,0.05148268424235036
0.0,0.06752160706651694,0.039453026,0.05148268424235036
0.0,0.7289957012351567,0.47762313,0.05148268424235036
0.0,0.11435935956892042,0.03228146,0.05148268424235036
1.0,0.14135731449567018,0.53205514,0.009575129059942511
1.0,0.2493989881681072,0.99394375,0.009575129059942511
1.0,0.2876718059146129,0.3926509,0.009575129059942511
1.0,0.01030451212829088,0.95358163,0.009575129059942511
1.0,0.10441959289050547,0.99622214,0.009575129059942511
1.0,0.5140705549616186,0.849799,0.009575129059942511
1.0,0.16156779396529317,0.69783026,0.009575129059942511
0.0,0.6575842742689133,0.07763954,0.009575129059942511
0.0,0.07091266584135378,0.13059732,0.009575129059942511
1.0,0.035525115831036916,0.9508247,0.009575129059942511
1.0,0.20977703719666704,0.98590046,0.009575129059942511
1.0,0.026397621886453466,0.9871171,0.009575129059942511
0.0,0.7416369106703637,0.21593279,0.009575129059942511
0.0,0.15113942871824593,0.07340595,0.009575129059942511
0.0,0.015296352588782421,0.22248441,0.0627224062020213
1.0,0.48942249706611335,0.7362117,0.0627224062020213
0.0,1.2890159730050883,0.26535246,0.0627224062020213
1.0,0.1722743363092853,0.9292291,0.0627224062020213
1.0,0.30012821550746255,0.83631116,0.0627224062020213
1.0,0.4030229595964208,0.43607938,0.0627224062020213
1.0,0.08549861873792342,0.16960545,0.0627224062020213
1.0,0.7083791423373847,0.79159755,0.0627224062020213
0.0,0.27441356091997565,0.034898072,0.0627224062020213
1.0,0.1804888113403266,0.39872137,0.0627224062020213
0.0,0.8790602768792448,0.034639217,0.0627224062020213
1.0,0.12528492236126051,0.9878713,0.0627224062020213
0.0,0.15271619924264795,0.8079543,0.0627224062020213
0.0,0.261049214219582,0.050473943,0.0627224062020213
1.0,0.048125955733329104,0.68860865,-0.03974899503240542
1.0,0.8502538579048567,0.7910911,-0.03974899503240542
1.0,0.2129108881118782,0.51652485,-0.03974899503240542
1.0,0.08051857177116825,0.9324824,-0.03974899503240542
1.0,0.4465312336881614,0.8956665,-0.03974899503240542
1.0,0.4980476313066474,0.94433033,-0.03974899503240542
0.0,0.3474365081424276,0.2399011,-0.03974899503240542
0.0,1.2467816515235963,0.6230754,-0.03974899503240542
1.0,0.08538746519424094,0.93453693,-0.03974899503240542
0.0,0.015761766411399484,0.485048,-0.03974899503240542
1.0,0.013202218934700326,0.9256335,-0.03974899503240542
1.0,0.0173594444172297,0.9874183,-0.03974899503240542
1.0,0.01692188585111806,0.835797,-0.03974899503240542
0.0,0.07226172935364789,0.021758156,-0.03974899503240542
0.0,0.05001737855231567,0.62816507,-0.006494764024914057
1.0,0.6223883474262856,0.6402549,-0.006494764024914057
1.0,0.9852171750903728,0.46551514,-0.006494764024914057
1.0,0.03200785309620476,0.9777427,-0.006494764024914057
1.0,0.05615488811913212,0.5700731,-0.006494764024914057
0.0,0.003543832016019449,0.10455466,-0.006494764024914057
1.0,0.4883251601271256,0.52825695,-0.006494764024914057
1.0,0.634708667290381,0.7202031,-0.006494764024914057
1.0,0.04395959460125117,0.95782155,-0.006494764024914057
1.0,0.13282040673630166,0.42925692,-0.006494764024914057
1.0,0.18093567910727248,0.9798177,-0.006494764024914057
0.0,0.4965682980872687,0.023874085,-0.006494764024914057
0.0,0.444607998771402,0.22737792,-0.006494764024914057
0.0,0.07364715329111086,0.08695869,-0.006494764024914057
1.0,0.09050269209111211,0.6391687,-0.08344448882385774
1.0,0.2792316621957221,0.9898358,-0.08344448882385774
0.0,1.367553281413731,0.6897192,-0.08344448882385774
1.0,0.12233047350970377,0.95944554,-0.08344448882385774
1.0,0.14967642469136458,0.99884784,-0.08344448882385774
1.0,0.44126653296484525,0.9677203,-0.08344448882385774
1.0,0.21529089620922193,0.7646807,-0.08344448882385774
1.0,0.6222631507571659,0.7962083,-0.08344448882385774
1.0,0.025877826027363098,0.94688964,-0.08344448882385774
1.0,0.2002265783525533,0.61899894,-0.08344448882385774
1.0,0.16993296420919898,0.9892698,-0.08344448882385774
1.0,0.12651646974969688,0.9918607,-0.08344448882385774
1.0,0.06920622761598795,0.8426249,-0.08344448882385774
1.0,0.01376372095488264,0.9983779,-0.08344448882385774
1.0,0.0298500869909101,0.664803,-0.04187846938612372
1.0,0.5281306222486971,0.9896797,-0.04187846938612372
1.0,0.6313513162204912,0.48440814,-0.04187846938612372
1.0,0.16828254197714795,0.918455,-0.04187846938612372
1.0,0.13543860405385197,0.99736184,-0.04187846938612372
0.0,0.06450802250299925,0.0024443332,-0.04187846938612372
1.0,0.010789637280526924,0.66290647,-0.04187846938612372
1.0,0.8385076390716644,0.870312,-0.04187846938612372
0.0,0.19381391537339482,0.10639469,-0.04187846938612372
1.0,0.04573806809739507,0.9304461,-0.04187846938612372
1.0,0.13887512912189415,0.9379074,-0.04187846938612372
1.0,0.011765999390062974,0.98498964,-0.04187846938612372
1.0,0.548128860885323,0.5887035,-0.04187846938612372
1.0,0.032291934002519875,0.101754636,-0.04187846938612372
0.0,0.008300468894967088,0.7366899,0.11103186874585169
1.0,0.4601963822151819,0.9810425,0.11103186874585169
1.0,0.6442149992488977,0.31493974,0.11103186874585169
0.0,0.06191570444355349,0.28205943,0.11103186874585169
1.0,0.021259834202324055,0.97991395,0.11103186874585169
1.0,0.2695950425005566,0.73319614,0.11103186874585169
0.0,0.42179235048194924,0.27753285,0.11103186874585169
1.0,0.40624247727873386,0.43112263,0.11103186874585169
1.0,0.1897673167207604,0.27876145,0.11103186874585169
1.0,0.16977328514146509,0.63619745,0.11103186874585169
0.0,4.520688563964347,0.13288471,0.11103186874585169
1.0,0.8376804857528789,0.98841697,0.11103186874585169
0.0,0.4865213394936414,0.33124352,0.11103186874585169
0.0,0.2694830162974634,0.04900736,0.11103186874585169
0.0,0.06050611760072407,0.6745713,-0.014258837438082428
1.0,0.3078339437760142,0.9808133,-0.014258837438082428
1.0,0.7993941446481491,0.43406433,-0.014258837438082428
1.0,0.09776274579034303,0.85054505,-0.014258837438082428
1.0,0.05394162322125373,0.9975789,-0.014258837438082428
1.0,0.34907098861073077,0.88751215,-0.014258837438082428
1.0,0.5563103761982114,0.25802583,-0.014258837438082428
1.0,0.8795038566388308,0.8335208,-0.014258837438082428
0.0,0.27195822869288877,0.02144615,-0.014258837438082428
1.0,0.21737645241811146,0.6516441,-0.014258837438082428
1.0,0.2507932155126526,0.9821599,-0.014258837438082428
1.0,0.1457573255403098,0.98937434,-0.014258837438082428
1.0,0.08380357036162565,0.88087213,-0.014258837438082428
1.0,0.023280473832051916,0.9984913,-0.014258837438082428
1.0,0.02704596937875105,0.71454173,-0.07982273035575849
0.0,0.12491854662368838,0.071663335,-0.07982273035575849
0.0,0.5621895426768123,0.13264836,-0.07982273035575849
1.0,0.07549412434255068,0.8948046,-0.07982273035575849
1.0,0.029374101980414034,0.6231929,-0.07982273035575849
1.0,0.3040827698149081,0.7502958,-0.07982273035575849
1.0,0.5916321442607214,0.57338285,-0.07982273035575849
1.0,0.6531203700513815,0.83904016,-0.07982273035575849
1.0,0.07340093893036918,0.9596949,-0.07982273035575849
1.0,0.12108095572757328,0.48888,-0.07982273035575849
1.0,0.1526084487241227,0.9709253,-0.07982273035575849
1.0,0.09837709486510832,0.9927758,-0.07982273035575849
1.0,0.08942594215328507,0.8654052,-0.07982273035575849
1.0,0.03193619483894787,0.9982324,-0.07982273035575849
1.0,0.269376583842997,0.08819248,0.02332387316636164
1.0,0.3435523834643019,0.9877142,0.02332387316636164
0.0,0.5757586862822085,0.09624269,0.02332387316636164
0.0,0.14713246385873355,0.13871257,0.02332387316636164
1.0,0.23734018922379255,0.997962,0.02332387316636164
1.0,0.4965340838563319,0.85286564,0.02332387316636164
1.0,0.4961443927925932,0.7716266,0.02332387316636164
0.0,0.9003285156837044,0.7095651,0.02332387316636164
1.0,0.05737452096876445,0.94216084,0.02332387316636164
1.0,0.16887815083478794,0.5267602,0.02332387316636164
0.0,0.9660892109341895,0.04495642,0.02332387316636164
1.0,0.201385491487863,0.99430853,0.02332387316636164
1.0,0.6343145425480651,0.39280087,0.02332387316636164
1.0,0.0031586819915526507,0.99806124,0.02332387316636164
1.0,0.052592726215071946,0.7332976,-0.0691892607921123
1.0,0.039179652206766384,0.99547726,-0.0691892607921123
1.0,0.11294530142493804,0.59542644,-0.0691892607921123
1.0,0.040283481350543264,0.94789714,-0.0691892607921123
1.0,0.04068844411068255,0.9989279,-0.0691892607921123
1.0,0.2354243438653739,0.7519107,-0.0691892607921123
1.0,0.16703539701946987,0.36181447,-0.0691892607921123
1.0,0.6073437530197066,0.8275456,-0.0691892607921123
1.0,0.0444368357491528,0.9731704,-0.0691892607921123
1.0,0.09752506657617598,0.44037768,-0.0691892607921123
1.0,0.12798653384864023,0.97435474,-0.0691892607921123
1.0,0.029615353678978548,0.99261945,-0.0691892607921123
1.0,0.6557860033321786,0.31571573,-0.0691892607921123
1.0,0.029563979219543,0.99821764,-0.0691892607921123
1.0,0.04069548217358741,0.6126081,-0.027391461225984293
1.0,0.9348407176220984,0.290484,-0.027391461225984293
1.0,0.1385814842635937,0.63805526,-0.027391461225984293
1.0,0.08049096191089583,0.6200657,-0.027391461225984293
1.0,0.22942784964727111,0.46033624,-0.027391461225984293
0.0,0.3750610306360627,0.0029475049,-0.027391461225984293
1.0,0.14902368065036747,0.8061724,-0.027391461225984293
1.0,0.8264246512070113,0.9354589,-0.027391461225984293
1.0,0.0019266654667564362,0.97315514,-0.027391461225984293
1.0,0.045553791698274906,0.99207276,-0.027391461225984293
1.0,0.150831658017003,0.9725876,-0.027391461225984293
1.0,0.014120330060141415,0.9866193,-0.027391461225984293
1.0,0.5033575943096252,0.45277688,-0.027391461225984293
1.0,0.03016273376689957,0.99780744,-0.027391461225984293
1.0,0.06264252748436178,0.7345232,0.0035860640625205997
1.0,0.4816834820435078,0.9537532,0.0035860640625205997
1.0,0.23160681879215747,0.24538374,0.0035860640625205997
1.0,0.2529525668340163,0.8887256,0.0035860640625205997
1.0,0.19745544075905477,0.9979044,0.0035860640625205997
1.0,0.3542489110295056,0.9959753,0.0035860640625205997
1.0,0.04568453317549059,0.34128663,0.0035860640625205997
1.0,0.8159933064039588,0.99066156,0.0035860640625205997
1.0,0.0769510906848632,0.9791534,0.0035860640625205997
1.0,0.040653070097700195,0.9954862,0.0035860640625205997
0.0,0.5834611756988799,0.17598449,0.0035860640625205997
0.0,0.7044974823466468,0.02522834,0.0035860640625205997
1.0,0.3707504140666594,0.6292427,0.0035860640625205997
1.0,0.0746311998863406,0.996102,0.0035860640625205997
0.0,0.46694232083458326,0.33085743,-0.085133763662389
1.0,0.5895325691977218,0.9829413,-0.085133763662389
1.0,0.15913528414329622,0.55685955,-0.085133763662389
1.0,0.08674171494441903,0.9413233,-0.085133763662389
1.0,0.19767024435170658,0.99736625,-0.085133763662389
0.0,0.7986296220851469,0.5878455,-0.085133763662389
0.0,0.3312688490105824,0.3757337,-0.085133763662389
1.0,0.19504874318659327,0.05437965,-0.085133763662389
1.0,0.03919483110350213,0.96975994,-0.085133763662389
1.0,0.060542463893853024,0.79395854,-0.085133763662389
1.0,0.028821085802938497,0.9455158,-0.085133763662389
1.0,0.18915108145509898,0.983579,-0.085133763662389
0.0,0.6678362477435084,0.45896414,-0.085133763662389
1.0,0.051193740273769654,0.99727136,-0.085133763662389
1.0,0.28768313214313973,0.5715139,-0.06940467929883654
1.0,0.26285427944050166,0.99398625,-0.06940467929883654
1.0,1.2625542768915086,0.8522895,-0.06940467929883654
0.0,0.05451674686566649,0.49857938,-0.06940467929883654
1.0,0.05328257920276379,0.9987674,-0.06940467929883654
1.0,0.41564871896390126,0.9669093,-0.06940467929883654
0.0,0.2905361410242492,0.32323453,-0.06940467929883654
1.0,0.7774072111170611,0.83558065,-0.06940467929883654
1.0,0.0014987450892545834,0.9532795,-0.06940467929883654
1.0,0.1933637902347149,0.31112054,-0.06940467929883654
1.0,0.18529892521075936,0.99001265,-0.06940467929883654
1.0,0.15616381753498415,0.9936475,-0.06940467929883654
0.0,0.0744740103307266,0.75784856,-0.06940467929883654
1.0,0.016967316243472003,0.9982311,-0.06940467929883654
1.0,0.06583989587933924,0.64942384,0.10537646440690773
1.0,0.03497751611146811,0.9898481,0.10537646440690773
1.0,0.02650096554207979,0.50810397,0.10537646440690773
0.0,0.10294766869788456,0.30589318,0.10537646440690773
1.0,0.11783936331688318,0.99716395,0.10537646440690773
1.0,0.44492344299864234,0.9961642,0.10537646440690773
0.0,0.7084966659918437,0.27381137,0.10537646440690773
1.0,0.7013871387239023,0.7822481,0.10537646440690773
1.0,0.1530127762044846,0.17354017,0.10537646440690773
0.0,0.04770682275738066,0.005599698,0.10537646440690773
0.0,3.2261205591208957,0.10325703,0.10537646440690773
0.0,0.62438301702139,0.012201136,0.10537646440690773
0.0,0.5517305754871964,0.16124421,0.10537646440690773
1.0,0.04367183906771217,0.99800855,0.10537646440690773
0.0,0.1505759027778071,0.20779087,0.006396070165430312
1.0,0.3618627714144519,0.98391724,0.006396070165430312
1.0,1.2400029988353019,0.49599198,0.006396070165430312
1.0,0.17362509985888908,0.25104755,0.006396070165430312
1.0,0.1624488290491562,0.9979412,0.006396070165430312
1.0,0.5714742293969738,0.8907562,0.006396070165430312
1.0,0.2358307399338169,0.8152641,0.006396070165430312
1.0,0.7713842648034666,0.51558197,0.006396070165430312
1.0,0.39933465612325164,0.5210587,0.006396070165430312
1.0,0.23333454606121679,0.7310189,0.006396070165430312
1.0,0.24749806186692375,0.9737293,0.006396070165430312
1.0,0.11877584978698867,0.9852683,0.006396070165430312
1.0,0.15894690793222896,0.8092549,0.006396070165430312
0.0,0.3751421643172641,0.16336861,0.006396070165430312
1.0,0.040084090240119226,0.5895177,-0.06116046732024699
1.0,0.2724986813802352,0.9744486,-0.06116046732024699
1.0,1.3586260903901544,0.70072204,-0.06116046732024699
1.0,0.11998318876639408,0.9618142,-0.06116046732024699
1.0,0.18480483547237933,0.998862,-0.06116046732024699
1.0,0.5363122017748787,0.9706042,-0.06116046732024699
1.0,0.29592781004542895,0.6800929,-0.06116046732024699
1.0,0.7534966885359168,0.8009195,-0.06116046732024699
1.0,0.008111683992482951,0.95837814,-0.06116046732024699
1.0,0.10087292182650563,0.30316415,-0.06116046732024699
1.0,0.11499837783516531,0.9899995,-0.06116046732024699
0.0,0.3147293292263464,0.03265792,-0.06116046732024699
1.0,0.10586848737433593,0.8583867,-0.06116046732024699
1.0,0.022628493927278483,0.9982712,-0.06116046732024699
0.0,0.03126327280729223,0.33443105,-0.029869218580087342
1.0,0.5922341182316802,0.32647762,-0.029869218580087342
1.0,0.20308236544132158,0.61719304,-0.029869218580087342
1.0,0.038951568619422124,0.9386019,-0.029869218580087342
0.0,0.03856972650186216,0.107099734,-0.029869218580087342
0.0,0.18652240049981683,0.076453745,-0.029869218580087342
1.0,0.08730872254271704,0.5881222,-0.029869218580087342
0.0,1.2814690203985777,0.1356217,-0.029869218580087342
1.0,0.028682143371873556,0.96651125,-0.029869218580087342
1.0,0.17752748145043273,0.74127084,-0.029869218580087342
1.0,0.02476013422178637,0.961887,-0.029869218580087342
1.0,0.016625703059473265,0.99181116,-0.029869218580087342
1.0,0.019425170222031468,0.7947508,-0.029869218580087342
1.0,0.004069650081686074,0.99835664,-0.029869218580087342
1.0,0.1570808382254786,0.7019598,-0.03007821982500508
1.0,0.614690125726908,0.9054939,-0.03007821982500508
1.0,0.5823229660322146,0.53039193,-0.03007821982500508
1.0,0.18840427837612242,0.9073401,-0.03007821982500508
1.0,0.052216506793102094,0.9715235,-0.03007821982500508
1.0,0.11965897419306375,0.8113764,-0.03007821982500508
1.0,0.27441351687418714,0.89164144,-0.03007821982500508
1.0,0.427438016115992,0.8854262,-0.03007821982500508
1.0,0.03958181382979908,0.9627916,-0.03007821982500508
1.0,0.07135190204362246,0.6102717,-0.03007821982500508
1.0,0.25956444364779774,0.9546456,-0.03007821982500508
0.0,1.2114719511157546,0.068753526,-0.03007821982500508
1.0,0.42670613551797854,0.40713495,-0.03007821982500508
1.0,0.06650181383434063,0.99543226,-0.03007821982500508
1.0,0.3463895556654445,0.52670324,0.06601035087973539
1.0,0.07897653846090914,0.8959179,0.06601035087973539
1.0,0.2835505280819959,0.33120617,0.06601035087973539
0.0,0.06158759555376071,0.38064396,0.06601035087973539
1.0,0.06933233652676155,0.96598625,0.06601035087973539
1.0,0.35656451667146566,0.9937125,0.06601035087973539
0.0,0.5006854881978421,0.6621328,0.06601035087973539
1.0,0.7890045456345594,0.98171544,0.06601035087973539
1.0,0.024481512011092676,0.96757174,0.06601035087973539
1.0,0.022015086650756126,0.9883768,0.06601035087973539
1.0,0.15085809777939807,0.95365775,0.06601035087973539
1.0,1.0283448935149313,0.07316216,0.06601035087973539
1.0,0.33928183921299065,0.27326122,0.06601035087973539
0.0,0.30486008611516313,0.022117093,0.06601035087973539
1.0,0.004799986489706109,0.73382086,-0.01682303557064252
0.0,0.61648743542919,0.7746392,-0.01682303557064252
0.0,0.40169282717107524,0.23150414,-0.01682303557064252
1.0,0.04743226139574594,0.93542844,-0.01682303557064252
0.0,0.29221634165909693,0.026272006,-0.01682303557064252
1.0,0.22277707461937982,0.9227342,-0.01682303557064252
1.0,0.7167215121371496,0.22422235,-0.01682303557064252
1.0,0.6196101461285856,0.6931782,-0.01682303557064252
1.0,0.07382347587549881,0.95607275,-0.01682303557064252
1.0,0.0863319553905206,0.77510214,-0.01682303557064252
1.0,0.17574428341660955,0.9917664,-0.01682303557064252
0.0,1.2680188667781531,0.034497906,-0.01682303557064252
1.0,0.10628229458986752,0.8274758,-0.01682303557064252
1.0,0.05354782060304138,0.996718,-0.01682303557064252
1.0,0.0533919401301503,0.4056339,0.007566795001251458
1.0,0.6806038138373964,0.79746,0.007566795001251458
1.0,0.045591802769163865,0.5787023,0.007566795001251458
1.0,0.44392815101407207,0.39352593,0.007566795001251458
1.0,0.7645149591955109,0.933408,0.007566795001251458
1.0,0.044503533400617745,0.86837584,0.007566795001251458
1.0,0.456670406403903,0.8916188,0.007566795001251458
1.0,0.3277003685861473,0.8501379,0.007566795001251458
0.0,0.1654618137550637,0.23425251,0.007566795001251458
1.0,0.06294254241916328,0.5858765,0.007566795001251458
0.0,4.593918558966288,0.06411021,0.007566795001251458
1.0,0.7649591035186946,0.98158777,0.007566795001251458
1.0,0.3921660583712145,0.74284714,0.007566795001251458
1.0,0.013196213284819912,0.9959006,0.007566795001251458
1.0,0.0356646360232985,0.5267425,-0.06022159927619386
1.0,0.5799722227204201,0.8763347,-0.06022159927619386
1.0,0.5233018977873598,0.59019417,-0.06022159927619386
1.0,0.04387658717762478,0.90005845,-0.06022159927619386
1.0,0.002675902684089224,0.94555825,-0.06022159927619386
1.0,0.10469414256570353,0.9956365,-0.06022159927619386
0.0,0.7749806981507231,0.08995799,-0.06022159927619386
1.0,0.8154597102747808,0.9861624,-0.06022159927619386
1.0,0.019118170421815704,0.9765123,-0.06022159927619386
1.0,0.030183804828346483,0.9934983,-0.06022159927619386
1.0,0.0979063199985388,0.9490092,-0.06022159927619386
1.0,0.010655293353170793,0.9768122,-0.06022159927619386
0.0,0.33930779971838176,0.17010385,-0.06022159927619386
1.0,0.049438993243720024,0.9963361,-0.06022159927619386
1.0,0.169433010157119,0.54361594,-0.06562117010521501
1.0,0.7756706890148234,0.7807227,-0.06562117010521501
1.0,0.20771074297193762,0.6322904,-0.06562117010521501
1.0,0.029421714105533642,0.9314226,-0.06562117010521501
1.0,0.7171531010160557,0.8909801,-0.06562117010521501
0.0,0.046699969136419356,0.1304161,-0.06562117010521501
1.0,0.5618573656779885,0.8505531,-0.06562117010521501
0.0,0.855649941688536,0.36853057,-0.06562117010521501
1.0,0.0642041169828963,0.9265745,-0.06562117010521501
1.0,0.09340106359361434,0.42729956,-0.06562117010521501
1.0,0.05673357370470217,0.9532055,-0.06562117010521501
1.0,0.10139847022639457,0.9745423,-0.06562117010521501
1.0,0.06543499776658816,0.8542246,-0.06562117010521501
0.0,0.4068292954346214,0.015675593,-0.06562117010521501
1.0,0.05109297379567109,0.38305876,0.000645227325279274
0.0,0.7268793790707967,0.035978545,0.000645227325279274
1.0,0.25359463805380567,0.73915297,0.000645227325279274
1.0,0.08941024766430887,0.96994275,0.000645227325279274
1.0,0.00974788150073197,0.18617778,0.000645227325279274
0.0,0.2947113861807088,0.13312645,0.000645227325279274
1.0,0.536970730466624,0.30988783,0.000645227325279274
1.0,0.6631149714987926,0.8094079,0.000645227325279274
0.0,0.28115127198451734,0.022485202,0.000645227325279274
1.0,0.21680256427720307,0.3893565,0.000645227325279274
1.0,0.09954102720266728,0.97682923,0.000645227325279274
1.0,0.1246958143818714,0.98855466,0.000645227325279274
1.0,0.07143163380042768,0.86547196,0.000645227325279274
1.0,0.0035033854813694104,0.99790937,0.000645227325279274
1.0,0.08976542706443251,0.5633672,-0.07576501730782731
1.0,0.2648308874819783,0.9942141,-0.07576501730782731
1.0,1.311651001781644,0.49536324,-0.07576501730782731
1.0,0.18236660212041883,0.91287476,-0.07576501730782731
1.0,0.09168212628601634,0.99893993,-0.07576501730782731
1.0,0.2639176903434036,0.32063913,-0.07576501730782731
0.0,0.024342756593573413,0.18957634,-0.07576501730782731
0.0,0.7887090235478277,0.74110895,-0.07576501730782731
1.0,0.016873595984485432,0.9663686,-0.07576501730782731
1.0,0.10855820067368346,0.55355793,-0.07576501730782731
1.0,0.1963429811424323,0.9868565,-0.07576501730782731
1.0,0.1396583225596852,0.993164,-0.07576501730782731
1.0,0.014124170025345193,0.83589387,-0.07576501730782731
1.0,0.010244215940705093,0.99831724,-0.07576501730782731
0.0,0.0004152516539086466,0.6856512,-0.027343120461321535
1.0,0.31799979724821353,0.99226815,-0.027343120461321535
1.0,0.6525519878384374,0.4562999,-0.027343120461321535
1.0,0.005093617586326886,0.94222885,-0.027343120461321535
1.0,0.0690882797229128,0.99832886,-0.027343120461321535
1.0,0.07553899743120177,0.13212408,-0.027343120461321535
0.0,0.19334685252837855,0.50687164,-0.027343120461321535
1.0,0.9774030383738468,0.4361367,-0.027343120461321535
1.0,0.04568381429743567,0.03437473,-0.027343120461321535
1.0,0.14330873462484736,0.80655885,-0.027343120461321535
1.0,0.20765129045353314,0.98644173,-0.027343120461321535
1.0,0.013264580198305979,0.9884763,-0.027343120461321535
1.0,0.6602606328663362,0.30988714,-0.027343120461321535
1.0,0.057371933881706444,0.9975483,-0.027343120461321535
1.0,0.010846545815139013,0.6689396,0.023728922125616836
1.0,0.4335149220115838,0.27395597,0.023728922125616836
1.0,0.2730770634718429,0.33934817,0.023728922125616836
1.0,0.05253661916229026,0.9562793,0.023728922125616836
0.0,0.3557745723199247,0.0037103626,0.023728922125616836
1.0,0.2575106309223812,0.93780494,0.023728922125616836
1.0,0.02535092017620987,0.53569716,0.023728922125616836
1.0,1.2716554316153839,0.48564252,0.023728922125616836
1.0,0.16925921305157893,0.45956454,0.023728922125616836
1.0,0.10562734382034844,0.22736485,0.023728922125616836
0.0,0.5474658742749821,0.038716584,0.023728922125616836
1.0,0.016155586280456723,0.9914575,0.023728922125616836
1.0,0.03624962645494256,0.8431637,0.023728922125616836
1.0,0.008213023493817322,0.99848664,0.023728922125616836
1.0,0.04006987622389182,0.72764665,0.02869895246719556
1.0,0.29002985545959925,0.96362895,0.02869895246719556
1.0,0.19454768318262833,0.66463584,0.02869895246719556
1.0,0.035575295231990885,0.97951275,0.02869895246719556
1.0,0.129084813566784,0.9977629,0.02869895246719556
1.0,0.5694369703470192,0.91588706,0.02869895246719556
1.0,0.007073457702495198,0.59365493,0.02869895246719556
1.0,0.7583526877675335,0.82783306,0.02869895246719556
0.0,0.13326870949374076,0.026096862,0.02869895246719556
1.0,0.16531065102309067,0.33620936,0.02869895246719556
1.0,0.1611134027251038,0.98531926,0.02869895246719556
0.0,0.36291580478096636,0.046285763,0.02869895246719556
0.0,0.5502131701631046,0.28615156,0.02869895246719556
0.0,0.10086901040434873,0.050817557,0.02869895246719556
0.0,0.262674511224367,0.31901723,-0.0346707216907437
1.0,0.5741063543448967,0.718754,-0.0346707216907437
1.0,0.6231168796023239,0.4236535,-0.0346707216907437
1.0,0.09038846798945009,0.95341873,-0.0346707216907437
1.0,0.3926565165561931,0.8072311,-0.0346707216907437
1.0,0.3179502978902058,0.9944022,-0.0346707216907437
1.0,0.03335730311496852,0.7678312,-0.0346707216907437
1.0,0.9917142407579412,0.9570728,-0.0346707216907437
1.0,0.05442984028475128,0.9635101,-0.0346707216907437
0.0,0.07604532709926681,0.0072867037,-0.0346707216907437
1.0,0.1681931967790489,0.9826999,-0.0346707216907437
1.0,0.010030183290908731,0.99144137,-0.0346707216907437
1.0,0.047508794921075695,0.8719778,-0.0346707216907437
1.0,0.036804071471140336,0.9983625,-0.0346707216907437
1.0,0.07611738099293679,0.61757946,-0.015341686060647841
0.0,0.09636938508987825,0.09076553,-0.015341686060647841
1.0,0.0025989804012111362,0.6835856,-0.015341686060647841
1.0,0.1046148616015532,0.16192956,-0.015341686060647841
1.0,0.07137975512236576,0.2989198,-0.015341686060647841
0.0,0.05701840877667634,0.34528586,-0.015341686060647841
1.0,0.34410383344688766,0.42687505,-0.015341686060647841
1.0,0.3156128864808406,0.68460864,-0.015341686060647841
1.0,0.04379300186966925,0.9549471,-0.015341686060647841
1.0,0.12410075922000871,0.41369712,-0.015341686060647841
0.0,4.954966147021049,0.02007018,-0.015341686060647841
1.0,0.7701564485700104,0.9904013,-0.015341686060647841
1.0,0.17571405094803264,0.8480852,-0.015341686060647841
1.0,0.00804827204665068,0.99752635,-0.015341686060647841
1.0,0.014109673358839496,0.7162418,0.022789781199642478
1.0,0.2699264757624812,0.97544336,0.022789781199642478
0.0,0.6912523073712399,0.52984595,0.022789781199642478
1.0,0.3797632061277746,0.40167555,0.022789781199642478
1.0,0.13728832403253974,0.9904094,0.022789781199642478
1.0,0.2876206781655551,0.9928324,0.022789781199642478
1.0,0.6539345375665442,0.76166904,0.022789781199642478
1.0,0.8634890345962527,0.8617697,0.022789781199642478
0.0,0.06697005505818186,0.1619665,0.022789781199642478
0.0,0.13462723666195103,0.0076807607,0.022789781199642478
1.0,0.9312068675439842,0.1418453,0.022789781199642478
1.0,0.2555207783575046,0.9857259,0.022789781199642478
0.0,0.19041734748650332,0.19510143,0.022789781199642478
1.0,0.35354585353441415,0.0549451,0.022789781199642478
1.0,0.0241676823414884,0.65610856,-0.04236741021274215
1.0,0.9312593522335586,0.70216477,-0.04236741021274215
1.0,0.5173352247763671,0.3971717,-0.04236741021274215
1.0,0.04213378723660179,0.9729251,-0.04236741021274215
1.0,0.2909142738483114,0.7066726,-0.04236741021274215
1.0,0.015818123720431846,0.9941261,-0.04236741021274215
0.0,0.3565200905661221,0.59005046,-0.04236741021274215
1.0,0.790266120533094,0.98417675,-0.04236741021274215
1.0,0.05567226419516554,0.9552279,-0.04236741021274215
1.0,0.019561310670078887,0.9902754,-0.04236741021274215
1.0,0.14284146616351834,0.9716101,-0.04236741021274215
1.0,0.003029050863530056,0.99120283,-0.04236741021274215
0.0,0.49150600742719325,0.35371134,-0.04236741021274215
1.0,0.5579088291445299,0.70202595,-0.04236741021274215
1.0,0.31448910846480643,0.30917498,-0.018522058745801984
1.0,0.5568877160548742,0.99090225,-0.018522058745801984
0.0,1.1039015557465177,0.10144744,-0.018522058745801984
1.0,0.028045120826348184,0.43536702,-0.018522058745801984
1.0,0.13625013232909758,0.9956208,-0.018522058745801984
1.0,0.4773017341955962,0.9935004,-0.018522058745801984
1.0,0.010645610280392945,0.34999835,-0.018522058745801984
1.0,0.9992828790819762,0.9169579,-0.018522058745801984
1.0,0.0235333265770977,0.97423756,-0.018522058745801984
1.0,0.030076428373907754,0.97932774,-0.018522058745801984
1.0,0.07225537374373912,0.9672279,-0.018522058745801984
1.0,0.0031196451719063957,0.98681355,-0.018522058745801984
0.0,0.5047091060020549,0.18504827,-0.018522058745801984
1.0,0.02697955198770817,0.99740285,-0.018522058745801984
1.0,0.03338044960917731,0.62054235,-0.025078590635354225
1.0,0.6239115646182147,0.9929852,-0.025078590635354225
1.0,0.23154370449916217,0.34490427,-0.025078590635354225
1.0,0.1328595069813617,0.36777475,-0.025078590635354225
1.0,0.01651763003999549,0.9965919,-0.025078590635354225
1.0,0.4404787246928678,0.9473761,-0.025078590635354225
0.0,0.09963156290374722,0.3595039,-0.025078590635354225
1.0,0.8309255048196441,0.7745497,-0.025078590635354225
1.0,0.03573817165577683,0.95940804,-0.025078590635354225
1.0,0.17082310725795452,0.47465435,-0.025078590635354225
1.0,0.07843925143957524,0.98696417,-0.025078590635354225
1.0,0.14497433173949661,0.9914996,-0.025078590635354225
1.0,0.7412016540994786,0.23793042,-0.025078590635354225
1.0,0.0023225590102963862,0.99690056,-0.025078590635354225
1.0,0.021359447497392187,0.6701347,-0.04856610810527251
1.0,0.2963243561830227,0.9943141,-0.04856610810527251
1.0,0.7180093423792434,0.5289595,-0.04856610810527251
1.0,0.05732846624390937,0.39681715,-0.04856610810527251
1.0,0.10011866293086628,0.997875,-0.04856610810527251
1.0,0.31640359359777875,0.7868356,-0.04856610810527251
1.0,0.0429845778136391,0.57710975,-0.04856610810527251
1.0,0.6460799311007237,0.82229143,-0.04856610810527251
1.0,0.034770508554529116,0.9684326,-0.04856610810527251
1.0,0.18653805516779623,0.5597047,-0.04856610810527251
1.0,0.18233578041732376,0.97796965,-0.04856610810527251
1.0,0.08046497356377565,0.9929733,-0.04856610810527251
1.0,0.6558622011981158,0.32057318,-0.04856610810527251
1.0,0.0027739405121568507,0.99848914,-0.04856610810527251
0.0,0.1220107704590274,0.09752494,0.07183575531491604
0.0,0.843781693050649,0.011088196,0.07183575531491604
0.0,0.8313908521044856,0.16599055,0.07183575531491604
1.0,0.04203685514040774,0.62933975,0.07183575531491604
1.0,0.0830413303478896,0.8179885,0.07183575531491604
1.0,0.4693334541536168,0.99149454,0.07183575531491604
0.0,0.06715813462478866,0.76198727,0.07183575531491604
1.0,1.3192860122644303,0.9697958,0.07183575531491604
1.0,0.21570526851938673,0.010450549,0.07183575531491604
1.0,0.0052526206874999055,0.9908216,0.07183575531491604
1.0,0.042692917075573336,0.97432286,0.07183575531491604
0.0,0.7381356584529738,0.05512131,0.07183575531491604
1.0,0.644636585028194,0.26917785,0.07183575531491604
1.0,0.020320040559143385,0.9982358,0.07183575531491604
1.0,0.011535234214779769,0.6553819,0.016491710545037175
1.0,0.47042412370541803,0.752093,0.016491710545037175
1.0,0.8876752328045998,0.21256498,0.016491710545037175
0.0,0.03103973863968407,0.24640474,0.016491710545037175
1.0,0.1630923711805501,0.8675743,0.016491710545037175
0.0,0.05723844509829778,0.026171505,0.016491710545037175
1.0,0.5841204895395893,0.37904778,0.016491710545037175
1.0,1.5320590076782705,0.37983122,0.016491710545037175
1.0,0.06088864803279227,0.9762247,0.016491710545037175
0.0,0.16168959337318428,0.024437314,0.016491710545037175
1.0,0.050851883210217545,0.9788695,0.016491710545037175
0.0,0.5874515176271655,0.05712982,0.016491710545037175
1.0,0.043399668124182854,0.78309166,0.016491710545037175
1.0,0.01835543258789888,0.9981943,0.016491710545037175
1.0,0.047918713235449314,0.73419935,-0.048766426371713745
1.0,0.26580804436788696,0.99182,-0.048766426371713745
1.0,0.5094015385488483,0.6108275,-0.048766426371713745
0.0,0.029176526287118757,0.11334878,-0.048766426371713745
1.0,0.060508568888213335,0.9982216,-0.048766426371713745
1.0,0.1404599681383462,0.9957799,-0.048766426371713745
1.0,0.3547050980571214,0.4880664,-0.048766426371713745
1.0,0.9595735899385522,0.98695356,-0.048766426371713745
0.0,0.143430952695647,0.014658895,-0.048766426371713745
1.0,0.03641637061708405,0.99284136,-0.048766426371713745
1.0,0.19503039327020347,0.97069544,-0.048766426371713745
1.0,0.0034409801463551903,0.9868369,-0.048766426371713745
1.0,0.47766173581960686,0.36399615,-0.048766426371713745
1.0,0.051742252862760324,0.9983253,-0.048766426371713745
1.0,0.05282065222842544,0.73034716,0.008418718877261422
1.0,0.6712250831171094,0.6105963,0.008418718877261422
1.0,0.7394318937090808,0.4806715,0.008418718877261422
0.0,0.2288011056979449,0.23840414,0.008418718877261422
0.0,0.2028020865708792,0.041484203,0.008418718877261422
1.0,0.2628859300043798,0.76849115,0.008418718877261422
1.0,0.5264967870531557,0.30723026,0.008418718877261422
0.0,0.672633138019371,0.03816929,0.008418718877261422
0.0,0.15427969983285159,0.11372104,0.008418718877261422
1.0,0.03252413014283579,0.7286977,0.008418718877261422
1.0,0.19996353189135985,0.96058774,0.008418718877261422
1.0,0.009110440894384682,0.9833974,0.008418718877261422
1.0,0.008982108865999278,0.8716567,0.008418718877261422
0.0,0.2765917890008322,0.009008851,0.008418718877261422
0.0,0.055057768107458,0.1396507,0.04127198105630958
1.0,0.5032067892354234,0.78026915,0.04127198105630958
1.0,0.5816551293953997,0.3965521,0.04127198105630958
1.0,0.07896733304247246,0.95769733,0.04127198105630958
1.0,0.24114020868040928,0.8921261,0.04127198105630958
1.0,0.3480626013740512,0.62840885,0.04127198105630958
1.0,0.5968712752553251,0.40548444,0.04127198105630958
1.0,0.6103512119457912,0.74873483,0.04127198105630958
1.0,0.3222954634747228,0.5603014,0.04127198105630958
1.0,0.18923964321713957,0.39848825,0.04127198105630958
1.0,0.19493663554079757,0.9678457,0.04127198105630958
1.0,0.07711678858227825,0.99270517,0.04127198105630958
1.0,0.06624106474086099,0.8525936,0.04127198105630958
1.0,0.011561252323847023,0.9982748,0.04127198105630958
0.0,0.06580055668995295,0.5957862,-0.0517813068704453
1.0,0.27955856270664303,0.9803854,-0.0517813068704453
0.0,0.3071657208327017,0.56774753,-0.0517813068704453
1.0,0.07017701705754094,0.9671348,-0.0517813068704453
1.0,0.18942824733868577,0.9982887,-0.0517813068704453
1.0,0.4939297520621357,0.95598304,-0.0517813068704453
1.0,0.00015658805087992176,0.66202605,-0.0517813068704453
0.0,0.8883058021623129,0.7372761,-0.0517813068704453
1.0,0.06884272953608984,0.917762,-0.0517813068704453
1.0,0.09304175343953427,0.89054614,-0.0517813068704453
1.0,0.14033158065792792,0.9915126,-0.0517813068704453
0.0,0.10007588449009433,0.039862357,-0.0517813068704453
1.0,0.05367649329531346,0.8789066,-0.0517813068704453
1.0,0.3916924300875029,0.018154263,-0.0517813068704453
0.0,0.030192126185890684,0.62076503,-0.09565188788395551
1.0,0.27823411906625894,0.9935866,-0.09565188788395551
1.0,0.6214076193721629,0.3724547,-0.09565188788395551
0.0,0.10090856700299453,0.28747827,-0.09565188788395551
1.0,0.09457406812259496,0.9980919,-0.09565188788395551
1.0,0.375557177438256,0.05692294,-0.09565188788395551
1.0,0.5920472835289642,0.537766,-0.09565188788395551
0.0,1.0216485034239755,0.44901684,-0.09565188788395551
1.0,0.027283952046720197,0.9497969,-0.09565188788395551
0.0,0.07766877750077776,0.682367,-0.09565188788395551
1.0,0.17397005763761547,0.98031837,-0.09565188788395551
1.0,0.025295850372110726,0.9941784,-0.09565188788395551
1.0,0.09355725584696901,0.8205497,-0.09565188788395551
1.0,0.03781014002492036,0.99836296,-0.09565188788395551
0.0,0.2594086477479389,0.004292233,-0.03192732819533256
1.0,0.046345923590069726,0.9933647,-0.03192732819533256
1.0,0.25286547994149583,0.64628047,-0.03192732819533256
1.0,0.08703278007192514,0.9375981,-0.03192732819533256
1.0,0.04507478330076334,0.99816835,-0.03192732819533256
1.0,0.30924849771733276,0.8152907,-0.03192732819533256
1.0,0.1725005466329914,0.8479339,-0.03192732819533256
1.0,0.8574081574732321,0.8079677,-0.03192732819533256
1.0,0.016657192899312074,0.9399821,-0.03192732819533256
1.0,0.20706794347495056,0.75192344,-0.03192732819533256
1.0,0.23892007834800466,0.9859154,-0.03192732819533256
1.0,0.09192199849118422,0.9919634,-0.03192732819533256
1.0,0.11888071278471471,0.8613561,-0.03192732819533256
1.0,0.01085594494041942,0.99823403,-0.03192732819533256
1.0,0.025027685977901733,0.65309376,0.0010192415879701766
1.0,0.27209153242577355,0.97682005,0.0010192415879701766
0.0,0.3040897559642669,0.37225616,0.0010192415879701766
0.0,0.018617880683448884,0.14145586,0.0010192415879701766
1.0,0.005511012255133226,0.9942081,0.0010192415879701766
1.0,0.23754538402120115,0.9926749,0.0010192415879701766
1.0,0.4574574456247496,0.45317867,0.0010192415879701766
1.0,1.118195652618441,0.9236071,0.0010192415879701766
1.0,0.01149879844553056,0.951528,0.0010192415879701766
0.0,0.08082214644514253,0.007870163,0.0010192415879701766
1.0,0.1537511043847264,0.96700925,0.0010192415879701766
1.0,0.02517976432293252,0.99046284,0.0010192415879701766
1.0,0.09145926129812652,0.86578304,0.0010192415879701766
0.0,0.03458810152839928,0.04425816,0.0010192415879701766
0.0,0.026234197434388477,0.6184962,-0.08592798117466882
1.0,0.31614572808653724,0.98727554,-0.08592798117466882
1.0,0.6500902013512071,0.36915132,-0.08592798117466882
1.0,0.04882221210469235,0.93463653,-0.08592798117466882
1.0,0.10779810757867514,0.9988757,-0.08592798117466882
1.0,0.43940499261265387,0.70241624,-0.08592798117466882
1.0,0.16473102584601612,0.7992355,-0.08592798117466882
1.0,0.9126594390585905,0.6391475,-0.08592798117466882
1.0,0.05202988513608238,0.9317141,-0.08592798117466882
1.0,0.20703585372267994,0.6608798,-0.08592798117466882
1.0,0.2247349110535509,0.9866376,-0.08592798117466882
1.0,0.10010267403021278,0.99257904,-0.08592798117466882
1.0,0.005858807070141937,0.8852456,-0.08592798117466882
1.0,0.005914048998492775,0.998204,-0.08592798117466882
1.0,0.04755934850066456,0.66443706,-0.033015034462627824
1.0,0.02261166617863377,0.98981583,-0.033015034462627824
1.0,0.35134258525313417,0.75103426,-0.033015034462627824
1.0,0.020684103865424207,0.9590795,-0.033015034462627824
1.0,0.08211783962382818,0.9979171,-0.033015034462627824
1.0,0.45675529169709445,0.7397493,-0.033015034462627824
1.0,0.5687211948862809,0.47606876,-0.033015034462627824
0.0,0.6062133462885827,0.023228576,-0.033015034462627824
1.0,0.07509307093001073,0.9252797,-0.033015034462627824
1.0,0.038935422900093206,0.76862967,-0.033015034462627824
1.0,0.013017645677941878,0.97260135,-0.033015034462627824
0.0,1.0684053833944451,0.063548975,-0.033015034462627824
1.0,0.01775568728446291,0.88159764,-0.033015034462627824
0.0,0.32987440534361295,0.36320925,-0.033015034462627824
1.0,0.0005154586136050263,0.72703844,0.030631342746779477
0.0,0.5289295044416573,0.01929919,0.030631342746779477
0.0,0.8257707543378943,0.17097878,0.030631342746779477
1.0,0.10205979091644406,0.958041,0.030631342746779477
1.0,0.03835579196674567,0.81173396,0.030631342746779477
1.0,0.23361636751269932,0.5040482,0.030631342746779477
1.0,0.0664124525537914,0.4813361,0.030631342746779477
1.0,0.2468511249641675,0.8011996,0.030631342746779477
1.0,0.03563289896031524,0.9810357,0.030631342746779477
0.0,0.13067152569938922,0.10217435,0.030631342746779477
1.0,4.421398770862856,0.059378292,0.030631342746779477
0.0,0.2413412534605234,0.010878957,0.030631342746779477
0.0,0.6111202539447286,0.43010068,0.030631342746779477
1.0,0.01253717288976259,0.9980749,0.030631342746779477
0.0,0.2687283984459523,0.2433625,-0.011307182816679417
1.0,0.3160096762535736,0.9731654,-0.011307182816679417
1.0,0.6761319477743042,0.49071902,-0.011307182816679417
1.0,0.10667404098574569,0.9308918,-0.011307182816679417
1.0,0.06899951446424049,0.998779,-0.011307182816679417
0.0,0.05058647433133983,0.008194914,-0.011307182816679417
1.0,0.7477967486418502,0.33856836,-0.011307182816679417
1.0,0.8362237605180751,0.9406011,-0.011307182816679417
1.0,0.09766849406425121,0.9344069,-0.011307182816679417
1.0,0.0980511593466298,0.9835539,-0.011307182816679417
0.0,3.4672261803027182,0.06718569,-0.011307182816679417
0.0,0.17658740238123896,0.08161304,-0.011307182816679417
1.0,0.28690900381389123,0.81682426,-0.011307182816679417
0.0,0.695617304505287,0.016189266,-0.011307182816679417
1.0,0.011965280747009786,0.71603566,0.029918112366224436
0.0,0.8682596906072847,0.11153023,0.029918112366224436
1.0,1.090132442577822,0.074021906,0.029918112366224436
1.0,0.026472719918729407,0.5011155,0.029918112366224436
1.0,0.19822859675023535,0.86209077,0.029918112366224436
0.0,0.7730192422328657,0.68097883,0.029918112366224436
1.0,0.4028659902196834,0.87928945,0.029918112366224436
1.0,0.41255994499007714,0.27672964,0.029918112366224436
0.0,0.214215111800457,0.18658884,0.029918112366224436
1.0,0.03363477599143725,0.21923284,0.029918112366224436
1.0,0.044747311354431614,0.95500755,0.029918112366224436
1.0,0.03601447615930369,0.9819902,0.029918112366224436
0.0,0.31236606467898453,0.10432469,0.029918112366224436
0.0,0.37195859082864885,0.09033019,0.029918112366224436
1.0,0.05418013945422223,0.5390296,-0.03541293505413723
1.0,0.507519658217689,0.7814729,-0.03541293505413723
1.0,1.1044162364616013,0.21988344,-0.03541293505413723
1.0,0.09606549640471435,0.88701135,-0.03541293505413723
1.0,0.278671704344307,0.8461063,-0.03541293505413723
1.0,0.35825208737714787,0.9939859,-0.03541293505413723
1.0,0.2600704077946738,0.17762835,-0.03541293505413723
1.0,1.1610756654597352,0.96298957,-0.03541293505413723
1.0,0.010342907059428873,0.97816247,-0.03541293505413723
1.0,0.02793285940517687,0.99168664,-0.03541293505413723
1.0,0.1667895575390111,0.97636354,-0.03541293505413723
0.0,0.044249547219808234,0.006727149,-0.03541293505413723
1.0,0.03954545001703871,0.8504415,-0.03541293505413723
1.0,0.022462253515914927,0.99846625,-0.03541293505413723
1.0,0.093580467706296,0.6871183,0.005895959675359275
1.0,0.3472404501864562,0.95060164,0.005895959675359275
1.0,0.4505926684103039,0.36379123,0.005895959675359275
0.0,0.41745127007076804,0.095237345,0.005895959675359275
1.0,0.07717725748061945,0.9945221,0.005895959675359275
0.0,0.08945873295188149,0.15984671,0.005895959675359275
0.0,0.4725326831254581,0.29791036,0.005895959675359275
0.0,0.7748384376155233,0.52554667,0.005895959675359275
0.0,0.324449885094872,0.039304845,0.005895959675359275
1.0,0.15978674930821538,0.76604617,0.005895959675359275
1.0,0.1720083954242842,0.9507465,0.005895959675359275
1.0,0.20695709977251267,0.0481927,0.005895959675359275
1.0,0.12714130958284475,0.82803994,0.005895959675359275
0.0,0.17737939553953835,0.051197834,0.005895959675359275
1.0,0.06990177803371542,0.45445102,0.017707066636139412
1.0,0.0815025750647614,0.99245185,0.017707066636139412
0.0,0.5970427587856972,0.36333302,0.017707066636139412
1.0,0.012957483935794434,0.9387754,0.017707066636139412
1.0,0.02235549361104169,0.9979911,0.017707066636139412
1.0,0.51229797883908,0.85173976,0.017707066636139412
1.0,0.17940699634555482,0.79920185,0.017707066636139412
0.0,0.9278036270966644,0.8224492,0.017707066636139412
0.0,0.280832322522302,0.0191188,0.017707066636139412
1.0,0.1691754179660976,0.6358693,0.017707066636139412
1.0,0.053811796878616786,0.9877642,0.017707066636139412
0.0,0.3195866672435471,0.021608744,0.017707066636139412
1.0,0.07347478085646397,0.85977334,0.017707066636139412
1.0,0.02487375021414781,0.9981937,0.017707066636139412
0.0,0.29688407924114557,0.3846428,0.06285880352170936
0.0,0.3350700309385331,0.37217206,0.06285880352170936
1.0,1.1911776354739978,0.944538,0.06285880352170936
1.0,0.0561175254388646,0.97303504,0.06285880352170936
0.0,0.0009966935432182025,0.008847723,0.06285880352170936
1.0,0.24045697724024181,0.9905929,0.06285880352170936
1.0,0.24611418373960237,0.56894445,0.06285880352170936
1.0,0.7725763815396891,0.9094946,0.06285880352170936
0.0,0.06629455497663866,0.019564418,0.06285880352170936
1.0,0.17034614806209325,0.48852664,0.06285880352170936
0.0,0.5741618908571932,0.050332863,0.06285880352170936
0.0,0.539788416596696,0.006693066,0.06285880352170936
1.0,0.5642131810812892,0.6226383,0.06285880352170936
1.0,0.007910096926076228,0.9981817,0.06285880352170936
1.0,0.021125799523032736,0.68727195,-0.00712448754851841
1.0,0.003583011189442445,0.9957419,-0.00712448754851841
1.0,1.320786513350738,0.9592833,-0.00712448754851841
1.0,0.12179904445644228,0.9726759,-0.00712448754851841
1.0,0.13486538729567332,0.9985892,-0.00712448754851841
1.0,0.43217773410433535,0.98940396,-0.00712448754851841
1.0,0.5116913652155077,0.7676124,-0.00712448754851841
1.0,0.7655530729368868,0.92179286,-0.00712448754851841
1.0,0.008117290684354793,0.95292073,-0.00712448754851841
1.0,0.14423914512014227,0.4134994,-0.00712448754851841
1.0,0.20409085836482047,0.99229467,-0.00712448754851841
1.0,0.210253293598568,0.9944342,-0.00712448754851841
1.0,0.8587504316214477,0.77177465,-0.00712448754851841
1.0,0.1096634099324541,0.09098397,-0.00712448754851841
1.0,0.08485221123950655,0.64972806,-0.05158676889550712
1.0,0.6117065124669091,0.9654615,-0.05158676889550712
1.0,0.6681910967652928,0.62089014,-0.05158676889550712
1.0,0.03544822318723106,0.9235231,-0.05158676889550712
1.0,0.12879372025368124,0.9980769,-0.05158676889550712
1.0,0.2818708308055879,0.87392676,-0.05158676889550712
0.0,0.6658803381850428,0.030946212,-0.05158676889550712
1.0,0.7934940533579525,0.78779197,-0.05158676889550712
1.0,0.03743770578667085,0.96064633,-0.05158676889550712
1.0,0.11914007107672422,0.68110603,-0.05158676889550712
1.0,0.09059273141123309,0.973784,-0.05158676889550712
1.0,0.02794449853422009,0.9891623,-0.05158676889550712
0.0,0.7249226874240476,0.32387817,-0.05158676889550712
1.0,0.015782084842644237,0.99717087,-0.05158676889550712
1.0,0.021714586970343053,0.68761486,-0.0708273445097452
1.0,0.012136809241905631,0.99268943,-0.0708273445097452
1.0,0.5164212518683646,0.5788714,-0.0708273445097452
1.0,0.01752129253872643,0.15488623,-0.0708273445097452
1.0,0.057615076592582894,0.9965533,-0.0708273445097452
1.0,0.3293187609137969,0.9961612,-0.0708273445097452
1.0,0.076989022966081,0.77162105,-0.0708273445097452
1.0,0.910909053517825,0.98968035,-0.0708273445097452
1.0,0.03172038813896846,0.97617155,-0.0708273445097452
1.0,0.034800478380761835,0.99458814,-0.0708273445097452
1.0,0.20691817425471462,0.9774958,-0.0708273445097452
1.0,0.01176100467377596,0.9881021,-0.0708273445097452
1.0,0.10172749354576148,0.84001005,-0.0708273445097452
1.0,0.03221818759421099,0.99792993,-0.0708273445097452
0.0,0.0675939775302142,0.5288893,-0.06001083160224474
0.0,0.9984570088018341,0.004680663,-0.06001083160224474
1.0,0.6494956290724091,0.39112565,-0.06001083160224474
1.0,0.03140374093887178,0.97694165,-0.06001083160224474
1.0,0.07975239713515282,0.83529466,-0.06001083160224474
0.0,0.17456567848629112,0.010353186,-0.06001083160224474
1.0,0.3932581113082513,0.5800991,-0.06001083160224474
1.0,1.14157798396753,0.8014767,-0.06001083160224474
1.0,0.04449082220588883,0.96451837,-0.06001083160224474
0.0,0.15648768948770048,0.015179994,-0.06001083160224474
1.0,0.10862390471247217,0.9766649,-0.06001083160224474
1.0,0.13683174176099444,0.99127674,-0.06001083160224474
1.0,0.6121253132390467,0.31111297,-0.06001083160224474
1.0,0.029104171529584423,0.99815494,-0.06001083160224474
1.0,0.008022950616947496,0.70808715,-0.08273865697520982
1.0,0.2828186641747796,0.9910182,-0.08273865697520982
0.0,0.36846933752753736,0.33671862,-0.08273865697520982
1.0,0.04417150445173672,0.9143141,-0.08273865697520982
1.0,0.0174242234340654,0.99847347,-0.08273865697520982
1.0,0.3874568709638818,0.994076,-0.08273865697520982
0.0,0.05812233723400883,0.4287692,-0.08273865697520982
1.0,0.9990083556335054,0.96737266,-0.08273865697520982
1.0,0.05281191046189352,0.9691551,-0.08273865697520982
1.0,0.03657450530648213,0.979786,-0.08273865697520982
1.0,0.16270573961360663,0.9811755,-0.08273865697520982
1.0,0.026033975662417014,0.9901036,-0.08273865697520982
1.0,0.1113228641309263,0.8545354,-0.08273865697520982
1.0,0.04814086953226537,0.99852055,-0.08273865697520982
0.0,0.04422966726988901,0.73664063,-0.0710834195587971
1.0,0.0340866792487794,0.9931346,-0.0710834195587971
1.0,0.7047353619878786,0.37934372,-0.0710834195587971
1.0,0.03158902328115563,0.90243566,-0.0710834195587971
1.0,0.06489556231694692,0.99761945,-0.0710834195587971
0.0,0.3239432845950757,0.40193093,-0.0710834195587971
0.0,0.6757431489390348,0.25585198,-0.0710834195587971
1.0,1.1802775545649153,0.2490047,-0.0710834195587971
1.0,0.03308321487855968,0.97085595,-0.0710834195587971
0.0,0.13368476254370787,0.04929249,-0.0710834195587971
1.0,0.17566377100525649,0.9838447,-0.0710834195587971
1.0,0.03363320459094277,0.9939441,-0.0710834195587971
1.0,0.015376852849666835,0.8813921,-0.0710834195587971
1.0,0.027930257656370184,0.9982089,-0.0710834195587971
1.0,0.035821955647641734,0.7120461,0.02933612098168814
1.0,0.6959613702666556,0.9941432,0.02933612098168814
1.0,1.2619201651255445,0.8574468,0.02933612098168814
1.0,0.07527841386568501,0.50876737,0.02933612098168814
1.0,0.013752827921497502,0.9969926,0.02933612098168814
1.0,0.47811066965085003,0.97644114,0.02933612098168814
1.0,0.29766700147649483,0.7570922,0.02933612098168814
1.0,0.6529108935480232,0.88572395,0.02933612098168814
1.0,0.06821736248390459,0.952802,0.02933612098168814
1.0,0.15705123018946435,0.44848937,0.02933612098168814
1.0,0.03360316786478498,0.9867313,0.02933612098168814
1.0,0.16013870859929402,0.9850167,0.02933612098168814
1.0,0.7456269113774048,0.6099877,0.02933612098168814
0.0,0.21557897765620476,0.043689735,0.02933612098168814
0.0,0.16432684942110568,0.3017397,-0.07937385275996572
0.0,0.31055860171725974,0.15536603,-0.07937385275996572
1.0,1.358724484932963,0.63646865,-0.07937385275996572
1.0,0.008706422896987228,0.96975905,-0.07937385275996572
1.0,0.10771514195599705,0.48706225,-0.07937385275996572
1.0,0.5420519298003833,0.9634863,-0.07937385275996572
1.0,0.5663501703649152,0.551463,-0.07937385275996572
1.0,0.5677287263782475,0.8039801,-0.07937385275996572
1.0,0.027711107426511818,0.95980936,-0.07937385275996572
0.0,0.18483346423289548,0.44243518,-0.07937385275996572
1.0,0.17659025640449827,0.9751177,-0.07937385275996572
1.0,0.10594863589907477,0.9950236,-0.07937385275996572
1.0,0.037128251351129966,0.82071847,-0.07937385275996572
1.0,0.0010518404603262034,0.9981787,-0.07937385275996572
1.0,0.026170268702487127,0.2841305,0.046395275083490284
0.0,0.3477279995829052,0.020419907,0.046395275083490284
1.0,0.9321552504557138,0.9561171,0.046395275083490284
1.0,0.02302467342851646,0.9747278,0.046395275083490284
1.0,0.0014609511767556406,0.48847565,0.046395275083490284
1.0,0.45447153422120423,0.99180615,0.046395275083490284
1.0,0.616396490498517,0.71520144,0.046395275083490284
1.0,0.23749153953812016,0.915828,0.046395275083490284
1.0,0.03666223523643179,0.9503185,0.046395275083490284
0.0,0.12759079229198686,0.47493544,0.046395275083490284
0.0,4.912852947644994,0.050976392,0.046395275083490284
1.0,0.6730091792121708,0.992879,0.046395275083490284
1.0,0.6953775403715166,0.7805335,0.046395275083490284
0.0,0.03972272595051767,0.009593673,0.046395275083490284
1.0,0.09914804306597269,0.6395362,-0.0043217883958422965
1.0,0.02868657599026771,0.9940183,-0.0043217883958422965
1.0,1.0770620540878473,0.74457854,-0.0043217883958422965
1.0,0.03685269316220277,0.9461297,-0.0043217883958422965
1.0,0.040218972576774564,0.9988906,-0.0043217883958422965
1.0,0.3539648135134644,0.85246116,-0.0043217883958422965
0.0,0.5219852412120521,0.58782834,-0.0043217883958422965
0.0,1.4809226571885394,0.014516316,-0.0043217883958422965
0.0,0.21804006643582527,0.024979454,-0.0043217883958422965
1.0,0.06012991991339944,0.33059454,-0.0043217883958422965
1.0,0.14841260019319902,0.9838434,-0.0043217883958422965
1.0,0.0548803558413772,0.99371344,-0.0043217883958422965
1.0,0.5163358201863534,0.13850696,-0.0043217883958422965
1.0,0.030696828671783853,0.99864644,-0.0043217883958422965
0.0,0.09935359479904257,0.002841199,-0.07249325884726554
1.0,0.10856806057148025,0.90988773,-0.07249325884726554
1.0,0.5890130541095248,0.44235733,-0.07249325884726554
1.0,0.024813242421908584,0.92378914,-0.07249325884726554
1.0,0.0667485399666297,0.98099434,-0.07249325884726554
1.0,0.4230914472364912,0.81118315,-0.07249325884726554
1.0,0.6995713006470153,0.16434318,-0.07249325884726554
1.0,0.7923570877275503,0.86204064,-0.07249325884726554
1.0,0.11653888899809942,0.96887904,-0.07249325884726554
1.0,0.08733614246902986,0.680685,-0.07249325884726554
0.0,0.6158723580259314,0.033340618,-0.07249325884726554
1.0,0.0036218298688921115,0.9884284,-0.07249325884726554
1.0,0.5274134775653713,0.26565704,-0.07249325884726554
1.0,0.008388641310212865,0.9974343,-0.07249325884726554
1.0,0.11912574300801704,0.5951717,-0.024636313866966242
1.0,0.2758379294545968,0.89563376,-0.024636313866966242
1.0,0.6320970861656898,0.47013238,-0.024636313866966242
1.0,0.13469462797698,0.9017011,-0.024636313866966242
0.0,0.3240491775557178,0.010023384,-0.024636313866966242
1.0,0.3647273775070348,0.9945754,-0.024636313866966242
1.0,0.36574887682214163,0.28130022,-0.024636313866966242
1.0,0.8773466446626842,0.9867468,-0.024636313866966242
1.0,0.04288643917972842,0.98313624,-0.024636313866966242
1.0,0.023739064610613047,0.9913044,-0.024636313866966242
1.0,0.05933339603311905,0.9792179,-0.024636313866966242
0.0,0.6964651582690244,0.14067014,-0.024636313866966242
1.0,0.43852576147703476,0.17844075,-0.024636313866966242
1.0,0.04970487166395717,0.9983949,-0.024636313866966242
1.0,0.1569930124101782,0.6699031,-0.021445514717552683
1.0,0.26462724264449905,0.93927485,-0.021445514717552683
1.0,0.5288266016323744,0.4778287,-0.021445514717552683
1.0,0.03867460061518634,0.5418937,-0.021445514717552683
0.0,0.08476253545574587,0.01601273,-0.021445514717552683
0.0,0.06111941657720877,0.07767791,-0.021445514717552683
1.0,0.046043104896381505,0.5977633,-0.021445514717552683
0.0,0.7203745918393863,0.08167214,-0.021445514717552683
1.0,0.0015544623727846534,0.96681523,-0.021445514717552683
1.0,0.11538725141735916,0.7205442,-0.021445514717552683
1.0,0.16425619838618047,0.9612247,-0.021445514717552683
1.0,0.015374698459472997,0.98899394,-0.021445514717552683
0.0,0.6058882471588287,0.37907973,-0.021445514717552683
1.0,0.01837348817082783,0.99831533,-0.021445514717552683
1.0,0.051592728437036224,0.71585554,0.023799587512319142
1.0,0.5552866614785579,0.66801697,0.023799587512319142
1.0,0.4896188558757512,0.5039233,0.023799587512319142
1.0,0.015538535420035927,0.9606109,0.023799587512319142
1.0,0.3593734988657843,0.80154693,0.023799587512319142
0.0,0.2886850813420088,0.3931926,0.023799587512319142
1.0,0.5865286086967009,0.5375249,0.023799587512319142
1.0,1.1535657923224496,0.19458006,0.023799587512319142
1.0,0.018211481727685212,0.9400519,0.023799587512319142
0.0,0.12491813145305396,0.1759795,0.023799587512319142
1.0,0.1501858546902655,0.9799172,0.023799587512319142
1.0,0.02653594364782239,0.992816,0.023799587512319142
1.0,0.03255965918098615,0.8285826,0.023799587512319142
0.0,0.11662452023580887,0.014570941,0.023799587512319142
1.0,0.03491114536508683,0.6990326,-0.07035657608247786
1.0,0.3187071747759627,0.99313676,-0.07035657608247786
1.0,0.6821123225659605,0.23826483,-0.07035657608247786
1.0,0.08687371747502697,0.95167816,-0.07035657608247786
1.0,0.015022265150479986,0.9983712,-0.07035657608247786
0.0,0.4256910615744375,0.01265228,-0.07035657608247786
1.0,0.19472662817896044,0.74649334,-0.07035657608247786
1.0,0.8715244448132553,0.4511318,-0.07035657608247786
1.0,0.21416127890215247,0.4198906,-0.07035657608247786
1.0,0.06504730626497704,0.75814724,-0.07035657608247786
1.0,0.26381002596430336,0.98830867,-0.07035657608247786
1.0,0.12068234490355663,0.99161583,-0.07035657608247786
1.0,0.03493106792221182,0.8676839,-0.07035657608247786
1.0,0.026583233446979597,0.99836427,-0.07035657608247786
0.0,0.26923948058698294,0.5768557,-0.05609086448738215
0.0,0.29623094335179756,0.8602721,-0.05609086448738215
1.0,1.2488397745121962,0.22176085,-0.05609086448738215
1.0,0.0855677758299045,0.9150881,-0.05609086448738215
1.0,0.027229289927869483,0.9710005,-0.05609086448738215
1.0,0.45787207966932186,0.9366829,-0.05609086448738215
0.0,0.6399976238964619,0.61297107,-0.05609086448738215
1.0,1.2169769984547998,0.18205196,-0.05609086448738215
1.0,0.01572430658104491,0.97244805,-0.05609086448738215
0.0,0.020210847873753615,0.23657401,-0.05609086448738215
1.0,0.19863747445436253,0.94240576,-0.05609086448738215
1.0,0.07287526450401918,0.990467,-0.05609086448738215
1.0,0.05057511556542823,0.8356562,-0.05609086448738215
1.0,0.0012290763943985476,0.998058,-0.05609086448738215
1.0,0.04584707277426667,0.7089327,-0.07952985950132824
0.0,0.7068663711150451,0.012840518,-0.07952985950132824
1.0,0.5350112232962803,0.6133264,-0.07952985950132824
1.0,0.06158226728100806,0.9216579,-0.07952985950132824
1.0,0.031168441908855267,0.47040197,-0.07952985950132824
1.0,0.4073717160868014,0.9940952,-0.07952985950132824
1.0,0.04016096123602953,0.30670357,-0.07952985950132824
1.0,0.8215513218597565,0.9672112,-0.07952985950132824
1.0,0.03978576847556331,0.9747405,-0.07952985950132824
1.0,0.03136275684964607,0.9855283,-0.07952985950132824
1.0,0.11586393172238285,0.96049696,-0.07952985950132824
1.0,0.023164752283318976,0.9874663,-0.07952985950132824
1.0,0.3760740726896181,0.3908261,-0.07952985950132824
1.0,0.03782078772479319,0.9975291,-0.07952985950132824
0.0,0.0006883599003480734,0.6708478,-0.02737976581644691
1.0,0.644090090898453,0.9706162,-0.02737976581644691
1.0,0.7827020395675163,0.42031518,-0.02737976581644691
1.0,0.08334329974481429,0.8942746,-0.02737976581644691
1.0,0.06138733576779064,0.9958663,-0.02737976581644691
1.0,0.31782318260721165,0.88413244,-0.02737976581644691
1.0,0.21285654194569043,0.84288955,-0.02737976581644691
1.0,0.7586805510373691,0.81043595,-0.02737976581644691
1.0,0.06469037068915452,0.91720927,-0.02737976581644691
1.0,0.19256605839401542,0.7340052,-0.02737976581644691
1.0,0.116692944199168,0.9733531,-0.02737976581644691
1.0,0.11197044270681067,0.9886284,-0.02737976581644691
1.0,0.02900983448801578,0.8730723,-0.02737976581644691
0.0,0.4812626106005069,0.016641535,-0.02737976581644691
1.0,0.00963641361329661,0.3530587,-0.06493349632308526
1.0,0.29316561610255193,0.78139967,-0.06493349632308526
1.0,0.47948575528302173,0.56867534,-0.06493349632308526
1.0,0.06690790261055389,0.93911475,-0.06493349632308526
0.0,0.4079947050878771,0.008331502,-0.06493349632308526
1.0,0.20331290225557755,0.9965575,-0.06493349632308526
1.0,0.005173086663867548,0.80404145,-0.06493349632308526
1.0,0.8872014075904585,0.98852205,-0.06493349632308526
1.0,0.050211197617107815,0.9771842,-0.06493349632308526
1.0,0.03675379859325383,0.99437064,-0.06493349632308526
1.0,0.19896028683119638,0.98484707,-0.06493349632308526
1.0,0.017248749679331737,0.99110025,-0.06493349632308526
1.0,0.03410930942096019,0.8429408,-0.06493349632308526
1.0,0.039101741552276026,0.9985196,-0.06493349632308526
1.0,0.14034706304115754,0.30313283,0.02882085061080708
1.0,0.022593776085175855,0.99333763,0.02882085061080708
1.0,1.3171901020702605,0.8540594,0.02882085061080708
0.0,0.08434160932395764,0.25198606,0.02882085061080708
1.0,0.045056798025463515,0.9971288,0.02882085061080708
1.0,0.45057074981046297,0.97919333,0.02882085061080708
0.0,0.2928579934207127,0.71521115,0.02882085061080708
1.0,0.7993545353583809,0.81683296,0.02882085061080708
1.0,0.05532132777199433,0.9271465,0.02882085061080708
1.0,0.1199232226154039,0.2965683,0.02882085061080708
1.0,0.24519641084975538,0.9896494,0.02882085061080708
0.0,0.05966974317995094,0.015367932,0.02882085061080708
1.0,0.015146829877165436,0.74596494,0.02882085061080708
1.0,0.08553459398663067,0.018131973,0.02882085061080708
1.0,0.10589389456084913,0.429692,-0.0836352548492657
1.0,0.2716333063175454,0.9896808,-0.0836352548492657
1.0,0.22959733211543476,0.723054,-0.0836352548492657
1.0,0.025433157691098225,0.97477394,-0.0836352548492657
1.0,0.11535742573809754,0.99887997,-0.0836352548492657
0.0,0.34996561116529,0.22089434,-0.0836352548492657
1.0,0.4662482335372329,0.5747271,-0.0836352548492657
1.0,1.1523155232154072,0.30556053,-0.0836352548492657
1.0,0.043574647367143206,0.9651147,-0.0836352548492657
1.0,0.08080470555014765,0.89895755,-0.0836352548492657
1.0,0.18531593908641195,0.98705775,-0.0836352548492657
0.0,0.13031488295158533,0.013157473,-0.0836352548492657
1.0,0.04995964183353112,0.90016764,-0.0836352548492657
1.0,0.040506003052266946,0.9985989,-0.0836352548492657
1.0,0.06876436092310251,0.6617967,-0.05498990677799753
1.0,0.69748257967144,0.66105425,-0.05498990677799753
0.0,0.493905539097168,0.49141574,-0.05498990677799753
0.0,0.3762507051822821,0.057953317,-0.05498990677799753
1.0,0.20815732275540513,0.53437275,-0.05498990677799753
1.0,0.31092820217349565,0.91022754,-0.05498990677799753
1.0,0.002895560953135561,0.47957924,-0.05498990677799753
0.0,0.7874767179837006,0.038881857,-0.05498990677799753
1.0,0.08485618015303602,0.94053364,-0.05498990677799753
1.0,0.051895911644128906,0.96993285,-0.05498990677799753
1.0,0.20447913279656052,0.9684179,-0.05498990677799753
1.0,0.151394300973345,0.9850697,-0.05498990677799753
1.0,0.05616330361080503,0.82503146,-0.05498990677799753
1.0,0.013938032484328032,0.9959739,-0.05498990677799753
1.0,0.028853489343016455,0.7351567,-0.11417015729986785
1.0,0.2721259948064184,0.99281526,-0.11417015729986785
1.0,0.7028974724759707,0.3911062,-0.11417015729986785
1.0,0.0481297413352949,0.9572363,-0.11417015729986785
1.0,0.03791952453054872,0.99850935,-0.11417015729986785
1.0,0.21204005745104654,0.9949515,-0.11417015729986785
1.0,0.3525782742023301,0.613256,-0.11417015729986785
1.0,0.9821022054930997,0.9861794,-0.11417015729986785
1.0,0.059271032947810304,0.9717173,-0.11417015729986785
1.0,0.035436588751119664,0.99298155,-0.11417015729986785
1.0,0.1671595956425825,0.98099846,-0.11417015729986785
1.0,0.0032348398870139044,0.9906922,-0.11417015729986785
1.0,0.13500516768356915,0.86309254,-0.11417015729986785
1.0,0.04955199426864642,0.9985684,-0.11417015729986785
1.0,0.02222809988284447,0.72813535,-0.020299187399164587
1.0,0.03382538438730342,0.9937337,-0.020299187399164587
1.0,0.4317988905020528,0.04894208,-0.020299187399164587
1.0,0.06462449085061403,0.9204996,-0.020299187399164587
1.0,0.06599948779497311,0.9983742,-0.020299187399164587
1.0,0.41373699361947547,0.86348367,-0.020299187399164587
1.0,0.15981410382482658,0.7267256,-0.020299187399164587
1.0,0.8145905566860079,0.72236156,-0.020299187399164587
1.0,0.053791434640297044,0.9560638,-0.020299187399164587
1.0,0.19315245449581647,0.67997926,-0.020299187399164587
1.0,0.18538359955114464,0.99206924,-0.020299187399164587
1.0,0.1037496023914271,0.9938101,-0.020299187399164587
0.0,0.7176059238341113,0.59261966,-0.020299187399164587
1.0,0.0062518268194494,0.9984048,-0.020299187399164587
1.0,0.008138393064366978,0.6840043,-0.04701317669660182
1.0,0.14376662442584023,0.8938885,-0.04701317669660182
1.0,0.5892143262053445,0.6150497,-0.04701317669660182
1.0,0.15961312072017592,0.890431,-0.04701317669660182
1.0,0.0516697660270991,0.98153955,-0.04701317669660182
1.0,0.5725011916150656,0.9941321,-0.04701317669660182
1.0,0.4902381338990348,0.5834466,-0.04701317669660182
1.0,0.9507609835619613,0.9845197,-0.04701317669660182
1.0,0.02719176920001683,0.9625721,-0.04701317669660182
1.0,0.03428508811119172,0.9886685,-0.04701317669660182
1.0,0.21285784716193792,0.9581139,-0.04701317669660182
0.0,0.06652559945167368,0.017254004,-0.04701317669660182
1.0,0.10860266685015421,0.8191472,-0.04701317669660182
1.0,0.22900831957844422,0.06740533,-0.04701317669660182
1.0,0.040528917133230764,0.7103203,-0.04420397297998774
0.0,0.14966659188889575,0.30002755,-0.04420397297998774
1.0,0.13199183819171245,0.59280187,-0.04420397297998774
1.0,0.055385289358180906,0.95888567,-0.04420397297998774
0.0,0.16634798436753787,0.085013695,-0.04420397297998774
0.0,0.08227692511098961,0.046392266,-0.04420397297998774
1.0,0.2516978163306871,0.6495361,-0.04420397297998774
1.0,0.8259155164718069,0.40446565,-0.04420397297998774
1.0,0.04970144211523362,0.9644344,-0.04420397297998774
0.0,0.14132749345643641,0.4069867,-0.04420397297998774
1.0,0.18985603714356114,0.9824206,-0.04420397297998774
1.0,0.002826440563232765,0.9893265,-0.04420397297998774
0.0,0.6690594181017465,0.18723455,-0.04420397297998774
1.0,0.022120436142848005,0.9976907,-0.04420397297998774
1.0,0.009331384771615495,0.74446553,-0.03034082338844568
1.0,0.3220983206297265,0.992706,-0.03034082338844568
0.0,0.5970816384073534,0.22511108,-0.03034082338844568
0.0,0.07221047325345092,0.28109902,-0.03034082338844568
1.0,0.09791402703515449,0.9981852,-0.03034082338844568
1.0,0.3936836898993954,0.87740844,-0.03034082338844568
1.0,0.48962537551215407,0.65336347,-0.03034082338844568
1.0,0.8988359456509204,0.58471894,-0.03034082338844568
1.0,0.019469401098927794,0.934761,-0.03034082338844568
0.0,0.18187325912091915,0.43529454,-0.03034082338844568
1.0,0.1834554585906315,0.98912245,-0.03034082338844568
1.0,0.0019797667726156685,0.99288344,-0.03034082338844568
0.0,0.643620322761679,0.15201959,-0.03034082338844568
1.0,0.06449779937666969,0.013088499,-0.03034082338844568
1.0,0.17111396746935104,0.7006114,-0.06215327861178488
1.0,0.010419579929504737,0.99179393,-0.06215327861178488
1.0,0.5787126544219491,0.57494503,-0.06215327861178488
0.0,0.23290204693743238,0.2687459,-0.06215327861178488
1.0,0.025833652821629742,0.99688077,-0.06215327861178488
1.0,0.2955884658079623,0.6903742,-0.06215327861178488
1.0,0.5614006847080307,0.28286377,-0.06215327861178488
0.0,0.6907275550342162,0.038413417,-0.06215327861178488
1.0,0.07666366375984707,0.95733637,-0.06215327861178488
1.0,0.028746044118348156,0.8955521,-0.06215327861178488
1.0,0.17094029318650275,0.96280986,-0.06215327861178488
1.0,0.0882388091835481,0.98665154,-0.06215327861178488
0.0,0.08184257165677902,0.8328447,-0.06215327861178488
1.0,0.03143397650005971,0.9974253,-0.06215327861178488
1.0,0.016358008713397064,0.5800392,0.020241909000516256
0.0,0.6110874198499662,0.70955503,0.020241909000516256
1.0,0.3898254443908372,0.4890322,0.020241909000516256
1.0,0.09480866449701499,0.90748674,0.020241909000516256
0.0,0.30206927398435746,0.01655984,0.020241909000516256
1.0,0.3112744292680157,0.99530894,0.020241909000516256
1.0,0.617895695911281,0.7759591,0.020241909000516256
1.0,0.8560371583633587,0.9731179,0.020241909000516256
0.0,0.0789146702797964,0.18548802,0.020241909000516256
1.0,0.0025045139953906847,0.96440005,0.020241909000516256
1.0,0.17649651271522435,0.9448571,0.020241909000516256
1.0,0.11826351543920739,0.98879075,0.020241909000516256
0.0,0.7734926681459033,0.11039505,0.020241909000516256
1.0,0.054500069812982145,0.08050836,0.020241909000516256
1.0,0.13590143855702544,0.6263756,-0.049938605549640414
1.0,0.4622403632180043,0.46196952,-0.049938605549640414
1.0,0.5100241990089407,0.5581851,-0.049938605549640414
1.0,0.015343310283107757,0.9653087,-0.049938605549640414
1.0,0.33664028467421764,0.5749724,-0.049938605549640414
1.0,0.2397666171705458,0.79786193,-0.049938605549640414
1.0,0.013438691010537546,0.5983609,-0.049938605549640414
1.0,0.7613060974009833,0.8006358,-0.049938605549640414
1.0,0.015936280373818088,0.9689389,-0.049938605549640414
0.0,0.11629940309537873,0.38347676,-0.049938605549640414
1.0,0.1926692976674474,0.9769776,-0.049938605549640414
1.0,0.06829660277463483,0.9934297,-0.049938605549640414
1.0,0.00757979289136821,0.83934563,-0.049938605549640414
1.0,0.022022767700268266,0.998211,-0.049938605549640414
1.0,0.011569811646878887,0.7091089,-0.0006674101298115298
1.0,0.3215339204553683,0.8318305,-0.0006674101298115298
1.0,0.5716667901093443,0.5483619,-0.0006674101298115298
1.0,0.24238280938562534,0.16794656,-0.0006674101298115298
0.0,0.4796856398980978,0.0036097723,-0.0006674101298115298
1.0,0.4874690439012737,0.80616945,-0.0006674101298115298
0.0,0.45472973118047394,0.014973914,-0.0006674101298115298
1.0,0.9024711143483384,0.8488622,-0.0006674101298115298
1.0,0.016470597352099724,0.96347535,-0.0006674101298115298
1.0,0.2135978060856635,0.534084,-0.0006674101298115298
0.0,1.0563940670993643,0.034402136,-0.0006674101298115298
1.0,0.029517660877190394,0.99157023,-0.0006674101298115298
1.0,0.1047948096497013,0.8648714,-0.0006674101298115298
1.0,0.013495551961042178,0.9972662,-0.0006674101298115298
0.0,0.2289951759874939,0.06778693,-0.010749097418113529
1.0,0.29893518672305125,0.9901073,-0.010749097418113529
1.0,1.3143224613451099,0.9225755,-0.010749097418113529
1.0,0.06839347442254996,0.9768445,-0.010749097418113529
1.0,0.17042655208126886,0.99813277,-0.010749097418113529
1.0,0.5644119297644213,0.98465663,-0.010749097418113529
1.0,0.001966097039806421,0.5730709,-0.010749097418113529
1.0,0.7915480644248427,0.856972,-0.010749097418113529
0.0,0.11927430141826864,0.01932143,-0.010749097418113529
0.0,0.21628156475562496,0.119148865,-0.010749097418113529
1.0,0.2181818963795509,0.9912236,-0.010749097418113529
1.0,0.14696825960416238,0.9928531,-0.010749097418113529
1.0,0.11044967591638402,0.78111166,-0.010749097418113529
1.0,0.006710570465033369,0.99832684,-0.010749097418113529
1.0,0.06639134683456521,0.4391795,-0.039530830681965834
1.0,0.2804321977724663,0.9934796,-0.039530830681965834
1.0,0.25095493277418435,0.66423315,-0.039530830681965834
1.0,0.04776461310838569,0.17233667,-0.039530830681965834
1.0,0.06129672523907564,0.9987692,-0.039530830681965834
1.0,0.37020930057356954,0.99110377,-0.039530830681965834
0.0,0.0020719315403189493,0.7786995,-0.039530830681965834
0.0,1.1775991687131158,0.94945365,-0.039530830681965834
0.0,0.017387249196361452,0.025698105,-0.039530830681965834
1.0,0.057025285867665566,0.008605371,-0.039530830681965834
1.0,0.1873706978506293,0.97707,-0.039530830681965834
1.0,0.00451710349926787,0.9879754,-0.039530830681965834
1.0,0.007597304108972046,0.86360055,-0.039530830681965834
1.0,0.0053656345918087905,0.9983486,-0.039530830681965834
0.0,0.11958858860814357,0.08342863,-0.010141096467926047
1.0,0.578054803113584,0.048789144,-0.010141096467926047
1.0,0.10263482112166278,0.58920765,-0.010141096467926047
1.0,0.21137294900887604,0.9348062,-0.010141096467926047
0.0,0.3347940004856722,0.54140246,-0.010141096467926047
1.0,0.5957384445576434,0.99488056,-0.010141096467926047
0.0,0.5942038407475172,0.8267298,-0.010141096467926047
1.0,0.7151046615965386,0.8095378,-0.010141096467926047
1.0,0.06452055500348303,0.97357994,-0.010141096467926047
0.0,0.027178740648960094,0.008331381,-0.010141096467926047
0.0,4.0481195417651135,0.0660468,-0.010141096467926047
1.0,0.6322003797201066,0.9873138,-0.010141096467926047
1.0,0.09227470352808684,0.81566054,-0.010141096467926047
1.0,0.01523923837797633,0.9968088,-0.010141096467926047
0.0,0.20505395907110838,0.2830347,-0.07604899568252821
1.0,0.026849369715196397,0.99422765,-0.07604899568252821
1.0,1.3726379667591562,0.75944185,-0.07604899568252821
1.0,0.089669564337511,0.97979546,-0.07604899568252821
1.0,0.04169114189932556,0.9986192,-0.07604899568252821
1.0,0.49711551688498334,0.97192335,-0.07604899568252821
1.0,0.0410653181017649,0.5706613,-0.07604899568252821
1.0,0.5770866029249692,0.7993765,-0.07604899568252821
1.0,0.018774170094447276,0.96668655,-0.07604899568252821
1.0,0.10691993686158412,0.498929,-0.07604899568252821
1.0,0.15990697613175642,0.98433846,-0.07604899568252821
1.0,0.10906936576582141,0.9953295,-0.07604899568252821
1.0,0.008042736332598189,0.759495,-0.07604899568252821
1.0,0.02842641463597336,0.9983303,-0.07604899568252821
0.0,0.14375681647614458,0.0025475635,0.04024845583712833
1.0,0.5472064522816532,0.2717288,0.04024845583712833
1.0,0.6066817328273487,0.6073026,0.04024845583712833
0.0,0.6141724887536565,0.115730405,0.04024845583712833
0.0,0.026734998611196846,0.3677654,0.04024845583712833
1.0,0.2785685522129503,0.99471337,0.04024845583712833
0.0,0.08903528579396656,0.31697547,0.04024845583712833
1.0,0.7809522997269014,0.98600024,0.04024845583712833
0.0,0.009875366005457973,0.038388245,0.04024845583712833
1.0,0.023263061556752236,0.992149,0.04024845583712833
1.0,0.23906982639907337,0.9469856,0.04024845583712833
1.0,1.2213282130427576,0.34079984,0.04024845583712833
1.0,0.11756325875373212,0.80225885,0.04024845583712833
0.0,0.25217557786108274,0.037508547,0.04024845583712833
1.0,0.1167213046355239,0.59264725,-0.03750307079901927
1.0,0.4815585310109107,0.76500255,-0.03750307079901927
1.0,1.0568619655670985,0.23398316,-0.03750307079901927
1.0,0.1338520633963323,0.952041,-0.03750307079901927
1.0,0.29052367802504303,0.77619886,-0.03750307079901927
1.0,0.2116998684333563,0.98475075,-0.03750307079901927
0.0,0.48075314649040807,0.29890236,-0.03750307079901927
1.0,1.166015162378525,0.9557489,-0.03750307079901927
0.0,0.26503823688230216,0.03406675,-0.03750307079901927
1.0,0.01743376995936149,0.98699063,-0.03750307079901927
1.0,0.2005498989256152,0.96860206,-0.03750307079901927
1.0,0.09020527553594068,0.9895337,-0.03750307079901927
1.0,0.05723442450368409,0.857418,-0.03750307079901927
0.0,0.8025272205846455,0.08665589,-0.03750307079901927
1.0,0.00630093862839682,0.72877806,-0.011146028398364594
1.0,0.002538897921285725,0.99494827,-0.011146028398364594
1.0,1.1960258313624477,0.71897596,-0.011146028398364594
0.0,0.4548829663668715,0.031366263,-0.011146028398364594
1.0,0.0183721418822613,0.99836415,-0.011146028398364594
1.0,0.45093992350608125,0.920448,-0.011146028398364594
0.0,0.30578716289316016,0.32550016,-0.011146028398364594
1.0,0.7548572749195097,0.3418944,-0.011146028398364594
1.0,0.2547341362782805,0.5007596,-0.011146028398364594
1.0,0.221172484078975,0.6248562,-0.011146028398364594
1.0,0.21303151195566,0.9843369,-0.011146028398364594
1.0,0.12481825805551171,0.9939606,-0.011146028398364594
1.0,0.8064093216797737,0.49955967,-0.011146028398364594
1.0,0.0008368837972604056,0.998123,-0.011146028398364594
1.0,0.019243298329056756,0.57951295,0.012435462688655252
0.0,0.5702160909118827,0.031187413,0.012435462688655252
1.0,0.8240147633442301,0.3792151,0.012435462688655252
0.0,0.09375780747214474,0.3900986,0.012435462688655252
1.0,0.05699851621520063,0.75189334,0.012435462688655252
0.0,0.3562803828245729,0.18668224,0.012435462688655252
0.0,0.5592221594905827,0.40592125,0.012435462688655252
0.0,0.7932300218179923,0.29351738,0.012435462688655252
1.0,0.05290743400881219,0.96648604,0.012435462688655252
0.0,0.21126077175581692,0.1919816,0.012435462688655252
1.0,0.1600157859628505,0.97633547,0.012435462688655252
1.0,0.49202889547229467,0.026639687,0.012435462688655252
1.0,0.46967465529874514,0.3202981,0.012435462688655252
1.0,0.030947359665537452,0.9978046,0.012435462688655252
0.0,0.09968141375984306,0.14525948,0.010427395162265096
1.0,0.7387817834024847,0.6531358,0.010427395162265096
1.0,1.2481472930038628,0.52442133,0.010427395162265096
1.0,0.13135026144194398,0.9787218,0.010427395162265096
1.0,0.1809796108540932,0.5553652,0.010427395162265096
1.0,0.3699147264956852,0.26001495,0.010427395162265096
0.0,0.6071488605072582,0.23657012,0.010427395162265096
1.0,0.7384706674383769,0.81776285,0.010427395162265096
1.0,0.017312897008345325,0.9489267,0.010427395162265096
1.0,0.20754781801826505,0.72216094,0.010427395162265096
1.0,0.1872717319600687,0.98901623,0.010427395162265096
1.0,0.1412589986953919,0.9907419,0.010427395162265096
1.0,0.9741698198337897,0.5202206,0.010427395162265096
1.0,0.01981906254020832,0.9983204,0.010427395162265096
1.0,0.06500334081231082,0.46934873,-0.012021539851558127
1.0,0.5503059370657598,0.6093767,-0.012021539851558127
1.0,0.2743398056283002,0.34264138,-0.012021539851558127
0.0,0.1757516674594532,0.0061911237,-0.012021539851558127
0.0,0.4086284677355598,0.0214774,-0.012021539851558127
0.0,0.5194579576561978,0.004344762,-0.012021539851558127
1.0,0.7843886563483154,0.89051193,-0.012021539851558127
1.0,0.8166115105274491,0.95340204,-0.012021539851558127
1.0,0.02005211409849707,0.97555405,-0.012021539851558127
1.0,0.08282907389670299,0.978835,-0.012021539851558127
1.0,0.02734813042550903,0.88643175,-0.012021539851558127
1.0,0.050722948344024965,0.97802746,-0.012021539851558127
1.0,0.5300071192452597,0.68729615,-0.012021539851558127
1.0,0.004604513880932118,0.99570125,-0.012021539851558127
1.0,0.031035634096173638,0.7219365,-0.09562922433181315
1.0,0.026485177979210267,0.9935561,-0.09562922433181315
1.0,1.3807859779301088,0.695914,-0.09562922433181315
1.0,0.00041509013683941416,0.9388973,-0.09562922433181315
1.0,0.07545128794097389,0.99791867,-0.09562922433181315
1.0,0.384413854677498,0.95957536,-0.09562922433181315
1.0,0.4762295414174994,0.41495264,-0.09562922433181315
1.0,0.6186774486193423,0.8188138,-0.09562922433181315
1.0,0.028851347606131963,0.96778685,-0.09562922433181315
1.0,0.10942467181192933,0.5015565,-0.09562922433181315
1.0,0.1524261501359785,0.9780879,-0.09562922433181315
1.0,0.13086671105093828,0.9908394,-0.09562922433181315
1.0,0.019765692500138744,0.82856363,-0.09562922433181315
1.0,0.024488549340685985,0.9980311,-0.09562922433181315
0.0,0.23229665163496327,0.5982522,-0.012829231458950152
1.0,0.3262288991539613,0.98672163,-0.012829231458950152
1.0,0.7034505503276642,0.51739067,-0.012829231458950152
0.0,0.11422000662148808,0.39659756,-0.012829231458950152
1.0,0.0019706603789172053,0.9974138,-0.012829231458950152
1.0,0.4329098586394303,0.9306414,-0.012829231458950152
1.0,0.1106493684413774,0.59527034,-0.012829231458950152
0.0,0.9064549994442741,0.3465426,-0.012829231458950152
1.0,0.02367129778032507,0.9387717,-0.012829231458950152
1.0,0.03460320029538994,0.17010538,-0.012829231458950152
1.0,0.22470183642773567,0.9586813,-0.012829231458950152
1.0,0.023297754253878238,0.9897335,-0.012829231458950152
1.0,0.15948634200655212,0.8607726,-0.012829231458950152
1.0,0.2218155431378386,0.10955111,-0.012829231458950152
1.0,0.0705321888745441,0.70309347,-0.05176415916903615
1.0,0.05148605572859671,0.9820656,-0.05176415916903615
1.0,0.5774979297493873,0.6197739,-0.05176415916903615
1.0,0.1348309675405279,0.91997063,-0.05176415916903615
1.0,0.06999206605593922,0.9981779,-0.05176415916903615
1.0,0.6860010791272679,0.8205302,-0.05176415916903615
1.0,0.6174377546345226,0.5188197,-0.05176415916903615
0.0,0.6517846429261838,0.053907245,-0.05176415916903615
1.0,0.029165142372287737,0.9744907,-0.05176415916903615
0.0,0.10945592549783778,0.11722168,-0.05176415916903615
1.0,0.64756541633003,0.031084483,-0.05176415916903615
0.0,0.45676917556438607,0.036504205,-0.05176415916903615
1.0,0.4601603288624419,0.31005517,-0.05176415916903615
1.0,0.000640053964522121,0.9979018,-0.05176415916903615
1.0,0.1340272070844375,0.38517764,-0.007992732213580267
0.0,0.7345265455554512,0.0010611457,-0.007992732213580267
1.0,0.5460782906335958,0.5474621,-0.007992732213580267
1.0,0.026904565930711284,0.9327767,-0.007992732213580267
1.0,0.07200583030369279,0.79710233,-0.007992732213580267
1.0,0.23597382188319677,0.9946849,-0.007992732213580267
1.0,0.6269985072845017,0.19021031,-0.007992732213580267
1.0,0.8507246179626619,0.98648095,-0.007992732213580267
1.0,0.09909986453075649,0.20692413,-0.007992732213580267
1.0,0.03490341934138655,0.99280035,-0.007992732213580267
1.0,0.12231480997021014,0.9675522,-0.007992732213580267
1.0,0.09216164192820546,0.027272386,-0.007992732213580267
1.0,0.0893249071156173,0.83943474,-0.007992732213580267
0.0,0.09711132744039817,0.109511554,-0.007992732213580267
0.0,0.08934361694047853,0.0015785785,0.04591297098941527
1.0,0.8078646472928712,0.8365026,0.04591297098941527
1.0,0.27358879232672123,0.4326451,0.04591297098941527
0.0,0.21862973967456178,0.28141704,0.04591297098941527
1.0,0.4340456391971188,0.9024231,0.04591297098941527
1.0,0.3624150052096553,0.99502414,0.04591297098941527
1.0,0.5399059016273398,0.9117303,0.04591297098941527
1.0,1.0080466014470473,0.8027682,0.04591297098941527
0.0,0.1466052047894445,0.114248954,0.04591297098941527
0.0,0.14358267257839152,0.0075107478,0.04591297098941527
1.0,0.0749300818019111,0.90075696,0.04591297098941527
1.0,0.05845370852025345,0.97430307,0.04591297098941527
1.0,0.36067550049265573,0.25846893,0.04591297098941527
0.0,0.0020181465933172557,0.030851569,0.04591297098941527
0.0,0.021757516575311203,0.7264965,0.03841026378819956
1.0,0.3191704045374826,0.9865122,0.03841026378819956
0.0,0.8480256975222196,0.2559568,0.03841026378819956
1.0,0.1323045486907157,0.9477876,0.03841026378819956
1.0,0.008766798274559761,0.9988512,0.03841026378819956
1.0,0.29021173207027945,0.9651765,0.03841026378819956
1.0,0.026465873988287546,0.74568015,0.03841026378819956
1.0,0.7307599054365645,0.90784484,0.03841026378819956
0.0,0.015869012942524862,0.16022925,0.03841026378819956
0.0,0.04154083116739458,0.016034517,0.03841026378819956
0.0,4.243335751637383,0.04658374,0.03841026378819956
1.0,0.6111466230703608,0.9905425,0.03841026378819956
1.0,0.016960180093063056,0.85483456,0.03841026378819956
0.0,0.5091657688717418,0.08638425,0.03841026378819956
1.0,0.06237053566156866,0.59128004,-0.08526668946472371
1.0,0.03857636660512264,0.9945298,-0.08526668946472371
0.0,0.17834358668460976,0.522186,-0.08526668946472371
1.0,0.011551828433290647,0.9458138,-0.08526668946472371
1.0,0.052451125044233056,0.9983884,-0.08526668946472371
1.0,0.37108341425678654,0.9371411,-0.08526668946472371
1.0,0.40164360308409247,0.42175707,-0.08526668946472371
1.0,0.8490954219142275,0.6493001,-0.08526668946472371
1.0,0.05836385998609895,0.9636829,-0.08526668946472371
1.0,0.10339935827881029,0.5848869,-0.08526668946472371
1.0,0.1722997291475947,0.98231226,-0.08526668946472371
1.0,0.022257734250004154,0.98860174,-0.08526668946472371
1.0,0.5349724932142556,0.24846129,-0.08526668946472371
1.0,0.029766620808296597,0.99752146,-0.08526668946472371
1.0,0.06344004468063551,0.4079325,0.0274488313785356
1.0,0.4026792755468422,0.82507724,0.0274488313785356
1.0,0.04368770767628062,0.61392057,0.0274488313785356
1.0,0.13305288748385957,0.95323443,0.0274488313785356
0.0,0.19829400945812237,0.025890246,0.0274488313785356
1.0,0.4852003670862044,0.7831474,0.0274488313785356
1.0,0.14321650514279174,0.67675424,0.0274488313785356
0.0,0.1632963374576666,0.09136492,0.0274488313785356
1.0,0.08465350627350024,0.96837115,0.0274488313785356
1.0,0.002846576149176762,0.95646477,0.0274488313785356
0.0,4.850192004622942,0.03958344,0.0274488313785356
1.0,0.8902585384055394,0.99032027,0.0274488313785356
0.0,0.7164581528520798,0.10938047,0.0274488313785356
1.0,0.024626203661464948,0.9985991,0.0274488313785356
1.0,0.09057413810305869,0.7014703,-5.814147034610695e-05
1.0,0.5560702416746834,0.90479267,-5.814147034610695e-05
1.0,0.5880740804727692,0.6326249,-5.814147034610695e-05
1.0,0.2983787867809009,0.5362328,-5.814147034610695e-05
1.0,0.2535467865686076,0.9254061,-5.814147034610695e-05
1.0,0.2593173555320539,0.9953774,-5.814147034610695e-05
1.0,0.460104032091621,0.8989227,-5.814147034610695e-05
1.0,0.40579154322886596,0.98156345,-5.814147034610695e-05
0.0,0.015642692152065946,0.11496901,-5.814147034610695e-05
1.0,0.033550641095701536,0.9875652,-5.814147034610695e-05
1.0,3.7621216340030577,0.37987524,-5.814147034610695e-05
1.0,0.6599724837897507,0.973511,-5.814147034610695e-05
1.0,0.3457704615828448,0.7343785,-5.814147034610695e-05
1.0,0.007325670080463593,0.99427706,-5.814147034610695e-05
1.0,0.08280302418603874,0.15436839,0.027981266309365593
1.0,0.03457053424269603,0.9950139,0.027981266309365593
1.0,0.6655540755012386,0.4424291,0.027981266309365593
1.0,0.11782911778736965,0.893306,0.027981266309365593
1.0,0.0026303317826803646,0.99877506,0.027981266309365593
1.0,0.2909699937697445,0.63047665,0.027981266309365593
1.0,0.2758343679093763,0.3380131,0.027981266309365593
0.0,0.8561043787545078,0.015231747,0.027981266309365593
1.0,0.15909095462182776,0.3498311,0.027981266309365593
0.0,0.07823899699250046,0.18181695,0.027981266309365593
1.0,0.20082390988112808,0.96882445,0.027981266309365593
0.0,0.24513474924007364,0.014907434,0.027981266309365593
1.0,0.5436232098392383,0.3128422,0.027981266309365593
1.0,0.040880311638175244,0.99862826,0.027981266309365593
1.0,0.181762166417314,0.55837804,-0.08874630215494606
1.0,0.3058253593292019,0.99230134,-0.08874630215494606
1.0,0.1122448484991872,0.7387106,-0.08874630215494606
1.0,0.039747554951750176,0.93743354,-0.08874630215494606
1.0,0.02950639999331882,0.9987935,-0.08874630215494606
1.0,0.25780238349783935,0.6104029,-0.08874630215494606
1.0,0.6391509319544543,0.4681935,-0.08874630215494606
0.0,0.8102273590229973,0.036761623,-0.08874630215494606
1.0,0.02651040674795076,0.9654245,-0.08874630215494606
1.0,0.032079599372178365,0.87734985,-0.08874630215494606
1.0,0.20122093206766814,0.98326254,-0.08874630215494606
1.0,0.11417335334638135,0.99035347,-0.08874630215494606
0.0,0.5879137481584051,0.25399145,-0.08874630215494606
1.0,0.03385555665233961,0.99843127,-0.08874630215494606
1.0,0.08453308434741719,0.41937065,-0.025664602140115234
1.0,0.032307297861103965,0.9928277,-0.025664602140115234
1.0,1.296146893449092,0.2577077,-0.025664602140115234
1.0,0.015591190846489978,0.9363132,-0.025664602140115234
1.0,0.032271977742848276,0.99778074,-0.025664602140115234
0.0,0.26439909693889635,0.56159633,-0.025664602140115234
1.0,0.4751943766749493,0.41402882,-0.025664602140115234
1.0,0.6543190391623318,0.82058513,-0.025664602140115234
0.0,0.28762400321933446,0.018134104,-0.025664602140115234
0.0,0.10820127678879271,0.35886595,-0.025664602140115234
1.0,0.18850439206603806,0.9719757,-0.025664602140115234
1.0,0.1520614393590119,0.98780024,-0.025664602140115234
1.0,0.010397354145266212,0.84629697,-0.025664602140115234
1.0,0.012944252763334552,0.99808025,-0.025664602140115234
0.0,0.0404071912679036,0.6258971,0.08192884075736973
1.0,0.2980857129216223,0.9799039,0.08192884075736973
1.0,0.7222430612862499,0.45643893,0.08192884075736973
1.0,0.03054068233236986,0.849895,0.08192884075736973
1.0,0.06441030921209653,0.9976689,0.08192884075736973
1.0,0.06824006950037965,0.76487297,0.08192884075736973
1.0,0.015251229310847474,0.19647779,0.08192884075736973
1.0,0.34081544971666705,0.79955757,0.08192884075736973
1.0,0.04611946829605302,0.9520797,0.08192884075736973
1.0,0.0913321824801411,0.5352857,0.08192884075736973
1.0,0.13961586298207193,0.97998583,0.08192884075736973
0.0,1.2433332835593485,0.021113122,0.08192884075736973
1.0,0.5503188648286881,0.11560807,0.08192884075736973
0.0,0.3077327381475717,0.013424944,0.08192884075736973
1.0,0.025911524494224448,0.7276031,-0.08389545248752645
0.0,0.49345173335043496,0.58531827,-0.08389545248752645
1.0,0.23966259822177843,0.555306,-0.08389545248752645
1.0,0.10702084947240433,0.9828845,-0.08389545248752645
0.0,0.2021362395141248,0.35006508,-0.08389545248752645
1.0,0.3835241538518745,0.9576626,-0.08389545248752645
1.0,0.4868081055677978,0.6077323,-0.08389545248752645
1.0,0.852853248827599,0.74473333,-0.08389545248752645
1.0,0.05131784676521016,0.9367754,-0.08389545248752645
1.0,0.10367199712057003,0.7143718,-0.08389545248752645
1.0,0.18256607290697927,0.9907539,-0.08389545248752645
1.0,0.10781342917389343,0.9936241,-0.08389545248752645
1.0,0.07114445000341824,0.84125036,-0.08389545248752645
1.0,0.029860956882686168,0.99786335,-0.08389545248752645
1.0,0.05487151454015628,0.70736414,0.009107219535338662
1.0,0.7056192907132336,0.9216386,0.009107219535338662
1.0,0.042316489019405865,0.46393073,0.009107219535338662
1.0,0.24716168831245916,0.9566928,0.009107219535338662
1.0,0.41706814459067704,0.92299867,0.009107219535338662
0.0,0.4053393799190097,0.006667614,0.009107219535338662
1.0,0.8145004543029362,0.8567596,0.009107219535338662
0.0,1.184525401039932,0.94777024,0.009107219535338662
0.0,0.20375901203359637,0.015718302,0.009107219535338662
0.0,0.0592952991121251,0.9547702,0.009107219535338662
1.0,0.20850760823239517,0.91551477,0.009107219535338662
0.0,1.5445760328834535,0.42307222,0.009107219535338662
1.0,0.12117580243862364,0.8407007,0.009107219535338662
1.0,0.35915632095976585,0.06930931,0.009107219535338662
1.0,0.04683134125922506,0.72050554,-0.06222016814422798
1.0,0.6462447293408826,0.99054223,-0.06222016814422798
1.0,1.384077553658761,0.6897734,-0.06222016814422798
1.0,0.05862218784766462,0.9579213,-0.06222016814422798
1.0,0.07386807982649932,0.9979032,-0.06222016814422798
1.0,0.3991311300251503,0.97023934,-0.06222016814422798
1.0,0.1368753747163863,0.3995264,-0.06222016814422798
1.0,0.5966096250445427,0.8645641,-0.06222016814422798
1.0,0.0027002211232682203,0.9738055,-0.06222016814422798
0.0,0.07883213746820211,0.4240939,-0.06222016814422798
1.0,0.01816129750563675,0.98298717,-0.06222016814422798
1.0,0.15886428648600548,0.99338984,-0.06222016814422798
1.0,0.7764185072560233,0.19814833,-0.06222016814422798
1.0,0.015755069036977876,0.99789965,-0.06222016814422798
0.0,0.03629315236652298,0.6642761,0.00042948990047442237
0.0,0.5707803634939554,0.085796215,0.00042948990047442237
1.0,0.5660758280354169,0.48903173,0.00042948990047442237
1.0,0.06046832556806731,0.9250892,0.00042948990047442237
0.0,0.11021555125286356,0.15022185,0.00042948990047442237
1.0,0.7866194105361654,0.76635826,0.00042948990047442237
1.0,0.5189051221362824,0.20321548,0.00042948990047442237
0.0,0.6226368770545274,0.070673116,0.00042948990047442237
0.0,0.24383375563159204,0.015204635,0.00042948990047442237
1.0,0.0241114897124089,0.7745603,0.00042948990047442237
1.0,0.24086859957838072,0.9707356,0.00042948990047442237
1.0,0.008151111988849649,0.99152094,0.00042948990047442237
1.0,0.6588781810521066,0.12637459,0.00042948990047442237
1.0,0.044886328362828444,0.9983851,0.00042948990047442237
1.0,0.004418349810245861,0.4615922,-0.031869301329492894
1.0,0.02757000461761859,0.99285334,-0.031869301329492894
0.0,0.7354573654853411,0.3795997,-0.031869301329492894
1.0,0.11246375242502717,0.92450184,-0.031869301329492894
1.0,0.0506442700333687,0.9977253,-0.031869301329492894
1.0,0.7262568780714372,0.46254438,-0.031869301329492894
1.0,0.06983741054931994,0.6048392,-0.031869301329492894
0.0,0.3298622345280226,0.11833327,-0.031869301329492894
1.0,0.09740573382561091,0.9414736,-0.031869301329492894
1.0,0.052478708823142144,0.46605647,-0.031869301329492894
1.0,0.1196681279066666,0.97990704,-0.031869301329492894
0.0,1.3083551799733053,0.032408904,-0.031869301329492894
1.0,0.11211238083828225,0.85390455,-0.031869301329492894
1.0,0.08670705926958917,0.997943,-0.031869301329492894
1.0,0.04197920075473739,0.7253739,-0.015023588149657152
1.0,0.32967724415015287,0.12204506,-0.015023588149657152
1.0,0.2647757746416547,0.61534405,-0.015023588149657152
1.0,0.05128890262216296,0.9669002,-0.015023588149657152
0.0,0.028325898190358603,0.12440209,-0.015023588149657152
1.0,0.40941676234437974,0.93359244,-0.015023588149657152
1.0,0.07179478656667378,0.3117589,-0.015023588149657152
1.0,0.8183118003165715,0.8230633,-0.015023588149657152
1.0,0.037024637605402755,0.95631033,-0.015023588149657152
0.0,0.14862677167463184,0.14978464,-0.015023588149657152
0.0,0.9872439580961224,0.06736141,-0.015023588149657152
1.0,0.12236178100290247,0.99497235,-0.015023588149657152
0.0,0.6778531639751161,0.12882343,-0.015023588149657152
0.0,0.24671275314217544,0.013034672,-0.015023588149657152
1.0,0.21056005375907433,0.5496724,-0.07359796607835428
1.0,0.290711574685228,0.99199545,-0.07359796607835428
1.0,0.2779805427743179,0.7424197,-0.07359796607835428
1.0,0.09500132139471563,0.94850105,-0.07359796607835428
1.0,0.10432506726013326,0.9984158,-0.07359796607835428
1.0,0.3825198663958828,0.92657584,-0.07359796607835428
1.0,0.03064939711413543,0.5804381,-0.07359796607835428
0.0,1.201698103643835,0.54326856,-0.07359796607835428
1.0,0.019615424280813507,0.9522412,-0.07359796607835428
0.0,0.057201677197171674,0.24907297,-0.07359796607835428
1.0,0.1758854520483618,0.9774024,-0.07359796607835428
1.0,0.008306699078720088,0.99290377,-0.07359796607835428
1.0,0.03371105001532129,0.8745538,-0.07359796607835428
1.0,0.008767287696551454,0.99855417,-0.07359796607835428
1.0,0.15786737057497113,0.694945,-0.09215450079452103
1.0,0.5252324733798025,0.98643607,-0.09215450079452103
1.0,0.5780671349649936,0.5214581,-0.09215450079452103
0.0,0.024114014548442857,0.3652036,-0.09215450079452103
1.0,0.07532859719605141,0.99819726,-0.09215450079452103
1.0,0.3948917083851218,0.9931781,-0.09215450079452103
1.0,0.4911219842874964,0.80555433,-0.09215450079452103
1.0,0.8377902532936288,0.9863729,-0.09215450079452103
1.0,0.011737793092029335,0.9778831,-0.09215450079452103
1.0,0.02629114120632462,0.9908064,-0.09215450079452103
1.0,0.13673895291429303,0.91786927,-0.09215450079452103
1.0,0.040157689094733946,0.97788644,-0.09215450079452103
1.0,0.15167200667435604,0.776591,-0.09215450079452103
1.0,0.015150419705840055,0.9972517,-0.09215450079452103
1.0,0.031910633148428125,0.6486348,0.005978346284049807
1.0,0.9041260234543743,0.5952329,0.005978346284049807
1.0,0.256228219854563,0.54948187,0.005978346284049807
0.0,0.015035711094632514,0.11770141,0.005978346284049807
1.0,0.32295266720466115,0.69733626,0.005978346284049807
1.0,0.14140071475046848,0.98909086,0.005978346284049807
1.0,0.49434153307830747,0.6387789,0.005978346284049807
1.0,1.1248678885127719,0.83132416,0.005978346284049807
1.0,0.026285232919859236,0.93834835,0.005978346284049807
0.0,0.05642448310951326,0.027969932,0.005978346284049807
1.0,0.1488070615505537,0.9795808,0.005978346284049807
1.0,0.0014462770975735163,0.990768,0.005978346284049807
1.0,0.6007158096538564,0.42211685,0.005978346284049807
1.0,0.021705137892396285,0.9972632,0.005978346284049807
1.0,0.06728505404254136,0.7131597,-0.05348351781820154
0.0,0.041148801074932864,0.41992685,-0.05348351781820154
0.0,0.788917922982166,0.3681552,-0.05348351781820154
1.0,0.010047152477519097,0.93842274,-0.05348351781820154
1.0,0.011085954237994246,0.99641514,-0.05348351781820154
1.0,0.27988365520218367,0.85170615,-0.05348351781820154
1.0,0.6280402041778836,0.5603542,-0.05348351781820154
1.0,0.7058832224469589,0.8185033,-0.05348351781820154
0.0,0.19557440082211092,0.31914955,-0.05348351781820154
1.0,0.0768879763931539,0.28494653,-0.05348351781820154
1.0,0.17195065567834314,0.9801363,-0.05348351781820154
1.0,0.01595152332327828,0.99203813,-0.05348351781820154
0.0,0.6988126407302316,0.26076424,-0.05348351781820154
1.0,0.033090658703146716,0.99806124,-0.05348351781820154
1.0,0.03995626570906814,0.71098626,0.01729102968962537
0.0,0.10078529955218869,0.3241558,0.01729102968962537
1.0,0.05047315301896708,0.6323206,0.01729102968962537
1.0,0.212337151431475,0.9247245,0.01729102968962537
0.0,0.13904329903951138,0.01044453,0.01729102968962537
1.0,0.17569860337187163,0.9963033,0.01729102968962537
1.0,0.03001225093218335,0.61030173,0.01729102968962537
1.0,0.6305294538378322,0.9835511,0.01729102968962537
1.0,0.09212220319778469,0.9708127,0.01729102968962537
1.0,0.03824996864304156,0.9939772,0.01729102968962537
0.0,4.13466468068716,0.07080263,0.01729102968962537
1.0,0.6308856533402278,0.985174,0.01729102968962537
1.0,0.5366136660755157,0.6536041,0.01729102968962537
0.0,0.10616486874265937,0.012824189,0.01729102968962537
1.0,0.013079586529585857,0.69029194,0.028298353813313026
1.0,0.01983115139842753,0.6799512,0.028298353813313026
1.0,0.33446728648668594,0.18766189,0.028298353813313026
1.0,0.030630875636468848,0.907577,0.028298353813313026
0.0,0.3389989959598747,0.012435633,0.028298353813313026
0.0,0.3018696329481151,0.114460826,0.028298353813313026
1.0,0.22075147365996034,0.62772995,0.028298353813313026
0.0,1.0492394375810878,0.39692044,0.028298353813313026
0.0,0.0894908165162563,0.021212999,0.028298353813313026
1.0,0.09140155728285398,0.6342177,0.028298353813313026
1.0,0.21215495004831417,0.98796684,0.028298353813313026
0.0,0.1984579510228318,0.014173364,0.028298353813313026
1.0,0.03199770238430276,0.86999065,0.028298353813313026
1.0,0.02761853087996983,0.998247,0.028298353813313026
